1.738430414929663659e-01,-2.465427678261542965e+00,1.414383229885383342e+00,-2.811467276088031042e-01,1.593567735990254253e+00
4.559086620149918057e-01,1.624423174907451140e-01,1.220288953516478925e+00,1.303586833847491633e+00,-1.129956063190963089e+00
9.103364621928803357e-01,-7.069451179156106546e-01,-3.195403654505115099e-01,2.033563497867049819e+00,7.017851577116296369e-01
2.383070179003583089e+00,-4.703750115020307043e-01,-1.983379250077956568e+00,1.005958890138827888e+00,1.244243314647091925e+00
1.357168572650450988e+00,1.507033672206421260e+00,1.060340017362766396e+00,-9.272871988534221455e-01,1.879921599472829108e+00
1.577838780258512097e+00,-3.392671085501811623e-01,-1.532960834421017271e+00,1.132709714840048232e+00,9.816603952947325906e-01
1.536070403379293792e+00,-7.934036797775225747e-01,9.695002281375093567e-01,-4.024532991412103300e+00,1.020996373123365775e+00
7.455603246308505350e-01,1.413791387298998670e+00,-2.397986652093115900e+00,-6.023438656178007333e-01,-3.869271205576694239e-01
1.485882608694729101e-01,-4.681361737203232898e-01,3.669946033763693549e-02,-4.224069622488985098e-01,-8.496208462536547490e-02
-8.909527646187203054e-01,5.099570749128493619e-01,-3.087209052913277407e+00,7.847732178963819916e-01,8.899224290697439477e-01
-1.615171580301129728e+00,3.758422165502649515e-01,-8.854256368840809355e-01,1.604844536697608737e+00,2.954949982454239121e-01
3.266459379701059929e-01,9.576726071739714019e-01,-1.166118225063811131e+00,9.881501545239538276e-01,1.183038609517362838e-01
-5.767809917213906346e-01,4.319668192859713041e-02,-3.380968224540404687e+00,2.599236147126646745e-01,1.836096748094870001e+00
1.488998245067239434e+00,-1.996515902929223152e-02,-2.257194388868895452e+00,1.472744862194695914e+00,1.474058074017239317e+00
6.094092663461153636e-01,-6.855400803589520864e-01,6.325705407178161543e-01,4.862973117734681328e-01,8.843797639095470897e-01
3.446692589737989643e+00,-9.842823816260339864e-01,-1.060654770476756825e+00,8.177200051938695591e-01,1.551739866423544001e+00
1.235271031929838559e+00,-9.592710186328232691e-01,2.443257020301812688e+00,-9.132826104173430437e-02,7.804418686513264758e-01
-1.874341201451878436e-01,2.610518111419951048e-01,-1.715092614896258638e-01,5.462490502992504160e-01,1.908746242417457051e+00
1.117540212488110640e-03,-1.232165955509648470e+00,4.491585082737621359e-01,-1.166497369932745443e+00,-1.328165028179981721e-01
1.179631429553492872e+00,2.708764508944243032e-01,1.520556339072122842e+00,-1.283748499122575382e+00,-7.319919140319001150e-01
8.188777980056242134e-01,8.018726857928698895e-03,-1.915948794852062376e+00,1.509006307208550002e+00,1.856982935849263994e+00
-8.643506952066561944e-01,-4.936307358597207817e-01,-2.115370501379522317e+00,2.040511528311923506e+00,1.051996137682944754e+00
9.163600200879528090e-01,-4.658569610859866761e-01,7.968293513061180944e-02,6.206281297966830257e-01,7.344439265205955358e-01
2.439789258463801236e+00,-1.622726586798872495e+00,-1.619611581939564227e+00,1.032397029109608289e+00,2.247287128154978220e+00
-9.060213964109768980e-01,1.482005880914165075e-01,-7.945262774664488825e-01,-9.941662469710521588e-01,-8.659357432323155912e-03
-3.695261662901325739e-01,-1.198851745158650672e+00,-3.572013099668492231e+00,1.191784088813113041e+00,2.578348003167938884e+00
-8.213188967201097146e-01,1.197115045068972261e+00,-1.156092293556397976e+00,1.432162657490793300e+00,4.893776934228411535e-01
1.544717556449441087e+00,1.864090392436813959e+00,-1.350560657438513168e-01,-1.180649727615524558e+00,1.595767854135455188e+00
2.985994650745546153e+00,3.933767271169047453e-01,1.812716134586708217e+00,9.674474478445220793e-01,-5.681817621828594289e-01
1.917427158680473642e+00,4.195625695755211271e-01,3.374342350100821175e+00,-1.731352971962050180e-01,-7.981244156688698244e-01
-2.009842586208631765e+00,1.074876063369538448e+00,-3.569216376501009869e+00,1.633819686119191150e+00,8.856872448156624111e-01
1.408797434112917024e+00,1.297837419588172558e-01,-1.541224899050038566e+00,2.986094245127100422e+00,2.128389756422926382e+00
4.640386051335421147e-02,1.710692566513534629e+00,-3.193952685912586076e-01,2.663564163711930721e+00,2.009652499192470021e+00
-4.915868686513320540e-01,-1.310252608596480239e-01,-4.411910487126003977e-01,-1.133794515182413143e+00,5.073009874586403845e-01
-1.597442056176707315e+00,1.480996572653414667e+00,-3.091871577549088812e+00,2.048358766784274199e+00,6.009366635268558188e-01
1.097959791527411744e+00,5.518096608423738170e-01,2.064362698708321009e+00,1.410244023554344528e-01,-6.941417026789828970e-01
1.339889392284802083e-01,-6.978116891726410254e-01,2.405950104894450270e+00,-1.432486636704282112e+00,5.090528889765891796e-01
1.479291170213120843e+00,-2.836224054629967184e-01,5.294426732523378476e-01,-2.001614515803166849e+00,4.125315623531886633e-01
2.300912873400854597e+00,-1.401115449529801715e+00,-3.649801579946505559e-01,1.797267107162454858e+00,1.329493012305536404e+00
2.412817003144961614e+00,-9.330163174415313787e-02,2.326716920474823258e+00,7.918609300251231442e-01,-6.475667842889181181e-01
4.175596333210978006e-01,4.086351985045101332e-01,2.865957986134596958e+00,-1.031534283525275653e+00,-8.829556840907523130e-01
6.259519086101474894e-01,-1.275207567241673501e-01,-1.933114616509666428e+00,2.441849299411309016e+00,1.425813207808373839e+00
1.719245238675405574e+00,-5.046369709962420513e-01,-2.322678901742286861e+00,1.379123532174743927e+00,1.617873093110948179e+00
-8.571887700426226164e-01,1.814993611637816029e+00,-1.106119928098023841e+00,1.100959879582649625e+00,9.341170331730207499e-01
-3.031688714296620901e+00,9.508864404420526162e-01,-3.843781727634646650e+00,-8.261838285383222846e-01,1.067019752426178858e+00
-2.373553295573485600e-01,3.693272703005719970e-01,-1.031673633611100538e+00,-2.649896523032693185e-01,1.648759336748478743e+00
-8.577526555187481305e-01,-9.507978844394124884e-01,2.371968158545345151e+00,-3.002923964641894372e+00,3.295608980762049223e-01
1.058797494475825607e+00,-3.131442871813721052e-01,1.931354393618072152e-01,6.002147204467750408e-02,4.083953265153939527e-01
6.265977436761727137e-02,5.103151192105760403e-01,-3.108824881436850207e-01,2.558235824794776736e+00,1.941337341160080943e-01
-7.333386295844401825e-01,1.942987573159385972e+00,-2.378178833508508117e+00,4.713915729976339009e-01,1.849293750031451022e-01
-1.886267622667291699e-01,3.873458877378269660e-01,-3.688222583199946669e+00,7.928824958756328645e-01,5.315749295500308280e-01
2.252198090879259595e+00,2.435853600685778109e-01,4.611213775562071904e-01,-6.682484904535982428e-01,-2.535333689007031044e-01
1.358849274917145689e+00,1.168986113402308513e+00,1.636853597641015345e-01,6.499871207084748637e-01,2.177335883210168799e+00
1.667327207127365041e+00,8.793009336128430053e-01,-5.398158210791325073e-01,-1.554555710545059810e+00,2.180339117757545964e+00
-5.040409288212797101e-01,1.509770062959800097e+00,-2.993077527811724092e+00,1.495442653189597237e+00,3.059015491495453709e-03
2.605901103310557687e+00,-4.878212520411803754e-01,3.865701690151417402e-01,-2.018896380271514968e+00,3.652158121983283268e-01
-1.078109786168381046e+00,1.067511587202081502e+00,-2.935366801494880828e-01,2.525830198335420995e+00,1.142492226150946255e-01
1.784723281472681000e-01,1.001326307861654330e+00,-2.403245764712326427e+00,2.145998385605432546e+00,-5.973093577149701794e-03
-5.686962250420357634e-01,1.464150360550764196e+00,-2.987056123367752836e-01,-1.179165425083952057e+00,1.239630661410826784e+00
3.719389681372848866e-01,5.309595737089723988e-01,-6.796647579974451903e-02,-4.075332064397400034e-01,-2.310999378114552139e-01
3.851535403994260642e-01,5.081937309314619178e-01,-2.507797374078073460e-01,9.227671583045798931e-01,1.462992122840715670e+00
5.950634486820105540e-01,1.585274033939527927e+00,2.368302757464630925e-01,-3.844983235336537630e-01,8.338939366764089867e-01
-4.214436466966474670e-01,2.535170950807291934e+00,-1.365280736906245185e+00,5.155894623962655743e-01,1.599267796907141714e-01
3.022147335804169721e+00,-1.657455392743844458e+00,-1.011896130030469076e-01,4.808263764907390048e-01,1.750777879250618563e+00
1.777008095467276894e+00,-6.081492460038521175e-01,-1.020293935502335048e+00,3.438985766667945754e-02,1.227717777337971494e+00
1.149256293544965057e+00,2.131001044747549589e+00,-1.649803725363868656e-01,2.231848032567851803e+00,1.908274638059606065e+00
8.686998004501964576e-01,-7.530991308146093299e-01,1.967930616973069036e+00,1.577898904965389537e+00,4.940217409702964413e-01
1.349592318916285949e+00,-2.505019184954926370e-02,-4.989042218440944421e-01,1.056530692341851596e+00,1.588516300366504819e-02
4.794959304067273331e-01,-5.562444416489643606e-01,-2.412706160648384057e-02,1.125103175603941130e+00,8.076320475227438678e-01
1.964911618271679039e+00,-4.944528958157975440e-01,-1.218857667694167146e+00,2.348203561044376109e+00,1.171566706523356372e+00
-5.593530346487807225e-01,-7.244058920205422858e-01,-1.295833845854540201e+00,-7.286390799392967743e-01,1.355610122893272429e+00
1.254202058583476220e-01,-1.478377829077074601e+00,1.626180141387628009e+00,-3.179098327162032334e+00,6.993610374017540376e-01
-1.104803519532388645e+00,4.355091442501359822e-01,-2.489719406177608008e+00,-2.237466501079550807e-01,1.644799387005750457e+00
3.044325170276639625e+00,-8.853858369622146229e-01,-1.903069712008473635e+00,2.751494153788004660e+00,1.495924268018842040e+00
1.868011950584016478e+00,6.143122294851017795e-01,2.009707809841438042e+00,-1.093900952244872826e+00,-9.174916424711362373e-01
6.005609459428813413e-01,-2.387681543081014990e+00,-1.803261566518458370e+00,4.317362184022157656e-01,-1.532380212056871915e-01
-2.369072110616269100e+00,1.868049566234565084e+00,-1.885481470744611920e+00,-1.284796344987100714e+00,-5.406434590973197007e-01
-5.627549026921372377e-01,5.144302261297116763e-01,-3.613219505092527317e+00,1.152742721516835545e+00,1.106430795515329635e+00
-5.104228939578947521e-01,-3.843038949986607444e-02,-4.512438557135123318e+00,-2.058235572149518688e+00,1.219252566164185758e+00
1.506488602070897187e+00,-6.027968546353962287e-01,3.719831525571415387e-02,1.395113951609164626e+00,5.275145123155691174e-01
1.656548669749225544e+00,1.628042752900975110e+00,6.988724147176730295e-01,-2.351148023746145732e-01,2.422058855167598335e+00
7.116705487840888633e-01,1.014704940619209017e+00,-2.827008524643839671e+00,1.347167481342289364e+00,1.067382955811052803e+00
-2.754118209478041202e+00,1.295032467816644051e+00,-1.097414893767333144e+00,7.753182125816984183e-01,3.424734266780824488e-01
-4.992615038217362300e-01,3.699507126990978639e-02,-1.682045325716776007e+00,-2.948493055605745372e-01,1.286820548516999008e+00
5.101450999740895220e-01,-9.285522665399804643e-01,3.152373983942101887e+00,1.084468946330198413e+00,6.984911943681442192e-01
1.421941301018677883e+00,-5.586183149960330940e-01,1.989152250868452043e+00,-1.004921753437575838e+00,3.509202628008947777e-01
1.125621513037073029e+00,1.081907143276218619e+00,7.485531661437253015e-02,1.364795411533304748e+00,1.934505261153707467e+00
8.634117002463506663e-02,4.199636673894385774e-02,-1.137009420333997989e+00,1.344925761527025587e+00,1.005420697514940009e+00
-5.056632098290054778e-01,1.060312193869571706e-01,-2.231388855182824482e+00,1.965664507733809963e+00,8.996848803458157295e-01
1.364920244878726097e+00,3.454773042909273784e-01,-1.024860430460222682e+00,9.458700951028071735e-01,7.653024382182985752e-01
-2.142934723165477173e+00,3.433183945630669531e-01,-9.299649337440802910e-01,2.969876766494130571e-01,8.355542331006239332e-01
9.346785902838875559e-01,-5.657683352054108938e-02,5.153471305865923169e-01,1.663310036613855125e+00,5.070116968175131245e-01
1.080714641922642993e+00,-6.899248894592777681e-01,-1.620047038869950384e+00,2.536513264434451242e-01,1.672391928247757065e+00
8.023056030855552079e-01,-1.192342021664050122e+00,3.127762134088285517e-01,-4.973884607076541897e-01,3.513069641108182983e-01
1.724581942693407255e-01,1.527696696394997611e+00,-4.652646376508544623e-01,9.548263710992305198e-01,9.714196428795744964e-01
3.000909742000566816e+00,2.695271188033119755e-02,1.882884764722740689e+00,2.742522626681494824e+00,-2.307196933409431105e-01
3.463959193566323869e-02,1.562235801742143937e-01,1.904672181965501920e+00,-1.628432060300126993e+00,-3.137416662551728574e-01
-3.983006729607969643e-01,-1.155970104745444926e+00,2.914728822368368721e+00,1.146990371800715725e+00,9.487700501538945952e-01
-9.786170530409492585e-01,5.468315482687361451e-01,-2.424142128402884122e+00,-1.111335789666895169e+00,1.017443899566380594e+00
-5.269544651787683165e-01,-5.016065916398021463e-01,1.241761389404573368e+00,-2.000591520965687486e+00,-1.068987109698038118e+00
-1.641052978019858166e+00,2.374567568906975068e-01,-2.921050617915487813e+00,9.964001559978631350e-01,1.320614225817451803e+00
1.415727034194445677e+00,-5.941888397646999387e-01,4.609753838932422187e-01,-1.661432720889679082e+00,4.791420619810236037e-01
-2.429779515405262380e+00,1.594218578934281760e+00,-4.177429263603408494e+00,1.422662600869095684e-01,1.729606367823471880e-01
5.630709821066387510e-01,-3.959927364098266706e-02,-3.338809323208271618e+00,4.514818039228001290e-01,1.255617045081694361e+00
1.662511277178936098e+00,-9.194162305227009113e-02,-3.586266834894414224e+00,1.666439139418671278e+00,1.268681866757288557e+00
-3.967140311553751797e-01,-7.052604961133268624e-01,2.132621939106217890e-01,2.691388972882535202e-01,-9.907793885088579389e-01
-5.016690609652013633e-01,-4.403913936075825042e-01,2.935876350955435310e-01,-1.263086620758506529e+00,-1.250979147264952740e+00
2.111207835586678960e-01,1.614624346869949489e+00,1.789636741287045751e+00,-2.074687256487634190e+00,1.556440872223121552e+00
9.816107948939560846e-01,-2.513148941842745510e-01,-4.408846601679683452e-01,-1.378443879890454804e+00,2.081926864542696709e+00
-1.503037243229593978e+00,-4.904627401521434449e-02,-1.615853169512559973e-02,1.310971239675712274e+00,6.948545324201467199e-01
1.179405060612756628e+00,-2.632729979014016286e-01,-1.777912845310635426e+00,-1.063140187774175294e-01,1.295599698094412000e+00
-3.180266618550433022e-01,1.194128848874203841e-01,-2.967390058897792393e+00,1.300867483903300315e+00,1.784642556666709678e+00
-1.892515404501374121e+00,6.251950402692136866e-01,-2.462348401257557828e+00,2.255513672928986413e+00,1.109593792407021606e+00
-2.892637085364101246e+00,5.820030882330369248e-01,-1.676167325405851116e+00,2.091142143574009626e-01,4.524707207666938125e-01
9.773995698977182567e-01,8.784519513520643308e-01,1.968084781060313926e+00,-1.319226535966696590e+00,-8.817717670081237635e-01
-9.329711213149054494e-01,3.419859163222532805e-01,-1.659254270133070808e+00,2.238668816473914358e+00,5.246607011581504443e-01
-1.086700764172420008e+00,-1.444041071508243568e-01,7.040239070254301623e-01,-1.148224294959944825e+00,-1.392707295219099528e+00
-1.840141538658044418e-01,-1.709401719770215378e+00,-1.864696012677850012e-01,2.656614538227570321e+00,-2.218594953788863844e-01
-1.741571999789018887e-01,1.028602105973230429e+00,-1.022450321055592637e+00,-2.670971716059602485e+00,1.295259163043165351e+00
7.016915281807856175e-02,1.370391853883075273e+00,-2.580373491286937493e-01,1.518393360603724762e-01,1.309421909880680968e+00
3.728964467912048164e-01,4.100495457840573899e-01,-1.485766119966631660e+00,3.636899730028511080e-01,2.148439660030819098e+00
1.221944190607655578e+00,-3.066037612134756007e-01,-2.625597378514616054e+00,3.064373441960810407e+00,1.022533828516771548e+00
1.410042480627479167e+00,-4.217283054813487086e-01,-1.971762777840155412e+00,2.954785100091256167e-01,1.855512004336279386e+00
-2.846270906648220134e+00,-1.145132990926287508e+00,1.852296532969134102e+00,-2.680463446546580641e+00,-2.961456808152500564e-01
-9.821659288355514272e-01,-5.427989378862803083e-01,2.333510980038373539e+00,4.449799970041982133e-01,-7.136230691058926823e-01
1.622579765592984558e+00,-1.510509268994108423e+00,8.151351702524877174e-01,-1.031254607100966503e+00,1.145188306780922760e+00
1.121161831740343118e+00,-8.116447387079104292e-01,1.427737046014920130e+00,-1.583807094259614967e-02,4.935449726583135965e-01
-2.276353529182303659e-01,4.671984915426224266e-02,-4.783736224962344075e+00,1.312986739943937220e+00,1.247792130224655072e+00
2.088463181130970625e+00,-1.607203282130332145e+00,1.267111692416577284e+00,-2.269509264513063673e+00,1.414780030360411445e+00
2.125221865319951497e+00,-4.158288990486950776e-01,2.833646546419907875e+00,-3.913210341243420487e-01,-9.511145229168160853e-02
-1.017950388357677927e+00,-1.208065957495466636e+00,3.564879797642693582e+00,-6.319333440094554444e-01,5.259147978691462999e-01
2.518087207966504870e+00,-6.640994299550623259e-01,-2.629734433464448351e+00,-1.748641303164838012e+00,2.030882691598051792e+00
3.455836509032730319e+00,-5.650213289389277582e-01,-1.946412692968249258e+00,1.069723551069739764e-01,1.989213994989878387e+00
1.966710647640584231e+00,-1.671937220026088244e+00,2.449440310655844666e+00,-2.148183891662132972e+00,9.363680017251388987e-01
-9.975107200640808136e-01,-7.984425242724978444e-01,1.249408202874355833e+00,-6.358563787236083398e-01,-1.875567262316401029e-01
3.369578810923162138e+00,-5.400929576546830146e-01,-2.890996563681360598e+00,4.190776355824553656e-01,1.181127359903888507e+00
1.285225959414576735e+00,6.199300387114617950e-01,-1.406408983091769649e+00,2.389706426649437887e+00,-1.998452884532320173e-02
-3.467253323753134442e-01,2.073624472664728491e-01,-3.692203954120639509e+00,1.101888571629568991e+00,7.460390297098049572e-01
-1.577502092845306292e+00,2.148187787991606701e-01,-8.990636958959321579e-01,-5.287512808648916485e-01,1.138771374704823147e+00
-1.310261735491441648e+00,-6.686151423194149901e-01,-8.204605111963629849e-01,2.402313992758782213e+00,3.059529169621701072e+00
1.372634452716668729e+00,1.238806157435081934e+00,2.750843310698265487e-01,-7.955877460634783183e-02,1.471255829895380174e+00
1.673574226641533214e+00,-1.210982589135530529e-01,-2.516957630971723869e+00,8.069206161875166483e-01,1.230440860729975050e+00
1.549200515382135990e+00,-1.536152623193873523e-01,2.390120916876032009e+00,-1.357270126887986095e+00,-2.960768722792380681e-01
1.443879566493905919e+00,8.800029103496908034e-01,-2.431410368830813518e+00,1.135540297367576779e+00,4.987187349739985454e-02
1.577765754328651848e+00,6.137514054963641996e-01,-8.816965447798970068e-01,-8.692612395588599217e-01,2.860243896682724829e-01
9.074552204938780564e-01,1.041165383635475505e+00,-5.761478697421107409e-03,-4.808867028177779002e-01,1.945620921498470324e+00
2.629973016496204075e+00,6.593701536458578261e-01,1.412714775311621818e+00,9.372471907868491492e-01,-1.006818233986062072e+00
1.426423798927489717e+00,-2.701379270264588683e+00,1.189368514801376620e+00,1.031557474644593242e-01,1.563927339043674536e+00
-4.178519289304059026e-01,-3.328872216802982731e-01,1.699051922698558093e+00,-7.760875556866330127e-01,-2.826187929970661594e-01
1.362824652635911682e-01,-1.080044433993723185e+00,5.696062402480536191e-01,1.073911608284933816e+00,5.988068550158263115e-01
1.207456604464158811e+00,1.076757008910366631e+00,-1.235283306099521639e-01,-1.379685820957634146e+00,2.240493990076975805e+00
6.714238102984113610e-01,-2.533821636326457072e-01,-1.599866578797526362e+00,1.569706556283071874e+00,1.404839866238122514e+00
7.966479128832333334e-01,4.263083967520812645e-01,-7.972609486805835033e-01,4.091764524633557443e+00,4.550758397075871375e-01
4.418276670559919683e-01,-6.457465738818600753e-01,-2.756330310127375505e+00,3.924816562058320635e+00,1.438596046721964505e+00
-1.293902428247168057e+00,2.558518268842726040e-01,-3.041943613003797342e+00,1.849814968554058359e+00,9.748459663367592398e-01
1.306230281991498376e+00,-4.012414364417468127e-01,-7.372117024029307686e-01,2.486053874331838998e+00,1.561691158847561267e-01
4.256867777104404449e-01,-2.614986316717504700e-01,-2.098345536542514100e+00,2.182804432005745476e-01,6.564478446857279215e-01
1.156498541619354281e+00,3.341739323835563602e-01,-2.046802964519194301e+00,-6.135396135426178787e-01,3.323866967477736578e-01
-8.361168648653188873e-01,-1.275932226205820641e-01,-4.855386754178163122e-01,-2.560934498974836160e-01,4.853893951417451724e-01
6.503623509543251524e-01,9.174667188360147163e-01,-8.276312205857271342e-01,1.659706643598105158e+00,-1.347398732780502595e-01
-5.181455286456407849e-01,-2.039544133967178541e-01,-5.687096329011298579e-02,-8.758597232794829157e-01,1.826450059677290350e-01
-1.471512847712156624e+00,1.541184535549328327e+00,-1.997827114997408726e+00,5.791618416505820433e-01,2.041036986141898657e-01
1.666465972132114448e+00,-8.195651109156439906e-01,-2.404554738354693910e-01,-4.271903028143048786e+00,1.309782358279115044e+00
1.181413240599313186e+00,6.624569313841227602e-01,-5.339189757310103257e-01,-1.669401447192051524e-01,2.310771790314769536e-02
3.116535001522898973e+00,-1.534725704587227568e+00,-1.546155587722348290e+00,1.319456051866614743e+00,1.515694181893551207e+00
-1.976339641748197984e+00,7.043370521516494343e-01,-4.609527796032014679e-01,1.425699983604844956e+00,1.519216438687960968e+00
2.407139366609941877e+00,1.021365592750202028e-01,-1.063787395823401205e+00,4.094612664578797245e-01,7.732405669573857443e-01
8.460130209089961051e-01,-6.643806445773562386e-01,6.908170169955619722e-01,3.775811203106327341e-03,9.831650537785496802e-01
2.649512790421765018e+00,-1.405452539060863204e+00,-2.628709539179745480e+00,7.209400027221342100e-01,2.755674555854781715e+00
-5.811277334259441485e-01,1.454350113296349667e+00,-9.061788003404059877e-01,-7.895464764275439418e-01,2.170265442344218698e+00
-4.022064890311320418e-01,2.211708792469702090e+00,-1.904728662651705262e+00,1.578104998573528706e+00,-6.367482156535120286e-02
1.587330424070194645e-01,-1.638719301165744602e+00,2.881883216630798383e-03,2.493469575966432705e-01,-9.381353940832756200e-01
-4.340046586299856068e-01,-3.617441388287242487e-01,-1.220899023046552401e+00,-1.853962436046065143e+00,1.082752903579796255e+00
-1.707470575911433641e-01,-2.736758735504468687e-01,9.443917713359897270e-01,-1.376501279207044792e+00,-9.049319253087322323e-01
-7.465032802599735895e-02,1.759879715107159681e+00,-1.198166888387317108e+00,2.866069802508417474e+00,1.483450685059248597e+00
2.924201914585378148e-01,-1.555429094581365579e+00,9.617600527204398508e-01,2.207188269349126486e+00,-5.046676852709209848e-01
1.026246445231708826e+00,-8.484199049706471207e-01,-1.165979681249688982e+00,2.601836706298793489e-01,8.128942343981664376e-01
-1.281249966884991931e+00,7.226680011292941908e-01,-2.955365189889993971e+00,4.486292498188533262e-01,8.554889981706484958e-01
1.508174977398787586e+00,-7.590726492732631225e-01,2.484119176388637662e+00,5.380634050452259842e-01,6.884085635220152932e-01
4.184793009844950618e+00,-1.366533174130968975e+00,-1.743883429499157867e+00,9.151467767217313920e-01,1.899870565009355694e+00
1.564723920995083617e-01,-3.176463513140709849e-01,7.120898985932653247e-01,-5.701625071875003892e-01,1.207826943103250450e+00
2.233820415845044316e+00,-8.534989033724718066e-01,-9.906205936187120198e-01,2.578521960982761208e+00,1.582198059713187721e+00
1.818727152976912675e+00,-1.013123352547046885e+00,1.246569387882812130e-01,1.629996880419157579e+00,1.302314212870781862e+00
-3.236560393124512380e-01,-1.415628918358865729e+00,9.986213699614924222e-01,-2.244490395283147421e+00,-2.532524282441293018e-01
-7.203773863315772186e-01,1.729973860589148760e-01,1.165048544473417103e-01,-1.442817031319292287e+00,-3.255253781494915621e-02
-1.963504856918519614e+00,3.504608781769440462e-01,-2.579460930527109230e+00,1.427565699882360706e+00,7.170157732268227502e-01
1.669378497138865880e+00,-1.238982982594070581e+00,1.185256671344048218e+00,-1.512761644795951099e+00,6.946578611018573435e-01
8.512943456255862573e-01,-1.094432950370129998e+00,3.245724300681929186e-01,-2.579905118734139302e-01,1.003475215077735294e+00
8.739672027372265006e-01,-7.397061954325533373e-01,2.056683462710112487e+00,9.093367863745949187e-01,7.129656241138083717e-01
2.331593235867748248e+00,-1.991595371416451821e+00,-1.635138396305860331e+00,1.326962964339637896e+00,2.463157630448447932e+00
6.806673386722998931e-01,-7.762939961463196648e-01,-2.907403914563721159e+00,1.837739022425111113e+00,1.631829815513822890e+00
-1.277707692599985290e+00,1.830708319701678466e+00,-1.289016521247929870e-01,1.340543207024880612e+00,3.755602085549362146e-01
-5.825332980460140586e-01,1.011178660914215044e+00,-3.526436904906686820e+00,5.908291002225344313e-01,5.652324821387836318e-01
2.019887903351310632e-01,-9.484595418239929465e-01,-3.623538370190003022e+00,-3.669342103261361565e-01,2.670135388555527456e+00
-8.960237126103156591e-01,-1.151952350861678243e+00,1.099411097920163893e+00,-2.230220155699256690e+00,6.032014836609673747e-01
-1.483371714410211428e+00,-6.552378522570903030e-01,-3.108182270999833019e-01,3.001163859533445555e-01,-1.664389088267882233e+00
3.587097470661475551e-01,9.817512441363387410e-01,-1.388901878282359448e+00,1.164039212460436623e+00,1.667017955914245952e+00
1.966392497547711837e+00,3.903299662333784559e-01,1.488554633252185289e+00,-4.477516542118713527e-01,-5.566273242700625623e-02
-1.542252552699434343e-01,-9.471222591529701029e-01,2.054110576816793099e+00,-1.589899698736122691e+00,2.540493027526289360e-01
1.260807850107033889e+00,9.175446386778024488e-02,-2.333558646112796175e+00,-1.749938013921723101e+00,5.809953344936981123e-01
7.344985589615433685e-01,-6.143980771431758470e-01,1.673961418818722180e+00,-3.698266544358971508e+00,-2.525687964159983867e-01
-2.379694619904959119e+00,1.262415351043869371e+00,-8.380130769566560556e-01,1.054009248071134941e+00,-1.031606994961732138e+00
2.219708614783324485e+00,-2.449883281891443998e-01,5.112949378782323251e-01,-4.247176861238169954e-01,5.855273552198879683e-01
1.499668828977691160e+00,-1.070378991865486240e+00,-2.406914746608286748e+00,3.799873426108147934e-01,2.052848315720130046e+00
2.634820132065120113e+00,1.725222500269978365e+00,1.058753693181590183e+00,5.609951241684207890e-01,2.155250379930006233e+00
6.319352655452934453e-01,2.936529466811063083e-01,2.505973412222442409e+00,3.792921012187074337e-01,-6.278779127090092782e-01
4.959359683170156963e-01,-5.796127166049874768e-01,-3.532276716445450493e-01,7.650873127919588512e-02,1.797998209573833162e+00
1.612302354881254729e+00,-6.260613243921369087e-01,-5.810049292582246672e-01,2.336275071899071687e+00,1.089083417794092234e+00
-1.233208720580478701e+00,-1.225268345778989521e-01,2.124410793635638228e+00,-2.112071586936834944e+00,-6.203985499768459588e-01
2.192271172166465831e+00,1.662276253980548901e+00,-2.767588226717917488e-01,1.055429085811725454e+00,1.744240110125864884e+00
-1.827067572518666250e+00,2.719808036697600809e-02,-1.935636192662855359e+00,2.612079919055607213e+00,8.173058691155854483e-01
-1.421390327073326354e-01,-3.283838823491131986e-01,-3.112686555909037978e+00,6.544116556399204310e-01,1.387839397220020476e+00
1.383078427679404587e+00,2.939494021163518989e-01,7.013139503506613526e-01,-2.093220704754660044e+00,-2.414357826577480104e-01
-5.398742547829017413e-01,-6.421522248368951580e-01,4.404409861059447318e-01,1.434689660566203839e+00,4.563395808381612850e-01
2.773486558685952508e-01,1.900133037000116598e+00,-3.678914954123255199e-02,-3.333442137069306810e-01,1.172010155134516785e+00
-1.466693322350653528e+00,1.407465927284563545e+00,-2.178497402550791051e+00,1.650571657481838095e+00,9.648923645846312347e-01
-2.720009877948449617e+00,-1.101777191226373187e+00,-1.025521491338421409e-02,-5.440360793746952250e-01,-6.177771172075288142e-01
-1.382755128108793752e+00,1.692070659226690088e+00,-2.202247478508633449e+00,-5.072744952418806186e-01,7.928429500198141966e-02
2.512190706569294996e+00,-1.531756956904782307e-01,4.053129513370079540e-01,-5.148168617188308982e-01,2.068023359439786768e-01
-9.527302718971765172e-01,1.655353304357959132e+00,-9.487809089044259014e-01,8.153045641376397423e-01,6.455821260220787616e-01
2.979407610804700735e-01,8.070628674239566092e-01,-7.886151844069693162e-01,4.647202578369121762e-01,-7.293146830208717679e-01
-1.294288925348472841e+00,4.701750752049497217e-01,-3.904707451293196740e+00,1.028936410347813357e+00,8.998601578191893768e-01
5.003332691512114572e-01,5.848397817980859337e-01,-5.241493003732138334e-01,-1.135081600540576607e+00,1.249992870698078962e+00
-1.698461974527451623e+00,1.809575849922450130e+00,-2.019535251322818414e+00,2.166021627771068658e+00,-5.424756209946501873e-01
-1.265267907120837254e-01,1.563143802007365690e-01,-9.365418804303466960e-01,1.780353306090566079e+00,-1.306700994978291508e-01
-2.814367145695784167e-02,4.816774340208717087e-01,-1.435208029228494109e-01,1.156927254315106568e+00,2.082327463037509041e+00
1.223549882204522099e+00,-6.932022192267901506e-01,-2.580074912970697909e+00,3.890576603034874736e+00,2.525133871764174032e+00
-1.219791679322713041e+00,2.357999174191315606e-01,-2.244520531827363552e+00,2.915552106134590149e-01,1.166519104773171112e+00
1.567795255344019090e+00,-2.014548529384871944e+00,-2.387982520431462863e+00,2.609839067113373545e+00,2.957715484678735685e+00
-1.514621949924306987e+00,-1.106630013231862497e+00,9.519896948175042839e-01,2.691356271157630431e+00,-1.328775414748633588e-01
2.516369162756482147e+00,1.436770414410784236e+00,2.763867893770249884e-01,9.371138963594239923e-01,2.175993266981946839e+00
9.095916318770538300e-01,-5.790875107299742197e-01,3.697844544217137042e+00,-1.212123781982885173e+00,1.875454216225604376e-01
1.656627038342973535e+00,-6.142254051189763864e-01,5.848305482261235699e-01,-1.283042928442608144e+00,4.150401778250488172e-01
3.137850757387201650e-01,1.064894195541178090e-01,1.212314850076409822e+00,-3.498190874529078620e+00,-5.244292613412916415e-01
2.247024414278437909e+00,-7.132122946512233774e-01,-9.080275522994047943e-01,1.726250809469828118e+00,1.290267311991645238e+00
-1.844295936850661732e+00,-8.766254810932722075e-01,4.279315084298911387e+00,-1.538523967897414968e+00,-4.476157182946645108e-01
-5.447904957541964688e-01,2.993084375920102569e-01,-2.748652354137484100e-01,5.988535976392810323e-01,1.784831639571385242e+00
2.053194700917578608e+00,2.038219837008954372e+00,8.994535568739566722e-01,-4.862716989695877734e-01,1.645573087099629017e+00
-3.089829865047162727e+00,8.559413330997917013e-01,-1.094227440669552909e+00,1.021210304924058621e+00,5.562868824662413614e-01
6.526832483358773196e-01,-3.644012192744809919e-01,-3.913888668428253670e-01,-7.094978003091348961e-01,7.650533327069117817e-01
2.202988071702224104e+00,9.629176436945872108e-01,2.017820985929180910e+00,-2.220674606363095549e+00,2.224922300615798765e+00
-5.126719210835722906e-02,2.987465644331812123e-02,-1.260420148391014017e+00,-2.961697964576970321e-01,5.621269967915596411e-01
2.573393302587141385e+00,-4.600882170094676704e-01,1.862358017088006079e-02,2.208092369843737579e+00,1.862215176741006228e+00
-9.159256450369403224e-02,-1.018071933463136736e+00,2.418969871095414170e+00,-2.257725300768118171e+00,2.933423989624981409e-01
-2.228512948003181116e+00,8.159495160461353036e-01,-4.299626206443909471e-01,9.558294580368623672e-01,1.164506514732631892e+00
5.011752990957152321e-02,2.124621311435009208e+00,-3.135697760363349573e+00,7.248199568904127865e-01,-7.839986715487834434e-02
1.080476927086360783e+00,-1.716635441146259766e-01,-2.507388491635957894e-01,1.867290495576841680e+00,3.277847675659548710e-01
-1.061635096859815830e+00,-7.413036135922155268e-01,3.179269357148529207e-01,8.839208446434281274e-01,3.835605933353416930e+00
7.172760306088521443e-01,-3.404214759912098653e-01,2.258181397829878839e-02,-3.606798645802673509e-01,3.449513080557871980e+00
-9.629196886284476786e-01,1.909680806834313405e+00,1.505923808344611148e+00,-1.793454377928445975e+00,1.210711675803717302e+00
-1.438295017563224309e+00,-1.784423149717511370e+00,-9.664935152513559613e-01,1.652356238169286229e+00,-2.419822556931490176e-01
1.985792899437577974e+00,-8.395370047080522591e-01,-3.200372971261680632e+00,-1.712068413313048598e+00,2.375561986467325859e+00
1.384242026112940227e+00,-3.211921521113053624e-01,-2.560822953825239723e-01,1.589702516577486735e+00,2.807884239677499227e+00
2.843926972145780052e+00,-8.709644189731129416e-01,-2.574858354625668255e+00,7.050461732493977784e-01,1.898003345590510760e+00
-6.440930829007919245e-01,1.265681205014525856e+00,-1.585789731354867893e+00,1.544484967468700898e+00,1.114060829934898633e+00
2.052085273785552832e+00,1.518232066662803526e-01,2.072295054092138322e+00,-3.057320590008805183e-01,-9.497473045594103658e-01
-7.798118833315292875e-02,-2.094283446477768484e-01,2.910719908655132304e+00,1.029221597056079185e-02,2.336452989899223676e-01
-7.150308264997621288e-01,3.217637215815346008e-01,-8.451739357715712941e-01,3.660016391319643070e+00,1.692054975714702980e-01
-5.901218070999322274e-01,2.925930865119028002e-01,-1.090081941724287962e+00,6.220035992332004771e-01,1.686297538244666328e+00
1.921719784883331172e+00,-1.235473042553089096e+00,-7.932756194155619056e-01,1.323907356216697417e+00,1.754530590211063057e+00
-2.795923017442327185e-01,4.061470684349910987e-01,-1.021637673484724562e+00,-5.401997731696315252e-01,1.911319167185268064e+00
6.599431191879728820e-01,-4.085138007927667791e-01,-1.307760621979536797e+00,-3.992063176895778165e-01,1.101952687235467909e+00
2.849817154069681280e+00,1.164043690055419189e+00,9.443964352679276586e-02,-2.821449764881598377e-01,2.643862454669598794e+00
7.610416234591621532e-01,3.175741645275940300e-02,3.553774082973319537e+00,1.396042235274683740e-01,-5.747075205155922628e-01
7.049992558844107027e-01,-1.402587311384923430e+00,-1.311961804672887588e+00,7.241973931734828618e-01,2.553905264257154251e+00
1.042392647069457112e+00,-2.396234783476904884e+00,1.759217165448045961e-02,-1.617854441101508112e+00,6.282074699369990523e-01
5.015067328401172642e-01,7.081007246555602874e-01,-1.130209707956498499e-01,-2.110766214697944232e+00,-2.799270988751744738e-01
-6.940008401683515071e-01,-2.933155302302825618e+00,2.099048762616039454e+00,-2.093883501556803139e+00,1.575437189646347491e+00
-1.376206720431692565e+00,-1.124905599859105543e+00,-3.925029754614371980e-01,-3.971972579263698844e+00,-7.008070084274776734e-01
-2.550169506902919547e-01,-2.308696224000401087e-01,-2.754585683435472276e+00,-2.903169538207500899e+00,1.011368651604273250e+00
1.655040128928326304e+00,7.231311970664957567e-01,-3.678887618181857500e-01,9.346484403775627836e-01,2.003424077459201147e+00
1.829638317320021024e+00,-1.928294571022905746e-01,-7.377512861341326555e-01,-5.369314133227754970e-01,1.051010136439652909e+00
-1.050360412059963000e+00,2.536537170715520428e-01,-2.910128592682570847e+00,1.901796831419388045e+00,1.031879408993035430e+00
1.745165459445900402e-01,-7.175591765398664501e-01,2.980624591863192396e-01,1.187267835946101524e+00,1.714277683131160135e-01
7.985453355442574397e-01,-7.243871859755721676e-01,-4.025275611224107264e-01,1.689194137333144274e+00,3.072000565030891028e+00
1.013323661653648733e+00,-9.667712448088783272e-02,1.289457964942306800e+00,-3.677824119571356576e+00,-6.678884730000009817e-01
-4.620800034472394291e-01,1.276639462740768227e+00,-2.413959124588357597e+00,-4.196054588909503558e-02,9.282964349064859455e-01
4.630568732281452604e-01,4.956219084106498057e-02,-3.264782591708990545e+00,2.060460098757800562e+00,5.859404155243391754e-01
1.307490695359119437e+00,7.277624928769408363e-01,-2.380390150713241226e+00,2.473733087239363027e+00,7.321262019577914337e-01
9.911878498469572918e-02,-8.628460459129927429e-02,-1.686339485164767726e+00,1.791205468556043900e+00,2.474146078172243968e+00
-6.704469910195460791e-01,1.076168209755645977e+00,-2.250703854165922557e+00,2.968675357391753700e+00,1.048448086573216198e+00
-8.192018022906479846e-01,-7.895574449216719026e-02,-2.838091007948357003e+00,8.021525778801488205e-01,2.111127322494202652e+00
2.343160854866488840e+00,-4.308334233959255632e-01,-2.550446489436242192e-01,5.321061570733005563e-01,1.383568854365392342e+00
-1.355907103036483541e+00,-1.765445230300327628e-01,-1.045650979492305233e-01,8.185640652855774579e-01,1.804415150927360045e+00
5.565105616601845329e-01,-5.094551797541834182e-01,-6.773221021729280977e-03,3.794099615747466459e+00,-6.919855423375785852e-01
-6.700945559217378333e-01,1.984029974838821264e+00,-4.863136706884052529e-02,6.374432843992263731e-01,4.550581717553853767e-01
4.930091948352949283e-01,3.097719945980935696e-01,1.859568353546582564e+00,2.143178643166981256e+00,-4.270870658972570899e-01
-4.609118611174618518e-01,1.915681263525033651e-01,-9.011958830977069290e-01,-6.422400881188621291e-01,3.271814700377766449e-01
-3.075141263548052395e-01,1.295955393521845300e+00,3.096683287878566615e-01,1.527291014966960514e+00,1.567864413920574407e+00
3.985791285055962918e-01,-6.619419361879762542e-01,1.955348669331320677e+00,-2.241185536675527334e-01,7.833974277010813392e-02
7.825074565456835440e-01,-4.199881067971437953e-02,-1.747544962209448105e+00,9.642442548677643277e-01,7.016694311402563722e-01
1.816351837371716238e+00,-7.598774744074336673e-02,3.219110778645374094e+00,-1.104313999899325660e+00,-3.735189008183767978e-01
1.716679849985625506e+00,5.842226517271216224e-01,-1.380242895131073233e+00,-1.070840222866094038e-01,4.539396863902034340e-02
3.298091652243316130e+00,-1.169512900635037100e+00,-2.207840865703365907e+00,3.446956963637347826e+00,2.299031435869976825e+00
-1.792367669650296591e-02,-5.236719747920762780e-01,-1.685071909442673821e+00,1.328239831013855454e+00,1.034734682768533975e+00
-4.918452509094197178e-01,7.210810169979462447e-01,-2.594952656254025380e-01,1.837229442210897234e+00,1.727972255970958493e+00
1.581456129842478298e+00,2.763766655390302862e-01,1.338177224216388073e+00,2.712626292669995109e+00,-6.083546979827054724e-01
5.045988315697338411e-01,1.450380695513026508e+00,5.648844485965984763e-01,-2.356350764602355707e-01,1.835227095809361497e+00
-1.565827219835423723e+00,1.342632115125362013e-01,-6.479303792789765648e-01,-9.190689418920860998e-01,1.433068061275702743e+00
-2.651199049100794736e-01,1.318304981329949666e+00,3.062777801659052890e-01,-4.050398606410425817e-01,1.605791849832294282e+00
1.095064754759882408e+00,5.934463040670146655e-02,2.513554330465833431e+00,2.945397135516181208e-01,-2.529581212525215950e-01
-1.639993835795749533e+00,4.423292669004038058e-01,-3.314122022144598390e+00,2.884987201882879937e+00,1.496205233200625928e+00
1.110073947572891573e+00,4.984652596036562994e-02,-2.023998042225794158e-02,5.660135326611733797e-01,-4.261001083792632649e-01
-1.203795499317282136e+00,7.122005704674033710e-01,-9.126374674461710246e-01,-6.549959378256975384e-02,1.823822964231704979e-01
4.574143321793219252e-01,-4.626744049943110060e-01,-2.538161676655520171e+00,1.758947393469012299e+00,9.762439690761099964e-01
-1.961655155228224201e+00,8.543790749008812746e-01,2.624662967353796894e-02,1.685277322278062817e+00,1.541524709138736071e+00
6.378645270597481653e-01,2.880689451605278895e-01,-1.442012871606695334e+00,7.314952207663563133e-01,1.039624906919951242e+00
-2.437326160750012516e+00,7.564443338990254340e-01,-1.862072360609341448e+00,2.751274155169561197e+00,6.750053352372669124e-01
-7.230875428449334841e-01,-5.717954276504226829e-01,1.171026469126056124e+00,-5.878854713209739069e-01,-8.751370396974358368e-01
1.008320212478575950e+00,-2.019696281028742976e-02,7.964272093428124144e-01,-3.878711911455758887e-01,-2.844302449276722156e-01
3.567910977608092171e+00,-5.009968199213541418e-01,-1.103281805316832509e+00,5.258604665611039675e-01,8.652143228727702251e-01
-5.838847534437913156e-01,3.589427593964031327e-01,-3.435360674028244965e+00,1.322672167102715290e+00,1.166896252958302238e+00
5.479459496279446284e-01,2.822665258251285114e-01,-4.347935390216164375e-01,3.276859920668035997e-01,2.776103445657721602e-01
2.280674505885987191e+00,6.842974395804800603e-01,-1.009757359208469873e+00,1.203570067973863011e+00,1.998964136324853147e+00
1.022559828589127751e+00,9.946555037681447109e-01,-1.101540099434501263e+00,-2.727076411142534518e+00,1.843913559179359840e+00
8.014198061625791292e-01,-3.379073479450182549e-01,-3.595919651083043789e+00,1.652124644154027155e+00,1.462812328037290222e+00
1.108718757305798608e+00,-1.195044861354856769e+00,-6.562639748456120525e-01,1.520771217256984276e+00,7.825437956659655470e-01
2.171059158802940425e-01,-2.108854775177646079e+00,8.414555964348657824e-02,-2.237293012593627450e-01,3.208542791086105295e-01
1.694112289784968084e+00,-4.656729803450791461e-01,-2.088924887593035962e+00,9.340529046625053455e-01,1.222320283636685545e+00
-1.199083063981939423e+00,-1.023772708781752749e+00,5.552281876966513874e-01,1.553187372932030019e-01,-6.800645890463774546e-02
-3.868651591770111420e-01,1.186151629327227175e+00,-8.963488988030173799e-01,1.059970273890069148e+00,1.536613795472795863e+00
1.631975162467895757e+00,-1.244572068726454761e+00,3.710609341811863526e-01,-1.652275434734431947e+00,1.401304499372933776e+00
2.061724735449410595e-01,-1.652223070745116040e-01,-2.012801821616770626e-01,8.273139687460756564e-02,4.869412545128071201e-01
-1.188796123523644388e-02,5.533850298329145989e-01,-1.312858612911340206e+00,-3.933677683977916395e-01,5.650967799324886354e-01
3.263300191756259849e-01,4.285997080302030304e-01,-2.066774907174839360e+00,3.265524412700162138e+00,5.100775849562557696e-01
-4.191797045105196684e-01,2.182435087073400781e-01,-2.715365790471719443e+00,3.193918285588999595e+00,1.357820232485268619e+00
2.491473679747158165e-01,6.961343603982279582e-01,2.598730190403810703e+00,-1.881151113585695756e+00,-1.673048030647068085e+00
1.222134195961937619e+00,-1.038767600011809789e+00,-2.735927710602124030e+00,2.700940348720828332e+00,2.113151881163595203e+00
-2.568023117615521045e+00,6.730660165833880493e-01,-2.583528152195131877e+00,1.253651562916695550e-01,8.444089088293681433e-01
1.216574318025641421e+00,-1.139755375362816681e+00,1.329024980333886718e+00,-2.967491899289567137e+00,-6.463445136069971841e-01
5.230727126332599397e-01,6.617496619112746281e-02,2.090905698999126483e-01,-7.816433957515633857e-01,8.032171790358189067e-02
8.069873417285857720e-01,-3.194582607600376933e-01,1.381917002162726060e+00,-4.927567258222019575e+00,-1.217590682346016973e-01
6.900886085882167453e-01,-9.963106803906945919e-01,3.185532368437673512e-01,1.581689997532379710e+00,4.802807354985272892e-01
2.163902586674570472e+00,-6.042519869984137593e-01,-1.368231103890910738e+00,2.340445403821724391e+00,2.184475444113221698e+00
-2.157808903259293754e+00,-1.642352123718262114e+00,1.173529946025147597e+00,-2.696524573866498464e+00,-1.122120057383737546e-01
-6.764860412836937176e-02,4.076623556536745907e-01,-2.766121139816081431e+00,6.665521651348504939e-01,9.677690282171476088e-01
1.250082740668817083e+00,6.740304233895930697e-01,2.501067577017342947e-01,-5.464738968690180387e-01,2.227152145145006035e+00
-1.172195925790269433e+00,-1.287218436029642143e+00,2.448885920574329411e+00,-1.816688481544902700e+00,3.033086327104195234e-03
-1.242182078070490636e+00,9.589432020192620865e-01,-2.396304752148210149e+00,-2.156020745334139121e+00,1.401078924091030409e-01
2.198367894976105408e+00,-1.900681824562714839e+00,3.634657608277260810e-01,4.584532534150527749e-01,1.603804973708913728e+00
8.448513342840568985e-01,-1.768659975089561076e+00,1.949144719007752657e+00,-1.302660560052835592e+00,1.102225017814717489e+00
-1.587639411175039594e+00,1.064613182564589700e+00,2.509924527273961647e+00,-1.063023482956749088e+00,-1.540390777937975297e+00
-1.270221567230034099e+00,2.585235849843014577e+00,-1.156383635360218820e+00,-1.265914125559786108e+00,-8.319265796599738527e-01
3.239002872411442802e+00,4.116231025139993061e-01,1.377510061568391286e+00,-3.080563010100246801e-01,-7.003837657595578525e-01
-7.736824818321090813e-01,-1.710217466604042058e-01,-1.531552827441884368e+00,8.257077875262751609e-01,1.950609076822500398e+00
-3.295100159165122999e-01,2.370560439211397252e+00,1.783184688962504261e+00,-2.159780189993493860e+00,1.129752515598246410e+00
1.734183511042259429e+00,8.196548583910775454e-01,-2.302180254798235737e+00,1.071061182852349747e-01,-5.201727862107027867e-02
-1.423315783451253314e+00,8.553041638090302934e-01,-1.231259297519073925e+00,7.039679520334682361e-02,8.430571998926547073e-01
1.315458430659172395e-01,5.830451152415857541e-01,-2.397267784452592032e+00,4.459242174256021762e+00,3.018631687741013536e-01
-8.822225139120453141e-01,1.121180641009022594e+00,-7.174000486570456525e-01,-1.101958578773469810e+00,1.629975336468591385e+00
3.491365121916136793e-01,-2.403173508263604652e-01,-1.009170071515136602e+00,-2.819028792001933237e+00,2.010944556332469269e+00
1.834475565236810102e+00,-8.379305754052711608e-01,2.616293867525887329e-02,1.077418805255253353e+00,7.689181191124000447e-01
1.886800347969189939e+00,-1.381325480504569825e+00,2.342192443985938954e+00,-1.283048161248499408e+00,6.479935041193780609e-01
-1.716510361292167275e+00,-1.283077301463724507e-01,1.382014938038228502e-01,-3.618467126883380125e-01,-1.188802631680464739e+00
1.129621490640936088e+00,-1.621052478754746173e-01,2.842252263859762706e+00,-7.020482873684504854e-01,-4.662856839978215540e-01
-5.600703083864901899e-01,-1.159312586968746887e-02,-1.526542276817246302e+00,1.313497315973622070e+00,1.734745194381060562e+00
-3.100799670553381349e-01,7.059673697000442560e-01,-1.395713279784879024e+00,3.213671192980499525e-01,1.185650455716590779e+00
-1.355532859537061707e+00,9.981781862078661360e-01,-2.013615805492331212e+00,1.668232749428722350e+00,3.183931462096445397e-01
-3.026631585992215490e-01,1.524638647658073998e+00,4.932100355176985973e-01,3.793627869107005224e-01,1.246964650242878170e+00
1.071207247334494017e+00,-1.733759602759649410e-01,3.257807325801125309e+00,-1.231972935025486660e+00,-3.115578614071323749e-02
2.637614927610619997e+00,-3.773580185182208724e-01,-3.832701240894317851e-01,1.905988325376999359e+00,8.493575270544172495e-01
1.602943578297852945e-01,-1.213623131989517212e+00,1.663340478291727820e+00,-1.515209126821527086e+00,7.566680316605639556e-01
7.760454316584384227e-01,-8.322189473293860607e-01,-1.960757417741190833e+00,6.798828927858172610e-01,2.029401685062148353e+00
5.865388738711546646e-01,-3.290534117128494640e-01,-1.504554596730398597e+00,1.427006587712055019e+00,9.062323282542625869e-01
1.008759572694872597e+00,1.239032397009543818e+00,-4.038541646516646821e-02,4.857135475714892126e-01,2.118117530645399871e+00
-7.890821223020069164e-01,1.036713718704010523e+00,3.485944624460993957e+00,-3.718550523935926777e-01,-1.282233744637435224e+00
3.944820298700295047e-01,1.399601966024276445e+00,-9.675931503577198667e-01,-5.571269524011734919e-02,1.225931919100793355e+00
-2.820102737712845142e-01,9.109029690456463824e-01,-2.610562048621918763e+00,1.512904117069860055e+00,7.345623858139830320e-01
4.148011454542505305e+00,-9.602157866625711247e-01,-2.060241635517076730e+00,3.181412094483309083e+00,1.955312673250821698e+00
-7.533250599253560331e-02,5.819069055191087303e-01,2.152127269516701524e-01,1.885347823707219872e+00,-7.107067704761260707e-02
-1.443374401945538121e+00,6.221272464220937159e-01,-5.847990589423553986e-01,9.116210157733990460e-01,1.508580307101345497e+00
4.662745646083596429e-01,-2.346206325982257423e-01,-2.679745925622566638e+00,2.773957165326828900e+00,1.923186954243765623e+00
1.002517706376613082e+00,2.021532253512890352e-04,1.645998378566329023e+00,-2.455043632670230735e+00,-9.275001689115047743e-02
1.900109572412951753e+00,-2.082316593268737748e+00,1.152827782993602446e+00,-1.504329890506477252e+00,1.410375489748348699e+00
-2.399517214532083997e+00,3.068382934744722790e-01,-3.943068803714901094e+00,1.383014087350572741e+00,8.492055359512874491e-01
2.239300109795645088e+00,6.279393053209096909e-01,1.541039330117434547e+00,-2.422314086570536595e+00,-4.153176835185421467e-01
1.484381746763314247e+00,-2.128121401269746638e-01,-2.111575052766812011e-01,-9.555625236709420767e-01,9.949608226249355702e-01
-1.035223496322411618e+00,3.005866153222647164e-01,-1.904516571201646302e+00,8.600002599485034871e-01,1.690179267218847814e+00
6.378286034584353947e-01,1.048332665077492537e-01,-6.426831880504385586e-01,8.348703307253542150e-01,3.589699128140168671e+00
1.483690402565386757e+00,-1.123273798071787802e-02,2.010574648975564926e+00,-2.240248579891396918e+00,-5.458419967983774157e-02
1.491509054981457139e+00,1.852123253779943024e+00,-2.972205864349731996e+00,2.502311431271109221e+00,2.923955961920342794e+00
-4.145631924150352532e+00,3.980431443465955454e-01,-1.428109526892832992e+00,9.382517058375091645e-01,-1.914367212673375285e+00
2.839747158564786211e+00,-1.280028385890517484e+00,3.192226911068827278e+00,-1.567738187801690497e+00,1.122223299650697115e+00
2.173846305283872127e+00,-8.861732264271475756e-01,1.189136104759389134e+00,-1.006717266760493779e+00,6.492449762415393177e-01
-1.368286584295352659e+00,7.240380660532491630e-01,-1.121831494123702866e+00,4.006369252038784801e+00,1.444011885511628179e+00
-2.529347950163926217e+00,9.613809772760795180e-01,-1.003313510931092889e+00,-1.637636102784071568e+00,1.584634245471343794e+00
3.192356268592572710e-01,4.217726399849714425e-01,-3.820002249429494512e+00,2.332663884090270479e+00,1.843123025092098688e+00
1.769503938149307842e+00,-1.411175059660843223e+00,5.692707860917869400e-01,5.762442934225712188e-01,1.269302360567412746e+00
1.817657165418808951e-01,1.622772592106859202e+00,-1.854345057272510866e+00,-8.503975249413258108e-01,-3.688864629915067361e-02
9.992723276575770086e-01,-5.872990091723180595e-02,-1.390483079823856549e+00,1.657830418635345637e+00,1.963262508427149111e+00
1.883849182322559379e+00,8.672967538216224126e-01,-2.744373954766763823e+00,-1.640849049534980342e-01,3.666074496146531025e+00
5.928393687373070264e-01,7.315490578991941106e-01,-3.179999762762336868e+00,2.669946108156945996e+00,5.759877851602633880e-01
3.233473940606185870e+00,3.509928909898944460e-01,-3.607593953383853025e-01,-7.391135777043926769e-01,2.174154217014902635e+00
2.353368395208973674e+00,2.785079796548695086e-01,-9.274427932502340988e-02,6.850636162106535920e-01,3.006149148086820766e+00
1.761433914944405821e+00,-1.070046581992210699e+00,-1.399011154119670586e+00,2.943171920976577205e-01,1.419079388753439419e+00
3.678836774276629806e-01,7.579353078271356958e-01,1.096711878656554173e+00,-8.147859199245138795e-01,-3.905333336684712053e-01
2.547995342075456193e+00,2.288729635615637026e+00,2.069119643705399636e-01,5.603053508804557437e-01,1.161995550308904335e+00
-5.361360650429337626e-01,3.060960041996532155e-01,-1.733832562326096838e+00,1.344243985529011975e-01,1.194198275434829037e+00
-5.606634302193946873e-02,1.047601192365609224e+00,-1.145583702484708200e+00,1.358803559246156034e+00,1.371284028139721833e+00
-1.720403758559050367e+00,2.240644614697193671e-01,-3.024159687561711607e+00,3.176096845854307738e+00,4.992174446405305277e-01
2.203922684125863563e-01,3.441191698834392132e-01,-1.598041732441676022e+00,1.206722589239034304e+00,1.774196627536017035e+00
-1.445715442784365923e+00,1.981982114607421019e+00,-1.370630605383825973e+00,8.171770740582472436e-01,-4.899907530789346932e-01
-3.563594515716630440e-01,3.623507307976215341e-01,2.772473769965448032e+00,-3.549217322926121465e-01,-9.429168224592308079e-01
1.416513127272521100e+00,1.343411805318450170e-01,-2.165379557279023537e+00,2.532316218136602792e+00,1.106600302708510286e+00
8.047823080039606669e-01,3.265073334017182027e+00,-1.149172501238904465e+00,7.032798580956023393e-02,1.025013112006815330e+00
-4.034417839045111087e+00,8.038700452052763845e-01,-2.169713101690081469e+00,-7.333533084978214323e-01,8.453135837275617126e-01
-7.907591085697167621e-01,3.367900645292307149e-01,-3.245529143796923588e+00,3.204717160867919024e+00,1.018084601386804344e+00
-4.029989077739498660e-02,-1.792857206528079839e-01,1.392608853617329778e+00,-3.156903204355421266e+00,-7.903570435372364589e-01
-1.284893661502014783e+00,1.193292936516102132e-01,-1.256913492616679173e+00,1.962940650573613333e+00,7.750457979577834999e-01
-5.027884409812678479e-01,-4.048855997915781768e-02,1.755092358859733803e+00,-2.506947431687321703e+00,-6.777172400674538189e-01
5.778048036061976811e-01,9.041546042657305771e-01,-1.249127572690218901e+00,1.293483504250577676e+00,1.708675654722607629e+00
2.269830058700817332e+00,-1.276896886228090278e+00,-7.295931534185231548e-01,-8.453778174016369773e-01,1.349535566371043771e+00
1.389414998138277291e+00,9.357139405721179859e-01,-2.686048229228541917e+00,-1.424314828020564638e+00,4.217664367224635003e-01
2.406140672374863954e+00,-3.905387212354918813e-01,-1.261554804474640801e-01,-5.051229114369162332e-01,7.097600589367346613e-01
1.569083601271177297e+00,3.867885328908279297e-01,3.987742117724154767e+00,-4.219819209312350994e-01,-7.599488774362552768e-01
6.183744265022516062e-01,2.948099064969961214e-01,-4.696772476967492338e-01,-1.121250015023336655e+00,3.830029697166471570e-01
1.472068916079116940e+00,-5.083108239758701297e-01,-2.031664209933238041e+00,1.896566219111035956e+00,1.384662860867206691e+00
9.805787838140618273e-01,-2.289587770861306604e-01,-2.031933984272582983e+00,4.612559039041558839e-01,1.266281234327854666e+00
-1.791100388192826021e+00,1.256271991638889585e+00,-8.268683848328959307e-01,-5.010701074249273024e-01,1.547389349047884721e+00
2.375893151725781971e-01,1.437219220257593688e-01,2.614576219984010574e-02,2.139798448359848670e-01,2.180214247989089138e+00
1.393670115739433779e+00,1.884724732143327475e-01,-1.705713729686849089e-01,2.068497208130441578e+00,2.703803899694983137e-01
-2.763049906256379806e+00,7.651657623456378232e-01,1.262751891318689701e+00,-1.078402620542602719e+00,1.304782444005860409e+00
-6.816802014463139159e-01,-1.668122964187177315e+00,2.238524438247671833e-01,5.393716637077240472e-01,-2.447553702300480083e-01
-9.069952983076422504e-01,8.125079638950367666e-01,-2.763165141809246217e-01,-3.023161051883808348e+00,1.821668375269598572e+00
2.054508920954483120e-01,-9.767722462471265521e-01,8.836398137352768911e-01,-1.009086502794311002e+00,2.205111884074306694e-01
1.506132657461606961e+00,1.352355726261855740e+00,-9.805797443721778750e-01,2.665055907357025688e+00,1.059670920458165577e+00
-6.608113245353970377e-01,5.140820027344411569e-01,-3.143124411647722383e+00,3.994240776190011166e-01,7.767494323641901399e-01
-9.142580904125917618e-01,-4.236085481495954763e-02,-1.805716739954928762e+00,1.819493631885983342e+00,6.903269577008301905e-01
7.550813726851250962e-01,-4.265163515960141427e-01,1.015832934211282179e+00,-2.030682151366472787e+00,3.981585453982384726e-01
2.236099675841454193e+00,-4.564607147525005272e-03,-1.803728469600460960e+00,3.838965696438734199e-02,5.765782623035322629e-01
1.895451832590211438e-03,-2.683908517350365397e+00,8.464581540598746789e-01,-1.195183273098205934e+00,9.457758268038336524e-01
8.105131076857119421e-01,5.259132734042523127e-01,8.738713197667070942e-02,-9.646414607543201125e-01,2.325782787792094908e+00
-1.632077315570905407e+00,9.084257349750475274e-01,-1.679810886023925587e+00,6.066157033024698331e-01,1.457763671232271685e+00
4.738020925603665390e-01,1.144776418180340372e+00,1.709220781085773355e+00,-9.851123200542641900e-01,-9.517801481965775245e-01
-2.934341545538105001e-01,-1.835575270027031802e+00,-5.755665962166338634e-01,-2.210847048421124228e+00,-6.072258697400846339e-01
1.234764818622812177e+00,9.779654036280879814e-02,1.936011890558254400e+00,-3.171455518626038472e-01,-8.836725244462774187e-01
-1.490102865632477069e+00,-1.382589332533083359e+00,3.381522429502304417e-01,-9.472269003042003144e-01,-7.210413788315410688e-01
-1.681824639910878272e-01,2.143995583619660472e+00,-4.906825927854924219e-02,-2.194224064752225978e+00,1.062716371329358145e+00
-1.651811399719890217e-01,4.007177241650762278e-01,-1.752307912546390067e+00,9.703537615762092283e-01,2.905479185288347699e-01
1.588278355851844736e+00,-6.208774214122959600e-01,1.032120734716857058e+00,-1.395303003609083214e+00,7.414189053274768959e-01
1.181779357397559682e+00,1.015841839606811625e+00,-1.951774996004518758e+00,-1.881862130007208034e-01,1.040439345568394680e-01
-4.730233809479789109e-03,1.141292465831272446e-01,2.851180507249587159e-02,2.915265773203854494e-01,2.483678249018307360e-01
1.135682159770117439e+00,-9.961844726897339797e-01,-1.409620297563584534e+00,-3.529865955569106983e-01,1.903330889238626700e+00
1.435567761216656857e+00,1.642500701814607389e+00,-2.210360040597767917e+00,-1.838747687035720446e+00,2.860631456147768592e+00
-1.937964599081749117e+00,-1.010811976581426297e+00,-1.889208709503349404e-01,-6.119534930588725885e-01,-6.203812875867048549e-01
-4.661291334418172783e-01,8.775225409073185157e-01,3.728397766082478526e-01,-5.084794545521790221e-01,1.830593332463963829e+00
4.260003342296739826e-01,2.258435080494772818e-01,-4.078054081466471192e-01,8.950584423579586169e-01,2.106254819312493698e+00
1.176815643099548225e+00,-6.403862216929321338e-01,-3.038391757588312814e+00,2.816207477617728827e+00,1.633027246321465231e+00
3.244326363224026566e-01,5.905108973796641125e-01,-2.557915537849739351e+00,-1.462193814640114997e+00,4.404559352034936870e-01
-1.189799526173000332e+00,3.285917812851181230e-01,-2.234612372724838369e+00,4.527193025926527170e+00,6.781071293147897805e-01
2.925957148339262126e+00,-1.493393864882868183e+00,9.317017544118055827e-02,8.510079252490032609e-01,1.534987448601100812e+00
-2.506373863373378974e-02,-2.360984154688065662e+00,7.176554324845285660e-01,-5.728601104905005625e-01,7.516586068484314431e-01
-1.112243637761032744e+00,-6.116986757860972679e-01,6.245723107783129890e-02,-4.223312242195849109e+00,-1.909327371632179915e+00
-1.622239007315730452e+00,7.127589230809791010e-01,6.842321924837088121e-01,-2.052229924803443240e+00,1.738726049210230107e+00
8.438641267796656020e-01,1.162937110394108631e+00,-1.809609678639749086e+00,1.856722816325474090e+00,-1.178266366364038031e-01
2.299884564695055200e+00,5.241406265901479289e-01,-6.806758568041296753e-01,-1.876970036643059503e+00,2.214980321468124735e+00
6.311916950657003866e-01,-6.970414771378043994e-01,-2.025629251121550123e+00,2.261765075414322368e+00,1.411821019538757938e+00
-7.978824396282191422e-01,4.302104508176161635e-01,-9.522946765730220253e-01,2.898550364413389424e+00,6.112567245539348715e-01
4.362922686749259871e-01,-1.935813209818798120e+00,-4.806427854627339791e-01,1.215963313587346217e+00,6.088198883174009701e-01
-3.508247137748129463e-01,-1.132293939336171534e-01,8.088529281554976968e-01,1.451599762343199485e-01,2.956899379281093809e-01
4.949619501361819385e-01,-1.991793066866939466e+00,8.785784481634444365e-01,-2.155985540584870463e+00,8.565541288018775345e-01
-1.501733281496977046e+00,-2.941738988133849389e-02,-9.928169718276746991e-01,-1.991353185103152290e+00,1.001659048893473347e+00
1.796118244504629091e+00,-5.872155516534495190e-01,2.304218083929854277e+00,-2.078972846879127090e+00,-2.848294282684773471e-01
-8.948750579793619542e-01,9.642994951387695579e-01,1.870457309840946603e-01,1.192282230170294444e+00,-3.719811080137298553e-01
2.704548891558448798e+00,-8.215264983977480506e-01,-2.664594706902000176e+00,1.824974091757469719e+00,1.608299820564552451e+00
4.606345654644345977e-01,2.449664381717685524e-01,3.635643289055130456e-01,-4.086701830764172261e-01,2.853824046484173316e+00
1.077755430999304043e+00,-4.483829143754409774e-01,-3.997828687351045129e+00,1.573758421362379867e+00,1.923777054116724283e+00
4.330342469909255199e-01,-2.447830475003937689e+00,-1.244410056919826868e+00,2.635419333903724404e+00,2.393751458526722775e+00
-1.107683523418918625e+00,-8.313051935718643870e-01,4.807366187958311832e-01,-2.494759093461265953e-01,-7.743101804525032161e-01
2.732582289049111601e+00,-4.325934241036797356e-01,-5.951934417862178028e-01,1.835277775396630728e+00,2.801373292344392585e+00
-5.576373797443600067e-01,-3.275756871569181303e-03,-1.919443812772725577e+00,-3.457271705849261911e-01,1.412127960743976951e+00
1.158814040664453149e+00,1.159689639051028287e+00,4.555852443105521399e-01,7.088860238236924793e-01,-7.067717559886673717e-01
-1.055544552953568971e+00,-1.167300424145253146e+00,4.233985813057486447e-01,-1.547047732979242918e+00,-4.306847625845574568e-01
1.335660738075589382e+00,1.068320196800143229e+00,-3.910250632211996979e+00,2.117412485587781390e+00,-5.176269749388918706e-01
3.742187776961685586e+00,1.045898219447080058e+00,-7.263055372608502314e-01,-4.417258982032758463e-01,2.344038911245449164e+00
1.298841787707284645e+00,-1.937127990185815607e+00,1.307395371384935778e+00,-1.444560026448073464e-01,9.079697419271816061e-01
1.413547487584292606e+00,-1.578031846231074287e+00,-6.944507387357460315e-01,-3.345211341679560135e+00,-1.162081606237901354e+00
5.820881068279120107e-01,-7.321960877327796657e-01,-2.173674693851544326e+00,-1.936465287472056040e+00,1.313648519963108052e+00
1.983007138316126294e-01,-9.771764146462834644e-01,1.040318037388421990e+00,-2.757059717639362972e+00,3.947754987463734655e-01
-2.723074885610404228e-01,1.297292870591212344e+00,2.594764405833456244e+00,-1.139328339109478838e-01,1.615671142323616749e+00
9.431930843589140245e-01,-1.406264564144835694e+00,1.029822779599451454e+00,1.329480032487906804e+00,5.824781443346930265e-01
2.380292609238352508e+00,-1.269916220122658146e+00,3.526959037665714503e-01,-1.165511337689143945e+00,1.612476814701933492e+00
-1.025468914562290390e+00,5.052988829566585904e-01,-5.201880680378279109e-02,8.027913665989839798e-01,1.432201163383679532e-01
4.211980621859887641e-01,-4.173233666140875320e-01,2.536398312344112504e+00,-8.287693048979000165e-01,7.578330155850798722e-02
1.090462181824727317e-01,3.224932886857792558e-01,-1.527165050856097217e+00,7.184342729604040745e-01,2.146506804078404329e+00
-1.350606478211899275e-01,1.483081404336825670e+00,-8.522556781516440472e-01,-1.526537844572999347e-01,1.585684182498795725e+00
-1.455229918939907607e+00,1.473864806219546741e+00,7.385768613644032587e-01,2.421242040672403117e+00,-6.869004723371594512e-01
-5.696050796324392262e-01,-3.311751909236313463e-01,3.250476621488175288e-01,-1.432294675253716898e+00,7.762998900240282163e-01
1.005811987332516422e+00,-1.073471531889391040e+00,1.329887666244970568e+00,-1.703134060118432380e+00,8.518509360383799134e-01
-1.334888904545435961e+00,-1.381611137715623272e+00,7.413086388695144802e-02,1.312728737482586339e-01,-4.568916913199119190e-01
-1.700870298385838697e-01,1.055046931327581206e-01,-9.775986410649772917e-01,-3.624628835065130117e-01,1.864904075440253051e+00
-1.558012408557930328e+00,1.718003902570232944e+00,4.970021664932511296e-01,-2.544605044528584492e-01,1.695325177641174186e+00
-1.695062956568307300e-01,7.145593406645095458e-01,-3.556146350471185436e+00,1.150180328956946996e+00,9.179359105506634808e-01
1.392228432343328492e+00,2.810384336321163357e-01,-2.865046002130062219e-01,-7.895524219937217758e-01,2.167984551247144065e-01
1.643358834707664418e+00,7.328322063543717402e-01,-4.076548618576932848e-01,8.486523261291500919e-01,2.529218178594097033e+00
4.360477586459031718e-01,1.897652666361790974e+00,-1.690075015161472960e+00,-9.575886965382172100e-01,4.131381578091645190e-01
2.234199652464536445e+00,-8.108168412986382911e-01,-2.639862866165437527e+00,4.993203022958278003e-01,1.754874787575059214e+00
2.310441725856434481e+00,3.534664741336462912e-01,1.537367984023499390e-03,1.666188032231408656e+00,2.597878671276054874e+00
1.005322210825748019e+00,7.402670147192162708e-02,-3.696608253799875232e+00,2.421717734521999787e-02,1.703391900753339350e+00
2.013526389703862440e-01,8.734641601831382163e-01,-4.166164904320181606e+00,1.909551358260766829e+00,5.723097010707964838e-01
2.092359741611140578e+00,-2.139654729015126600e-01,-1.344896461723716463e+00,-6.913722282291197008e-01,8.801328109601684879e-01
1.797093530419986429e+00,-6.124843866125525560e-01,-6.934447509198358173e-01,1.147561362331229518e+00,1.098242650017454025e+00
-1.170523642477456772e+00,4.756941889640559640e-01,-5.323493136781705104e-01,2.720502167408215932e+00,-9.830242952939582946e-02
-6.180016572247445383e-01,3.681156593216088346e-01,-2.435174364435809924e+00,4.927350874642313805e+00,1.143304090608195267e+00
5.497733442629655354e-01,5.043129892236611900e-01,-1.526631132456174322e+00,2.031373146957172526e+00,1.542030215552199657e+00
-2.202163316748898314e+00,5.174699021064457227e-01,-2.722289823874724846e+00,2.385287329364756737e+00,8.108765464648028942e-01
1.195500087595161853e-01,2.386870576882002215e+00,-2.321795305703552081e+00,2.080350980889005719e+00,2.022801288797520858e+00
-4.471032764650630931e-01,-4.609186143555036308e-01,-2.619864199118882908e+00,-2.025354594776792805e+00,1.621881999968692867e+00
6.419479054127830153e-01,4.460599922526092276e-01,1.005591990126590840e-01,1.074436948382746504e-01,-7.037513376146744548e-01
8.101892076152108491e-01,7.863818334017246281e-01,-2.445424344005053374e+00,2.271284389851511154e+00,1.799135492627114141e-01
3.574377090984768857e-01,8.080796904283837900e-01,-5.693166463483023687e-02,-1.581506814204583389e+00,-1.082054121134230495e-01
-2.676653469434933097e-01,-1.969536084931703623e+00,-2.500547431969968315e-01,-1.290309907473082163e+00,3.803789328616951071e-01
-5.121012634445551992e-01,3.186751600992311917e-01,-8.828791614961817302e-01,-1.446620093750956126e+00,6.802337970239494824e-01
8.191578895437868768e-01,-3.507351162442521320e-01,-1.366522033364827582e+00,1.681451807836574108e+00,7.621671606837694402e-01
1.981158663395440334e-01,4.871426014831186091e-01,9.182323734344215449e-01,-2.861041490325597181e+00,-5.549154221127157172e-01
9.873652652399766971e-01,-2.441015228722832331e-01,-2.987073316076580554e+00,2.677304306058282179e+00,1.471097436147487114e+00
1.129467273275284178e-01,4.067168218796216594e-01,-1.540443593403778344e+00,2.034098215029690682e+00,8.971375252321058813e-01
9.158051657887708030e-01,-2.990170001061522309e-01,-1.417317295074234540e+00,5.414692648023154975e-01,1.291649074079316728e+00
-5.665402405164829958e-01,3.544571490093053213e-03,-1.992224506204584022e+00,5.554982587402750305e-01,1.066967649241588934e+00
5.989242217131546253e-01,-5.576897034995149660e-01,1.699657647378178149e+00,-2.785686267886614331e+00,1.513887458411259379e-01
-6.372830345140847452e-01,-5.952088261290110482e-01,-4.121788573746684170e-01,2.468002944124805254e+00,-1.384080632796126142e+00
-9.937616893900296233e-01,-1.419278681867479908e-01,3.645161316347470759e+00,-1.571819330683017935e+00,-2.230314857023354413e-01
9.279330052383204519e-01,3.886727838770827337e-02,-2.237828764225556544e+00,-1.246905668668484957e+00,2.481348472531228033e+00
-9.939025840194044559e-01,-1.255401358629431030e+00,-1.129885428428067939e-04,1.259140193349933323e+00,-9.832814803561473749e-01
-2.484140029701664698e-02,1.719696133038519648e-01,-1.487260196654020206e+00,2.310483497575639422e-01,1.438184119006446604e+00
4.096841861325552614e+00,9.209399222543023233e-01,-1.942167982599848908e-01,4.128246265900200607e-01,2.804630287814950496e+00
1.593855214478593130e+00,-6.720324877754341175e-01,-2.548490584433436901e+00,4.698525110157394380e+00,2.489255876029447201e+00
1.699844012746233091e+00,-1.499025558244640732e-01,-2.542467050339141110e+00,-9.699749102415943236e-01,1.320220982594483061e+00
2.111240772622782202e+00,1.025919258494146336e+00,-1.433948617452441621e+00,1.554950240601159717e+00,3.080171282679779132e+00
-6.323582538239080897e-01,1.125192142592719019e-01,-1.844874353897719921e+00,3.185002770733704303e+00,1.440384133821920543e+00
-7.245709788593979184e-01,5.818797991640813905e-01,-2.162833229751414343e+00,2.185523078126420327e+00,1.245344466288791807e+00
-1.118780408502565660e+00,-1.020857881867896166e+00,1.651151347665848590e+00,-3.496494908386210021e+00,3.377230150434717970e-02
-2.069647591415444854e+00,7.476460370359589991e-01,-3.168096927278508890e+00,-5.887258706334702607e-01,5.472309716535056490e-01
1.573492951984621913e+00,-4.046640950754906707e-01,-2.247575992682612434e+00,3.588275178625921491e+00,1.198358567142010056e+00
-8.056860238682838071e-01,-6.013578929897562819e-01,-6.501575186079127100e-01,2.332760435913065145e+00,3.619713033908408817e-01
-2.103914503792321256e+00,3.992455278529273288e-01,-2.131186140660755068e+00,1.167622034881238280e+00,1.094376147920971931e+00
2.100556365600100950e+00,-8.894117620576278416e-01,7.634712740157636457e-01,-7.272362476422363775e-01,6.920274213449442158e-01
8.198583748605841048e-01,-4.076693291583156076e-01,-1.704611954378325800e+00,1.970796603328761165e+00,1.541588470204374506e+00
9.398744476359064404e-01,-6.998402861273343989e-01,-6.633481036762429728e-01,2.745044489394126153e+00,2.288671373006529119e+00
5.671752315898038743e-01,-1.687134147416749497e-01,-1.849904547101372643e+00,-9.416757853297785807e-02,7.799649496295180118e-01
1.981753237453698802e+00,-1.412659504892788798e+00,-1.183584975657143934e+00,4.059473117105015127e+00,1.722916943743692642e+00
2.267971819100862874e+00,5.495749733604594622e-01,7.228911236850326105e-01,1.187633575757807147e-01,-6.580319042032445331e-02
-9.003610273289988086e-01,8.903352992377082664e-01,-7.018910800140500950e-01,-1.943347815169861992e+00,5.806794526862996131e-01
2.019507244320064565e+00,-1.615624860668990914e+00,1.433721668165754970e-02,-2.933419629580084065e-01,1.989352200360024581e+00
9.498339180318493558e-02,-1.001971273319717110e-01,3.758002349443284595e-01,-1.664845704558600481e+00,6.590525580119521720e-02
2.548983947214258361e+00,1.502685742344919972e-01,-2.163703070362497982e+00,-2.849188313341232126e-01,5.662629839975781287e-01
-5.515747041583344279e-01,7.343066530611467302e-01,-1.169031628328768058e+00,4.256027162766859995e-01,1.379174315687710983e+00
-5.143964409881942590e-01,6.463147388054499842e-01,-2.580315334589771581e+00,4.471478240157440887e+00,1.369062952829085855e+00
1.083515419749585984e+00,-8.947173950137694842e-02,-8.085069537638913673e-01,-1.035184152886085451e+00,1.165256527937947206e+00
5.154982071220284290e-01,2.396121702507264528e-01,-1.460860226572354037e+00,-8.851497195310488175e-01,5.243222071326130163e-01
-1.546034360710871525e+00,4.016724192567215357e-01,-2.230034326565923486e+00,2.013835758270674070e+00,1.253839903980158210e+00
-6.610350725330705890e-01,-2.558917627525585936e-01,9.180850785781019541e-01,7.209203477135660565e-01,2.752195353419825130e-01
-6.372080553667338609e-01,1.629446212452983156e+00,3.043198350234737060e-01,1.645769147136582955e+00,-1.119917141443566910e+00
1.663413640027549434e+00,-1.508343930593208093e-01,-8.328638882401966370e-01,2.125681973854586460e+00,1.005787774130111556e+00
-1.957372469675243143e-01,5.319729051992847513e-01,-2.620691387377845682e+00,3.594750829054248475e-01,5.778659994801020883e-01
2.587125311752590306e+00,9.465613496100493407e-01,-5.281458198475323940e-01,-1.495168291395304605e-01,1.921687786602217951e+00
-1.652029828145111567e+00,4.855687671989680210e-01,-1.996822919945389518e+00,3.199523247053289055e+00,1.123998388081366429e+00
2.071952016474588376e+00,1.685415651711601015e+00,8.883637566838014088e-01,7.052024888004322367e-01,1.882193681595096146e+00
-1.100040670189316172e+00,1.365768041748859574e+00,-1.612829455336748818e+00,2.252529921279897263e+00,6.959518072284642809e-01
3.963657440089587425e-01,-8.973414665964168924e-01,9.868440706133073670e-01,6.772882035830486425e-01,3.098852583494892121e-01
-1.843781276283497972e+00,-1.464063085925229712e+00,1.213098827183926476e+00,-2.689600788124797415e-01,3.747884218567622550e-01
2.644999181661133125e+00,1.737400763033388973e+00,-4.625900128482793305e-01,-8.451096730835538917e-01,2.472998490457308574e+00
-1.061856715215843794e+00,1.378279925687858842e+00,-2.246480637991394413e+00,4.140151877819664428e-02,6.990677783093792730e-01
2.262485036252370463e-01,4.908622175518115860e-01,-3.586559412226820953e+00,1.505294453732805016e+00,4.828774460895021159e-01
7.294828958672947561e-01,-3.139680468598243790e-01,3.004678734128734430e+00,1.773842103146589189e+00,-2.551460434852395043e-01
1.035293437119276572e+00,2.324511716893660346e-02,-4.983000123148205174e-01,1.226788737375974048e+00,3.290929126510938829e+00
-1.663854913656534595e+00,1.307021427564157845e+00,1.018244890915650736e+00,-1.540161995891443869e+00,1.763788132871934700e+00
-9.979483962012181131e-01,-1.197947128322291110e+00,2.898971116985952001e+00,-1.260846161677490418e+00,-1.424747180489357445e-01
1.583764736416815033e-01,8.495470550144371691e-01,8.812274374187423209e-01,-1.837105149546302219e+00,2.426236792810852361e+00
1.378730196994131241e+00,-1.718629437171942387e+00,7.994629298625677283e-01,-4.290480744917126721e-01,8.861817158146118034e-01
-1.312331109610055169e+00,1.336072810320822812e+00,-1.963294795207456644e+00,-3.588572394194580184e-01,-5.084348911020692974e-01
-6.597447462649652650e-02,-1.794722835415577533e+00,1.398195430926517102e-01,-1.339535986622337749e+00,-4.910748095804983171e-01
1.245497614411428255e-01,8.291473452119294540e-01,-5.295372326386686979e-01,-6.589837809915528588e-01,1.479725414232095471e+00
1.307734123839974449e+00,3.076196290384337617e-01,2.340155668841390479e+00,-6.482512936227844413e-01,-9.943298717866656533e-01
9.880058193428921109e-01,-6.743917355139061875e-01,-4.099669718994007894e+00,-5.511091812170851867e-01,1.787908220242009349e+00
2.237115896485477595e+00,-1.158617466756689751e+00,-3.598673487961876916e+00,-6.555723697656102855e-01,1.955963388908183553e+00
1.196601269370573428e+00,-3.390213410799104432e-01,-4.048962413105516855e-01,4.258924425569457495e-01,1.097956777188351829e+00
7.972626798823677641e-01,-9.351488636550250311e-01,-2.468370022973569444e-01,2.647838057278814716e+00,9.469985274312745505e-01
-2.735830998917735957e-01,5.831013932449004011e-01,-3.268893163032939864e+00,-2.233809147940839235e-01,7.771955900334294176e-01
-6.606949886422840423e-01,1.262883072417317010e+00,-1.423152382584440268e-02,-4.302032665457221627e-01,1.700222265821505596e+00
-8.018771800655757342e-01,7.371867348965176481e-01,-1.848200006068267509e+00,1.237152356930549146e+00,3.099285628880754095e-01
5.303814291530509761e-01,-8.020050699202591060e-02,-2.408374527346457405e+00,3.492184209938009154e+00,1.272278344954552498e+00
-2.068059092424517909e-01,-8.243702148215105441e-02,2.103179633946190119e+00,-2.089153055246931956e+00,1.947416145503669815e-01
-2.191054345567504669e+00,1.263610173006919135e+00,-2.894799440441675031e+00,5.459881963253829795e-01,6.062539566773350597e-01
-8.991949481035504954e-01,1.127243024321241682e+00,-4.132603182090228700e+00,-3.136622901825136811e-01,4.061947090600792620e-01
1.161240377147181313e+00,8.094043993956386018e-02,6.215543103684393333e-01,6.424761440782271738e-01,3.376702025377219529e-01
2.093264840269027705e+00,2.206923668293242768e-01,5.757449901242789325e-02,2.371832134763967925e+00,2.707441631019323225e+00
-2.017347919084494734e+00,3.790588857146648394e-01,6.266969766760634997e-01,-2.286181404723479638e+00,1.773901701029586997e+00
-4.037273837429863899e-01,1.944704738351725970e+00,2.664974346515738834e-01,1.766335197160802117e+00,9.604444125229741891e-01
-1.373697764894829865e+00,-2.581705402218354428e-01,-1.045801027456194632e-02,-1.654611407226425301e+00,-1.444634594873179800e+00
-1.360538510988750893e+00,1.536566875970559742e+00,-6.210723840090386361e-01,4.133134042950104003e-02,9.378339318990362994e-01
-3.328788460038145658e-03,6.008652978893943564e-01,-2.668329287608184330e-01,-4.684767944857583521e-01,1.585057179836084851e+00
3.330350822561559010e+00,1.809647049794567142e-01,-1.191222088790629963e+00,-1.393977483061899503e-01,4.430756913369509054e-01
2.044432364576270977e+00,8.907457976029664604e-01,-8.456793001446351044e-01,7.755508195060256682e-01,1.544478428979045859e-02
-6.704857011566034419e-02,9.775168002815892709e-01,-1.488265102805646389e+00,3.346514471221234688e-01,-1.556934103170358741e-01
2.200259049969812253e+00,-9.203262147222665557e-02,4.825351980723536771e-01,4.894285594493593128e-01,-1.516010527710831557e-02
1.478682367453822755e+00,-9.253956713225698349e-01,-1.105390212798521343e+00,7.004385089366542694e-01,2.354589886756004891e+00
9.589220936833289244e-01,1.597134520089816379e+00,2.292809962659876355e+00,-6.535408617490831018e-01,-1.968821782819953459e+00
-1.324392603526765022e+00,1.319779815743087115e+00,-2.439015860310020489e+00,7.731106328361181390e-01,1.242581858234589554e+00
-1.477128864198017810e+00,9.716546312927913931e-01,-1.336145835996971343e+00,8.181884496260556361e-01,1.320670432271458417e+00
4.323201943495886823e-01,2.985098111704873394e-02,-4.723354562345757346e-01,-1.054451621215435564e+00,3.037011925498945164e+00
-2.092712007782870476e+00,-1.562801922188603365e+00,1.772099243236334498e+00,-4.115103048115942741e+00,-2.914326689658663927e-01
-1.113734332673217198e+00,6.411725011427369392e-01,-2.166184726142969641e+00,2.375324507129119134e+00,7.480745268120634339e-01
8.653185341951906695e-01,-5.726119693670277400e-01,7.090436988888468850e-01,-9.184070185307258161e-01,5.194183583449040187e-01
1.717234002276017968e-01,7.350083940454634757e-01,-1.796514513538582491e+00,1.606253875072687354e+00,7.247168365196352546e-01
-7.738396630825684630e-01,1.221175659576766437e+00,-1.622854079231540236e+00,6.589585642178201752e-01,-4.875685139094663167e-01
3.251097161564843852e+00,-9.524098559280645970e-01,-2.694719662011517691e+00,2.101533577705777311e+00,1.314122897843322146e+00
1.001215081834963216e+00,1.339835585165609855e+00,1.097437262270567704e+00,-2.676636121762454135e+00,2.588604143476782582e+00
1.828547023016464212e+00,-7.495802690376777155e-01,-1.107989092311239876e+00,2.057044003248094666e-01,2.034974461790703959e+00
2.547981455204597623e+00,8.181579166655027491e-01,-5.500424055802715095e-01,9.163303268588021133e-01,-3.110578641082492046e-01
-2.170263519770044836e-01,2.829059285913950728e+00,-1.109554076479685625e+00,-3.506853986393366207e-01,2.022024192103024198e+00
-2.219654077630334177e-01,2.565339257053693145e-01,-2.032494500825785089e+00,-7.702304775753461286e-01,5.775094551556871902e-01
2.333364178570398906e+00,-2.896347313116672331e-02,1.965906540475161890e-01,1.995490642994161012e-01,-7.133294639896159417e-02
-1.513050661774918204e+00,2.811263721231991308e-01,5.032817109977549830e-02,1.334952290646157724e+00,2.272543971529364937e-01
-4.552557312330828831e-01,4.724733641105931525e-01,7.999956236292218303e-01,-2.720877994046967174e+00,1.816302560906628560e+00
9.357276535041406662e-01,-7.945938916129555718e-01,-3.293968465663800194e-01,1.135058869183213359e-01,1.275663690413073592e+00
3.115087721375010332e+00,-1.020701629886271222e+00,-1.092851519350956035e+00,2.007579320948796653e+00,1.769839093872953129e+00
-7.960976438353806195e-03,3.130221910509549677e-01,-2.912430131735971983e+00,-1.331604609635856695e+00,1.592588898505072015e+00
-1.952137634740505889e-01,6.786499669413053049e-01,-3.079938549964501782e+00,3.052989082444410585e+00,3.652699564194643589e-01
-4.794683036605098536e-01,2.363324089577302500e-01,-3.593479685259807765e-01,-1.435099927707705447e+00,2.539704869262404685e-01
3.082594019364466309e-01,1.762113085121117972e+00,-2.276980005337451374e+00,-5.186324236016637279e-02,-8.333297783278375004e-01
-6.701189890267436056e-01,3.386223641438941279e-01,-1.157118508357864783e+00,1.147507295749567779e+00,2.916232918744661728e-01
4.649765998740658102e-01,-1.250031149434940536e+00,-7.367292524561268596e-01,-7.437195818100329481e-01,1.304333440815654610e+00
1.161003059617502498e-01,7.767076669591541083e-02,1.185194564171484499e+00,-7.186355296993554020e-01,-2.444302418825036183e-01
1.318735583804244715e+00,2.065897555214817771e+00,7.679332109959828845e-01,-1.786916669230516064e-01,1.057219662542822070e+00
-1.530762302854945078e+00,7.187249300697029497e-01,-2.699569523104058177e+00,1.578157415906349947e-01,1.475507079437905489e+00
1.187481343243265375e+00,8.370376106879149347e-01,7.056987938803660487e-01,-2.411621755952463086e+00,-8.910425751312947007e-01
7.279913367326561469e-01,2.598597331391006460e+00,1.007981630177690491e+00,-1.126428771498861670e+00,5.319864304215511375e-01
-2.982495328092657161e+00,7.070869411923262904e-01,7.761662767735710844e-03,1.008947113862339151e+00,-2.188326854825133783e+00
1.182863323991625970e+00,-6.254304086940264407e-01,-2.960678413797582231e-01,1.046902750555631645e+00,8.377529516809367749e-01
5.239231440048441879e-02,-4.391615828135301824e-01,2.706526338533264298e+00,-2.136398887625331255e+00,-3.305381726836114087e-01
-3.139499348390826228e-01,-1.497369016847359013e+00,1.202026712247378670e+00,-4.727389999221442984e-01,3.704633515990540249e-01
8.652077593675959744e-01,1.982962243638211719e+00,-4.110786659948477695e-01,-5.356943075235159890e-01,3.816700902840958753e-01
8.235331031189548900e-01,-9.758440502615685075e-01,-1.270779843444353574e+00,1.148026312755814127e+00,-1.342537243550067316e+00
9.040118161270229713e-01,-7.924735596391961900e-01,-1.112389672477820390e+00,2.130590523603047792e+00,1.301624670625104452e+00
1.272069886879128253e+00,-7.766464338713738313e-02,-3.118889083063670853e+00,1.056079517790332822e+00,1.049026567992564773e+00
1.290628250195709814e+00,-2.751962050897592271e-01,-3.021062610185391684e+00,2.406457607179546265e+00,1.309791933470017433e+00
1.332326651484336377e+00,-4.421111327430012894e-01,-2.321465546379909206e+00,2.343492105963106975e-01,1.962135946503746009e+00
3.080226717337192222e-01,7.120385312466364081e-01,-3.653104768187754203e+00,1.697787608057637065e-01,5.075081070856833909e-01
-1.458920579092113368e+00,1.379474774982161644e+00,-5.317105708284268761e-01,-6.054279745449708816e-02,4.714811875119354623e-01
-2.263517465272940066e-01,-1.527591664365871793e+00,2.435674627950933591e+00,-2.342166656000996383e+00,4.908183420359351068e-01
-1.228834691096610532e-01,-8.362147662057568542e-01,2.156161251192244332e+00,4.164820136244792304e-01,-3.654720974535885514e-02
2.863761617144988669e+00,-5.238694610973956278e-01,-2.076473781727378842e+00,9.998981553381668386e-01,1.696783042651520468e+00
-2.839118180075329789e+00,7.529085745877640568e-01,-2.368505466280969696e+00,1.308761426423995733e+00,1.116715727009388148e+00
4.640334545807411004e+00,-1.214766794266819439e+00,-2.722621551746757795e+00,1.714771341569045982e+00,1.683031321205894493e+00
2.602444822677246528e+00,-1.574527720269774500e+00,-2.292368319037057400e+00,4.835026060347205057e-01,2.330776096462354285e+00
8.943073405199678527e-01,3.011410129764719557e+00,1.647176956798679148e+00,1.229855438872190287e+00,9.495359096450691760e-01
1.318620183455579298e+00,-2.059972417385058652e+00,1.553108418045460848e+00,-3.168353419795394421e-02,1.588820490084624559e+00
-2.488248021001060462e-01,-2.372571056388102922e-02,1.468912057990968023e+00,7.450581361188364227e-01,-6.706936655267340397e-01
8.109860366275337684e-01,3.581340835669973854e-01,-2.017686616774199138e+00,5.429956327893233903e-01,7.862131290329953393e-01
1.906401406716547342e+00,-9.808014118363812539e-01,2.004855385383809807e+00,-3.225698299745444420e+00,7.584338418442244656e-01
1.084862778056862709e+00,-7.398899712623446812e-01,2.359640633068293525e+00,1.428657585652576500e+00,5.650817109794141757e-01
-4.452236803778907293e-01,-2.181469727656691615e-01,-3.974120149594595475e-01,1.391275498482818840e+00,1.083388672301906386e+00
-6.521209749005481005e-01,1.411428429613344138e+00,-2.628729583361845812e+00,3.396978816384617073e-01,4.149303911109973875e-01
-1.009596733713731265e+00,2.059203766021993509e+00,-1.861869004531098382e+00,4.337773812453211697e-01,6.419408637467658441e-01
5.354136266956646129e-01,-1.969723271015300980e+00,-1.179915310146419039e+00,-9.347582579876649866e-01,6.862130395833656582e-01
-3.489566712903052759e-01,1.308682248005984761e+00,-9.191118535761764186e-01,-3.820585686549098803e+00,5.697121374590405907e-01
8.914250200484650222e-01,6.336231819572671897e-01,2.920772893368357437e-01,-4.433991563071922881e-01,-3.261248591053513834e-01
3.196843639268934778e-01,-6.969241088170273490e-02,3.533738554376271601e+00,-5.099204322196662087e-01,-5.157061817490480315e-01
-3.595153895214441842e-01,5.290497707491418344e-01,-7.806671724467806328e-01,1.290733080496834217e+00,7.839534655602893309e-01
6.058047678747272569e-01,-6.256996967899929318e-01,2.184138796214140754e+00,-1.865392469460716685e+00,3.599009844273228786e-01
-8.606460759926970461e-02,-1.016538051926867192e+00,2.192999402799375996e+00,4.707025127746433668e-02,-4.617873081282481973e-01
1.268917021376057663e+00,2.055800382081385269e+00,2.367793860843485920e-01,-7.126935245740150249e-01,1.387874886807761499e+00
1.382850720755033125e+00,5.667202296289937102e-01,2.005931676383895912e+00,2.071329464050347458e+00,1.680354902152898511e-01
4.872159557653078510e-01,-1.279057256266694420e+00,3.814993627859502023e-01,-1.011756236374654838e+00,9.513583700494329110e-01
-4.886792886927235902e-01,4.414051799360878547e-01,3.035207492315681321e-01,-2.785911429479004386e+00,1.883241177709943148e+00
2.189807723288236918e+00,1.063689691800932202e+00,2.156770172667603180e+00,-5.199028127649345521e-01,2.738996295968792793e+00
7.444283834420453161e-01,-1.217224370661937449e+00,1.508171911407473420e+00,-8.345768473739222371e-01,1.409776395006403060e+00
3.896826697149369245e-02,-1.725397418820091289e-01,-1.550178530266021149e+00,5.584814185534137110e-01,7.729140124095663644e-01
7.288643505527958588e-02,-1.536087130843685644e+00,2.452580918002977839e+00,-7.990039968810292992e-01,2.316573863885174056e-01
-1.223243311589597759e+00,-1.190085325223017465e+00,2.515239466171260041e+00,2.960577731694846726e-02,-1.511530342352246370e-01
7.445197577235989073e-01,8.661946630690142701e-01,-2.886513012030412995e+00,-2.004281314005823322e+00,1.122883735290410856e-01
6.975324216207132721e-01,9.065346383070050917e-01,2.388362904448730895e+00,-1.378080346391545641e+00,-1.118718192930309163e+00
-1.437339397075103165e+00,1.263548708114536456e+00,-4.309053425356443867e-01,-1.815645290162285486e-01,8.253184990063084925e-01
6.612636019332451820e-01,-2.374608715997137964e-01,-2.108230793430422967e+00,3.378834891934472395e+00,1.339532186313390882e+00
1.875893489680797721e+00,-7.487045402691289153e-01,-3.072803079718205765e+00,1.088213404028339104e+00,1.721387669826020650e+00
7.975464178055879927e-02,6.702981917616599450e-01,-3.688541168754015942e+00,-1.106592772029725280e-01,1.429097653834616066e+00
2.218614242646173018e-01,8.358705163262976079e-01,-2.390151317817240439e+00,2.532986716611130618e+00,7.840128226508055187e-01
2.753796490080731907e+00,1.405497352903003705e+00,1.082642037858071227e+00,6.961395553188274299e-01,1.380905130501034028e+00
-2.061372051486554113e+00,1.052631489933062880e+00,-1.943578826740841370e+00,2.619966188515312933e+00,5.027730381092643253e-02
9.139603392957733607e-01,1.064708046074249070e+00,1.354675079116974823e+00,1.678766136556250732e+00,-6.283456439860095610e-01
1.674102276105644993e+00,-6.610749015142378671e-01,-2.941224685185026555e+00,2.032929928742509773e+00,2.231297827871140615e+00
2.873810817208553914e+00,1.719690943791535864e-01,-1.416855862260255394e+00,2.043823744936002829e+00,5.427006228134824140e-01
7.741736393968390306e-01,8.582811265326707462e-01,-3.182664083068905470e+00,1.553318244452501329e+00,2.845068811555456767e-01
-1.197189937331114340e+00,6.810233676383592449e-01,-5.820734123146193983e-01,-1.478758352086863237e+00,2.124979098320627369e+00
-5.442350121823279901e-02,-7.333222492156573624e-01,2.114033605976678665e+00,-1.880258142775184327e+00,-5.956972932029569456e-02
6.542081810921460683e-01,1.344877816557848105e+00,-2.576510558575101584e+00,8.198517784565060307e-01,6.333143292526439705e-01
9.175931122726472822e-01,4.286248914446597058e-01,1.341764115762205112e+00,1.645812053449624557e-01,-4.807604449266683622e-01
2.384729839592647060e+00,-5.966660039624777090e-01,-3.557619952283129550e+00,1.397086992298719021e+00,1.778184252352338568e+00
1.521392377105614147e+00,-1.318540473523774681e+00,-2.333056358039140576e+00,-1.453027335158762146e+00,2.406576094332650406e+00
-9.634871085943806923e-01,-6.068779686530973577e-02,-2.471645417883722828e+00,-2.067047891204186971e+00,1.466446277647054597e+00
-1.731737071168584663e+00,1.290907098554562094e+00,-2.056049318020397809e+00,2.202055215152631806e-02,1.408889055014275193e-01
2.265713818180455696e+00,-1.795075293396164728e-01,-1.312731662367577989e+00,5.700498533590925287e-02,2.111303815369388825e+00
1.955792570843981393e+00,4.636305725509612952e-01,-3.054703642135799591e+00,1.195025980652460351e+00,6.054264330292846719e-01
1.540286452428205166e+00,-6.337667348376796461e-01,1.810269643548808816e+00,-2.684357033806084925e+00,-1.810652638290168870e-01
1.181192228174587466e+00,-2.152175693794824984e-01,-2.494487272079711992e+00,8.218809932632418214e-01,1.309755207514076591e+00
-1.566864812447183342e+00,-9.827795254862070617e-02,-2.966808127816841445e+00,1.440368008408668299e+00,1.111770798602665700e+00
1.331817080347844406e+00,-1.159575495188343242e+00,1.084267893720500808e+00,-1.891370091962294886e+00,1.190104896711543292e+00
2.996218964386833328e+00,1.395310416027341294e+00,2.431259485791512187e+00,-6.172800061443939335e-01,2.159363176418176433e+00
-1.643567005450531582e+00,6.996435699208570780e-01,-1.841616506977030499e+00,-9.061646539350836083e-01,1.179719826999159782e+00
1.990411688705889581e+00,-7.893652165072199134e-01,2.897212687333907688e+00,-6.296523225188629391e-01,3.608113445214066184e-01
3.275336939000095260e-01,1.897474530297717177e+00,-8.200717150791232424e-01,6.700699570419759166e-01,2.441689467594810869e-01
-1.977876032748645319e+00,4.006037451017295803e-01,-3.673695654321758486e+00,9.675717916565691468e-01,6.344043788288907804e-01
1.128689158372837564e+00,-8.214301379086071941e-01,-1.241054842769763189e+00,-1.416776598529826181e+00,3.184160818363790391e+00
1.438197362458281559e+00,-6.624442376957431766e-02,2.145125534274744616e+00,-2.891081494242276895e-01,-1.790822253759727367e-02
-6.771639493328865944e-01,1.181819729166715183e+00,-3.472872198008576383e+00,1.981136681026023361e+00,9.341930303023726623e-02
1.801243855702194807e+00,-3.002976446047303516e-01,2.390558539068419197e+00,-1.184113644096459694e+00,2.732122918323088290e-01
5.078314173027336231e-01,-7.368184971013094220e-01,-2.128920030627205584e+00,-6.567510918083526716e-01,2.807531882896380893e+00
9.952332534035500666e-01,4.096674941945285808e-01,4.406971705674402884e-01,-7.280448273906525714e-01,6.681131137599211067e-01
-2.338584735344898746e+00,1.088944717495033743e+00,-2.833641770028991758e+00,3.102265298800754412e+00,9.982730621009214822e-01
-4.962612459124570163e-01,5.168265802976873546e-01,-1.984444379345648324e+00,1.431402733808771366e+00,1.212186563932674321e+00
-3.647582848134665046e-01,-1.460778840112870736e+00,2.679489521888227088e+00,-3.031614932586942590e+00,2.586894818127885021e-01
2.034602177707429238e+00,2.976768691133218625e-01,-1.017072270870913453e+00,8.431163018669146636e-02,2.074524058197739329e+00
-5.391932256866315276e-01,-7.355443044485330262e-01,8.294725747228871571e-01,-1.379594925520892135e+00,2.239477968655874118e-01
9.038662753250874538e-01,-5.140503146952024593e-01,-3.322514063389026440e+00,1.542603279017287221e+00,1.651507248584703991e+00
3.522718442246585147e-01,-4.838014410075349714e-01,3.133111678550545842e-02,2.674978413180395975e+00,3.478182033640650150e+00
1.438154503606084322e+00,-1.360895088873221616e-02,-2.396610314811827180e+00,-1.168844803966894386e+00,6.203363631887530705e-01
1.606441260133600668e+00,-3.706824251582527263e-01,6.624610002048125779e-01,-1.594784315968313049e+00,-2.891188322526375698e-01
2.940341944820151099e+00,-5.654008510369605556e-02,5.918125298358182240e-01,-3.071521413657838373e-01,2.063755772089567175e-01
-9.879879744255382068e-01,-1.486317727255833221e+00,-1.105755315998094845e+00,3.147699941267917190e+00,-3.765676146222945997e-01
1.876984491085460061e+00,7.398121992056123641e-01,-1.908925133492987092e+00,1.881138774513882783e+00,2.502777067237170527e+00
3.931688176872482066e-01,-2.529919381679355705e+00,-1.283780118372635393e+00,1.394578682196323527e+00,-6.194283997750313908e-01
4.008175060595018935e-01,-3.589633640598023367e-01,1.922815404278074958e+00,-2.248221809016828665e+00,-2.080602938471901586e-01
-3.436377746603614947e-01,1.472947999085448156e+00,-2.820797032743828758e+00,-7.538470503954115554e-01,3.174127791745364746e-01
9.773691481689545935e-01,2.199622624791131020e+00,5.566151910745299469e-01,-1.300281291219177682e+00,1.271398792031123826e+00
-2.110983830995849964e+00,-1.160971328099226207e+00,-1.794559390375759067e+00,1.922616099657987299e+00,-6.715812141425117066e-01
-4.287254554146667784e-01,8.628817469589550315e-01,-4.120551144222520001e+00,1.650249412986362740e+00,7.584198724348315546e-01
-1.921050203815934387e-01,8.168907730354171282e-01,-1.155987512528427130e+00,-5.166986908895050412e-01,1.205934859452472141e-01
2.594987636599864089e+00,-1.558083443932912759e+00,2.103783955463420341e+00,7.661414183537922362e-01,1.020580343932793399e+00
2.881274537861545859e+00,-1.883942076511742503e+00,8.596603180235915520e-01,-1.636300640340826895e+00,1.600078475646269371e+00
-2.604254344438799995e-02,-5.908523317452096801e-01,1.215918001976282969e+00,9.923016624502611904e-01,2.078358363089367333e-01
1.333047888491031951e+00,1.184733713778848729e+00,1.906478035881188915e-01,-1.554148200743090680e-01,2.378452643548221612e+00
1.201193653274998940e+00,-4.522609079576609403e-01,-1.811046883712380318e+00,2.009133636145582713e+00,1.553603176335382585e+00
7.217013074650656668e-01,-3.822021707943651370e-01,-1.650935674671052622e+00,-3.670841446221175808e-01,1.329171133081264111e+00
-5.346797458737121422e-01,-2.356652463710313949e-01,-1.587334463223786463e+00,2.517207363585885371e+00,9.009232727216602843e-01
1.255115824909359468e+00,-1.562242148508602158e-01,-3.601273830567701228e+00,1.204871971096866279e+00,2.513433063225362307e+00
1.637640556817654858e+00,2.757993453011958751e-01,-9.159722557878340332e-01,3.834056259722953275e+00,8.237923579447186118e-01
1.036248614320899097e+00,1.834110459738057752e+00,3.480412000762031499e-02,6.583077334715142781e-01,2.092480231959672032e+00
8.733270173417695403e-02,-7.400645946066468639e-01,5.028112982139785192e-01,3.335734767813495205e-01,-1.040336143310739203e+00
5.616717462884275314e-01,-3.648315354243835129e-01,-7.844720847287351972e-01,2.440972572055470469e+00,1.446323297264581864e+00
1.107436305048999259e+00,2.617971090619338748e-01,-1.450674121533851668e+00,9.897497849163945371e-01,6.077116684430374782e-01
4.552885919250084790e-01,-3.354475789289799170e-01,8.268464743283087115e-01,-2.764852904685581869e+00,2.942017553152459497e-01
1.155086526572907113e+00,4.922224340566594414e-01,-7.462658211248984763e-02,7.118840618916765228e-01,4.218472051316467741e+00
6.295950739624218695e-01,-1.308258300252163608e-01,4.218519637661181654e-01,8.850365583492427746e-01,3.142646264338329054e-01
-2.270505853281999720e+00,1.030920877906562616e+00,-3.624561596522677398e+00,1.362808335551901839e+00,8.060898579066719805e-01
-2.829109984987685067e+00,7.188698531400714575e-01,-2.139923418815653733e+00,4.701197711651538214e+00,1.124151658853493219e+00
-1.103788609605367510e+00,-2.005193833878240905e+00,4.346620791428844610e-01,1.253477782193034296e+00,6.736098469499335328e-01
1.001102153104832970e+00,7.690108106316133618e-01,-2.335953381734511947e+00,1.696021203667424038e+00,1.458523608174057407e-01
9.122530661283095865e-02,-4.940716138996920082e-01,1.282020374129184681e+00,-5.969391556670415877e-01,1.203645683202759775e-01
1.697811108992324014e+00,-1.809275219633285747e+00,6.521860010728296464e-01,-1.153284754067111173e+00,1.237001536371532096e+00
-1.149677711022322191e+00,2.695695212302438470e+00,-1.068187050829263240e+00,-1.158959771028787555e+00,-1.133950505646055040e+00
2.333249914059489782e-01,9.545542707283488637e-01,-2.745819985420721032e+00,-2.827182493672225072e-01,-1.080340816231067369e-01
-3.242589275288731976e-01,8.977960443528485435e-01,-3.013527142733474662e+00,2.412246904305484829e+00,7.483153664299999619e-01
1.166931812127766754e+00,-2.413506956903242351e+00,5.665305627738536076e-01,2.339430068968734400e+00,9.486452399570822758e-01
7.214532107685773799e-01,7.989204048591237450e-01,1.882203805367139271e+00,4.736790720290590118e-01,-1.070791904654257998e+00
-3.672394469295547914e-01,2.378587459486583455e+00,-1.217840514931769924e+00,-6.577575564962284682e-02,1.993875237520726484e+00
2.476924136525418429e+00,-2.790148695659119826e-01,-2.845138054863025623e+00,-1.584240281847411946e+00,9.863897158802888976e-01
6.477878249506628938e-01,4.381953768483216050e-01,-6.005345049297430293e-01,1.732995830235527501e+00,2.170397629605887779e+00
-4.930772075322268355e-01,-2.441115291229374318e+00,3.961949470417665875e+00,1.598880913551954608e+00,1.131314409590774561e+00
-1.455150997466836404e-01,2.144149099164444072e-01,8.489162804041494592e-01,9.825739677524907290e-01,-1.380780183549823459e+00
2.346121889764330781e+00,-3.882853179644396580e-01,-2.526859435019625622e+00,1.862258498135379359e+00,1.921600321411975454e+00
-2.377871043549781294e-01,8.259113790588233917e-01,-1.843037215215120206e+00,1.216541019671788071e+00,1.737405466990531444e+00
3.517538981137492193e+00,-8.277661449881789091e-01,-2.247555935689173445e+00,1.715884359650491353e+00,1.228021615297770319e+00
2.997043236858798476e-01,-6.187854671878909585e-01,-6.821004429541071001e-01,2.369674836536495466e+00,1.046991110050415230e+00
-6.906993681709623356e-01,1.219983025297302071e+00,3.897747290134883080e-01,-1.954708327855551264e+00,1.748940983432888618e+00
-1.144659447832061305e+00,-1.094292291145856133e+00,3.003751176325626826e+00,-2.506967574994786396e+00,-3.784199252411057923e-01
-5.245475423334609033e-01,1.119412721831311908e+00,2.993784351431636459e-01,-3.563747654093896711e-01,-9.153528304131638427e-01
1.706780703154758161e+00,-7.392653802256994311e-01,-1.324572437271736236e+00,5.170149243660077110e-01,2.078237494068045699e+00
-1.663746269250849785e+00,2.012515142142980995e+00,-2.347392205838072954e+00,-1.486895664137983131e+00,-1.020834584158162306e-01
-2.057504598564416032e+00,1.245362463752487159e+00,2.646600890085089031e-01,3.829354808891610729e-01,-1.142563316512524851e+00
-2.143824795267731176e+00,-8.892745988601530316e-01,1.638955125303043658e+00,3.079885370880515172e+00,3.779560528436144429e-01
-2.226610841433983856e-01,6.922650712968491105e-01,-2.300777197011855790e+00,-3.333837508691440132e-01,1.824164203165766551e+00
-1.406140235257727911e+00,7.034025333140913050e-01,-1.583692646924683478e+00,8.295641109301615801e-01,1.506886225102764598e+00
8.992996796106818014e-01,-3.881445757702617350e-01,-3.845530257036442912e+00,-9.687118088851209841e-02,2.197633201974182882e+00
6.428110596639796670e-01,-3.362285699571554987e-01,1.893931582689677873e+00,-3.334482103307285783e+00,-1.839479443145723980e-01
1.209685077331133174e+00,-6.474003194931879368e-02,-1.589638912086608125e+00,1.276711582818429225e+00,8.787257624553654889e-01
2.161960446964812377e-01,-5.164090994835514037e-01,-1.506128080751431453e+00,-9.829289502243565568e-02,1.217566540255947238e+00
2.777207462976139407e+00,-6.628590412237296281e-01,-1.757329356725819025e+00,9.847306524204384459e-01,2.858288731879858879e+00
1.073818939424565411e+00,1.035490284554914764e+00,-1.097775475138385914e+00,2.924949390906542490e+00,-4.599163427892174472e-01
1.404855642961484463e+00,8.921009722205337500e-01,1.467627122650569049e+00,-5.277045059681273464e-01,-9.847682057996959282e-01
-6.811552034369650066e-01,6.379884458884724774e-01,-8.928712339062196968e-01,-8.902138645935341321e-01,9.247517001560603411e-01
3.493065896863747355e-01,2.066518661778955490e+00,-1.821295743969023606e+00,2.070939669901325608e+00,2.437492231196809467e-01
-1.411307145457689094e+00,3.056716534444009481e-01,2.168827755058067464e+00,7.130739102755234704e-02,-1.470438256364841489e+00
-7.944457815429238901e-01,1.437537045937371971e+00,-2.707982969173268195e+00,4.382465713914667660e+00,6.706808801853847424e-01
1.379087635273445467e-01,4.798121588048862712e-02,-3.934230814412561728e+00,2.809657548345232847e+00,1.612173990215993280e+00
2.444046078097100172e-01,-7.467121035738479851e-01,3.228693478285727281e+00,-1.945355381854236287e-01,-5.567469174226769013e-02
-1.471092740747205863e+00,-1.737444384033407729e+00,2.073077954013549107e+00,-1.731642636014373515e+00,6.944117957127711183e-01
2.186536092651751861e-01,1.265545091713613957e+00,-2.668468763133639232e+00,1.941219419138692781e-01,9.736381734852064262e-01
-5.745554994431957274e-01,-6.810348893020728989e-02,2.094860915252524380e-01,-6.162960459780048028e-01,6.123991205939127713e-01
1.688836819825745739e+00,5.287002676660908923e-02,-4.422726510455301518e-01,1.908799391520531907e+00,7.933095782484549385e-01
1.829611144602977912e+00,-1.654903968656378233e-01,-1.922974548428683983e+00,-1.518780201354265280e+00,1.595710147109115518e+00
-2.060474718168052277e+00,2.600421788107020848e+00,-3.181448345368969033e+00,-1.040289207284856854e-01,-6.672291748528048627e-01
2.547895293162676378e-01,-1.225253189095093787e-01,1.404802950177714616e+00,-2.277561984452115551e-01,-1.328977902425619306e-01
-7.153667806889817404e-01,1.456491744684491385e+00,2.685893453336893333e-01,5.288397599698605456e-01,1.583836739225964685e+00
1.446838815566633407e+00,4.155645969550632035e-01,-2.014082913364716454e-01,4.047614860937390757e-01,-6.111250335649555110e-01
2.299401044997771759e+00,-4.004967650777443433e-01,1.225893048585694256e+00,-1.255520143492865781e+00,4.646297532524591434e-01
4.023225426193615117e-01,1.434388611480539755e+00,-1.292520537720493801e+00,1.347546180042835440e+00,-5.418319863895226796e-01
3.127869573777194434e-01,2.665052048535244689e-01,-1.307317401155407843e+00,2.408928243153431126e+00,2.096102948027016133e+00
5.642092483716009133e-01,4.850163097135507528e-01,-2.054824618913321466e+00,2.907016365831909255e+00,1.610573356302924308e+00
-2.787701352880095351e-01,-1.241373386261684697e+00,3.442193361533854912e+00,2.211016265880833220e+00,3.832380503242350800e-01
2.489153402274013605e-01,7.611139548814226385e-01,-9.435176579118071949e-01,1.579588527669131715e+00,-1.358709794192904941e-01
1.689296622340143550e+00,-7.254178285834177453e-01,-9.596380677957655481e-01,-8.315397023560610057e-01,7.854494406233514248e-01
1.720057286809118846e+00,-6.645177691732273573e-01,2.087833294642441828e+00,-1.080937889328840162e+00,3.755882702047796950e-01
-2.105174701914034330e+00,5.673995528482290718e-01,-2.695415315140599954e+00,-8.991088999988965380e-01,1.181822972234405356e+00
2.393931774902107734e-01,3.241440351207875992e-01,-1.886498589536068415e+00,2.838276790291907936e+00,6.824685558461907053e-01
2.483306758505716694e-01,2.758666884819915149e-02,-5.362421031364140722e-01,8.126189933075312899e-01,3.075291220337071918e-01
-7.342095411009208483e-01,-7.536502558093272075e-01,-7.367644365332108869e-01,2.049836840241402669e+00,8.152678306454363977e-01
3.692743679182408645e-02,1.002994136150203719e+00,-2.618709970778226204e+00,-1.376713743475557861e+00,5.418199690412486280e-01
3.776205504691310111e+00,-5.431970028799983918e-01,-3.048638366502229413e+00,2.377966629219801842e+00,1.644976743235326389e+00
-2.600390100263112458e+00,3.266838383144439195e-01,-2.688697943259184431e+00,1.691760549640440203e+00,9.556077603256889486e-01
-1.894976777470101403e+00,7.274544810949006290e-01,-8.573915397867822863e-01,2.618713788057120961e-01,1.747996261850113697e+00
1.282377792784149761e+00,-7.296971085422416792e-01,1.763840860606105565e+00,-1.443087006085697510e+00,4.867404448986326626e-01
1.588984617618399042e+00,-5.203237936270288522e-01,7.667089099969903732e-02,5.153636880671734755e-01,5.329274748414153384e-01
3.605356378934276851e-01,1.234023389722833430e+00,-2.448651972945448563e+00,-2.573964992473762314e-01,1.053052734527175849e+00
-9.709629026580556266e-01,1.610594071870661559e-01,-1.635657375564649518e+00,2.165409609754013864e+00,6.665100191565518362e-01
-2.122017668256340528e+00,7.431748444372775486e-01,-1.367181492155743028e+00,4.717040420884803797e-01,1.466364179946987756e+00
-2.519586361543072250e+00,7.597618248600630508e-01,6.015606494658931602e-02,8.369846236626748981e-01,1.593589730626376877e+00
-2.352404941163001861e-01,1.123570631884122095e+00,-2.108030853559152540e+00,8.419035311046767500e-01,1.392870630117647446e-01
-1.177014899829152972e+00,6.451410291800478980e-01,-1.429633649689902253e+00,3.265459501004969400e+00,1.396407614988575574e+00
9.351714000277632222e-01,-5.145030884239618074e-02,-1.744563277833703907e+00,4.601954903648763917e-02,1.526227469541725057e+00
-1.340794114043563967e+00,-1.808990400247027230e-01,-2.194949517516930015e+00,-2.429197610596647294e-01,1.599573855540473932e+00
-7.124200955086263942e-01,1.769471368295777447e+00,5.110781207062601306e-01,-1.047984049567707743e+00,1.901110482863033857e+00
9.840658172631167044e-01,6.370876207680652159e-02,-2.139943297180122883e+00,7.883131437585093604e-01,1.458216255299668862e-01
3.844745107949220753e+00,1.191467570452238611e+00,-7.383085970115187413e-01,1.465857457059510427e+00,3.076873563073261764e+00
-4.230563051318003698e-01,7.805168038767894556e-01,-2.100496794726387062e+00,1.838588670706923667e+00,1.086305485838700235e+00
-2.864849642803396490e-01,-6.154595575623483805e-01,6.243728679769440237e-01,1.101398663562706659e+00,6.305279405389451197e-01
-1.581974582817927466e+00,8.354912986909097672e-01,-1.515838823572380534e+00,3.829963977718592538e+00,3.090800779987503688e-01
3.139306087522821809e-01,-8.105408547037056266e-01,-1.208108442056261111e+00,1.433387978911091487e+00,6.627503124425214720e-01
1.883597336190086180e+00,5.776814520028440425e-01,-2.728731201537437201e+00,-1.147738354828510499e+00,1.407817718060876411e-01
1.005923401702322195e+00,6.982387302791608075e-02,-9.812880266101905447e-01,-6.107186819389134325e-01,1.939869825743149478e+00
2.914818804932824303e+00,-4.010158845633391422e-01,-1.997241999466997431e+00,1.541379807924714296e+00,1.159302474768568736e+00
4.789011269420754280e-01,3.500424051198197106e-01,-1.349860878865458025e+00,-1.581241041842416095e-01,1.451760293770696375e+00
-7.311852342117136638e-01,3.923181491822775313e-01,-1.708713883752610574e+00,6.503751388541122447e-01,2.420567555478251309e-01
-1.912105116086271206e-01,8.080382091787763343e-01,-1.186295227694730503e+00,7.603245596369793136e-01,6.789460818492043526e-01
-3.178765463774322897e-01,1.156408823211129040e-02,-2.799551322873011117e+00,3.134636090959501686e+00,1.596543468688772727e+00
8.005970364780902182e-01,7.735434586147414693e-02,2.811533256334372233e+00,-9.131415123797936850e-01,-5.236065118670301111e-01
3.607110805650552532e+00,1.106499334287996961e+00,-3.920486953730574209e-01,1.674889325567502141e+00,2.760175322394490927e+00
7.503179763266696334e-01,-1.966891287892227336e+00,-5.210786880550357658e-01,-4.680231364234547220e-01,-5.982318959638114331e-01
-8.345172600919077421e-01,4.912590205187343240e-01,-2.564980512501817689e+00,1.509428438908184011e+00,1.116599304240750268e+00
-4.846826536144522302e-01,6.416022298873640395e-01,-1.420096502287711893e+00,-1.306244487365337825e-02,8.847488490852951637e-01
1.758404327460887817e+00,1.511068960830219021e+00,-4.825778073790104039e-01,-6.273759006583855546e-01,1.092585913359451988e+00
1.411728069040902422e+00,5.513822670762233980e-01,1.268234004021600914e+00,2.379915074943344866e+00,-3.210216690684465357e-01
8.506786128724576068e-01,-5.513367422515139671e-01,-2.486254813467669855e+00,3.342068434751603867e+00,1.487608455640999860e+00
9.917357473920022093e-01,1.225240975785047981e+00,-1.790661175065406674e+00,5.321767692925608584e-01,8.414993545238353967e-01
3.877099510938263882e-01,-3.307795687124925887e-01,-1.020015915639588683e-01,4.157712868970596665e-01,5.582908379132247578e-01
1.440088260820471255e-02,1.449009007734006482e-01,-9.194880018600424254e-01,2.203466469484152146e+00,1.679644290251772754e+00
-8.346161591450204087e-01,-2.167063626280832933e-01,1.493579729575553072e+00,-1.583323171763442838e+00,-9.846059003814966459e-01
8.187252207614134081e-01,-1.611065418869167890e-02,-1.030833709725946346e+00,1.926877713598163178e+00,4.993664806193340300e-01
1.736693803677292092e+00,-2.752012756142682148e-01,-4.447750123386279286e-01,1.296541179152948420e+00,2.384390741003622693e+00
8.853076713531589093e-01,1.871107190361772851e-02,5.539942306780680781e-01,-1.143021225320348666e+00,1.984546546507249820e+00
2.708271961902227076e+00,-2.309941711497026928e-01,-1.650381041181946618e+00,1.191634965479466235e+00,5.961880764302014413e-01
-3.245581796996632740e-03,-1.440412356371943536e+00,1.126167902530478715e+00,-1.787392328167708211e+00,8.301668408751182726e-01
-1.537957916391003099e+00,-1.695852484034916285e+00,-3.624038540597882552e-01,6.304715206152649021e-01,-5.177206251949345583e-01
-1.045415819697314008e-01,-4.179390369883621559e-01,2.159452611710444003e+00,-1.908889034260130568e-01,3.451471912607915193e-01
1.978859071878303011e+00,-7.244342283514011438e-01,-3.065099705091013593e+00,8.587125705372748996e-01,1.863206065466584072e+00
2.859272041818337939e+00,-1.118698440537864158e+00,1.263921259433133049e+00,-2.597039632646451768e+00,8.641107387124884465e-01
2.214186839646409499e+00,5.484573434828384775e-01,-1.164433588787552321e+00,6.108580655193529552e-02,2.712354579284512290e+00
-5.553285149782398733e-01,9.601386233244670887e-01,-2.734709886599575590e+00,8.947257075979817564e-01,7.368343717034855356e-01
-8.190536851212648628e-02,1.776190357379096585e-01,-2.292774344595041924e+00,3.994593966769927729e+00,1.339977535700769495e+00
-5.634514726471531176e-01,-1.017670340644108995e+00,6.193985965215708100e-01,-4.670700311839871555e-01,-1.221221175750253574e+00
5.219033001186994536e-01,-1.089643974935168957e+00,7.646874714447199350e-01,-3.995191148873082909e+00,8.663978129132501316e-01
3.937127691666370000e-01,-8.251873571085880377e-01,1.280140556974442401e+00,8.471112528248296858e-01,2.986945732778112372e-01
3.529034051018795082e-01,-1.187364000566611733e+00,5.382397536739302879e-03,1.004548132483695788e+00,5.685916587820920576e-01
2.597214872917477990e+00,-1.238939773441226494e-01,-1.437229821807361141e+00,8.299270263225828614e-01,1.628300964889312308e+00
2.427863863674617484e-01,-4.214682909767083485e-01,1.179222208213331902e+00,-1.538642670603860729e+00,6.252853373331199727e-01
1.336622353562092691e+00,-5.222574314975469978e-01,9.882370473732933203e-01,-9.553619047530004238e-02,1.966712459357299325e-01
6.442949632273257121e-01,2.125290601745149388e+00,-7.986720798225931395e-01,2.776152661025376833e+00,7.645751198164058016e-01
-3.022070820267124258e-01,-6.705302537652350903e-02,-1.134468505290391782e+00,2.247283879249577510e+00,8.570109249761028725e-01
-1.564407649631475605e+00,9.712384965274148962e-01,-5.918801132991857727e-01,1.819399295598154165e+00,6.609123367315269393e-01
1.937957034195274542e-01,-4.074304516722742076e-01,-1.494996848661382494e+00,3.673505698289419863e-01,1.263232649596792045e+00
3.337418906542296559e-01,8.841077713523870507e-02,-3.073391574416096006e+00,1.688875635457417701e+00,1.220969741225428562e+00
3.389867027042265502e+00,1.180951654814840879e+00,-2.450450150349388068e-01,1.067550483338733480e+00,3.009786197702707611e+00
-1.959874401343663752e+00,4.194402278725820610e-01,-3.650484193358927154e+00,2.289046120014007979e+00,1.192834872718374850e+00
8.710763971510184778e-01,-8.005866515677175776e-01,-2.742775204090758479e+00,2.457320705802863436e-01,2.733308444168848439e+00
2.479086378228893661e+00,-9.988327862901303922e-01,-1.329589821327268329e+00,1.133623253967081412e+00,1.185991417649629120e+00
2.507116474526311478e+00,-3.982627918408860879e-01,-6.442282437837043574e-02,1.921034231270756232e-01,-3.966109629650019786e-01
-2.910107332388187640e-01,8.317955455617078719e-01,3.093743305734057425e-01,-2.274006701086060955e-01,-4.466338772403819490e-01
-1.928633586487796814e-01,3.106921514136062878e-01,-9.652545267469004875e-01,-1.488999035982807584e-02,4.962947239077543649e-01
-4.790140009488474959e-01,6.008131782348099387e-02,3.508768016170507931e+00,1.405027004163821758e+00,-4.415214798956350606e-01
-5.193263418788689467e-01,1.365030542426694637e+00,-3.388707448971112202e-01,1.375237328389572466e+00,2.255420874206095938e+00
-1.265492831235388360e+00,1.081757657289004415e+00,-3.134892759092059222e+00,7.401273568213873055e-01,8.461415835619334747e-02
2.272985954811134190e-01,9.940810687880672347e-01,-3.971224461978263287e-01,-3.006957828399619004e+00,-4.786844567553125707e-01
-7.858793303873132796e-01,-1.398547517378441407e+00,2.319727542557399325e+00,-1.122663590579796367e+00,4.171919012864104270e-01
-7.923458104614791164e-01,1.109008449715672279e-01,-2.066196512883487824e+00,6.820873764595445365e-01,1.604550661917634180e+00
1.257553919664292641e+00,-9.047977851352833056e-01,2.848663866515042109e+00,1.971031427999558883e-02,5.308082006956296173e-01
1.776344307132261768e+00,-2.396062174349031237e-01,-1.183132996582666019e+00,2.589280074710475166e+00,8.093306663068885465e-01
1.815132842263064372e+00,1.000563394426108754e+00,1.938321913498469717e-02,4.712576060273460099e-01,-4.822593628519802333e-01
9.226244361571229735e-01,-4.262383009130154415e-02,-3.081712504246802986e+00,1.925671156441380427e+00,1.739932580627831182e+00
1.033346508417265497e-01,1.228563720763170108e+00,-1.599987878140269437e+00,1.000178457403967158e+00,6.954966759878769000e-01
-1.109944203246435723e+00,5.000625830750943246e-01,-1.635658271486493343e+00,2.509256207726640930e+00,1.665575371062655963e+00
8.556042675674295772e-01,-2.265947525613893343e-01,-1.367721372568898586e-01,-3.000935523341307087e-01,1.791929376875961433e-01
3.482674755055522375e+00,1.420359425458791680e+00,1.320251764776298353e+00,-1.613065641002413564e+00,2.583870878215138944e+00
-7.190147334269006985e-01,-1.914475817075269592e-01,-2.067897150635467529e+00,2.129136929922276877e+00,9.608775077512583529e-01
5.288361607076664805e-01,5.580481812834466870e-01,1.588478850487288208e+00,-2.491232158249562456e+00,-7.864137476096464408e-01
-1.549399226992458356e-01,-3.141141055419013894e-01,-5.345253107234609891e-02,-4.219860651939855156e-01,4.313386858794245882e-01
-5.792893490043611315e-01,9.426886307712557533e-01,-5.055213349405758283e-01,6.470286851604951650e-01,2.723408675976618509e-01
2.367359587186588676e+00,3.286773352790606784e-01,9.572274404815850346e-01,2.229156724794393085e+00,-1.183597529687928640e-01
1.268002649382969693e+00,4.571480697944919069e-01,2.722410996925574977e-01,-7.643492711388388816e-01,6.884256430753699085e-02
-8.172196850122936951e-01,5.418133609527332473e-01,-2.409533350409030827e+00,4.230435801854236288e+00,8.021478499343515089e-01
-3.929874937273490909e-01,9.614818444288721899e-01,-9.563389516141013180e-01,-8.488031121109915755e-01,1.738216782232096858e+00
6.602001612802929076e-01,2.286100623490588735e+00,-7.435237903517498692e-01,3.321227534762626332e-01,1.602719763100597605e+00
2.458936960079841860e+00,-4.621398234314672560e-01,-2.717932904660711912e+00,5.755459941648366495e-02,1.859230993813974830e+00
-1.453051006374987741e+00,-1.452986550420385159e+00,1.258655001482616997e+00,-3.010235523326361573e+00,3.461251179929621946e-01
-3.664960382931757854e-01,3.658895907322838592e-02,3.348632085479176790e-01,-1.761939561926225251e+00,9.232022141937978876e-02
-5.503055389698428002e-01,1.483820921660597147e-01,-4.849837793384876861e-01,-3.371314315841265064e-01,1.817467808205465607e+00
1.367397220610387043e+00,-3.009014958581150423e-01,1.064052644495068645e+00,-3.735560792333775026e+00,2.816463197279302832e+00
2.168816626456750996e+00,1.118535509036626130e-01,-1.776033135558819920e+00,-2.682283411435468778e-01,2.454563342483884192e+00
-7.399767592711428144e-01,-1.294960166300716198e+00,1.807979920080383218e+00,-4.880817718197432598e+00,-1.344941473579885916e-02
-4.611839669786294005e-01,1.364513408491097313e-01,-2.998994765917128991e+00,-1.129555332202832885e-01,1.601335362614925817e+00
-2.289495896514964102e+00,7.968871434229145567e-01,-2.203651527037894464e+00,8.777984377909359148e-01,9.428290130891828769e-01
1.306799837728015223e+00,2.132957718789708079e-01,2.722194835307103933e+00,-4.729030580011259755e-01,-7.210351432854035236e-01
6.951480265018854521e-01,-7.018775357789561742e-01,-1.022790332551567039e+00,2.522600988816973366e+00,2.139407353198916617e+00
1.741173405832164289e-01,1.423736537817380521e-01,-2.363810707513486875e+00,-1.706274687705639614e+00,1.651745546300029677e+00
-2.158445847311614152e+00,-8.290451807505735404e-01,1.088414197280104467e+00,-1.177507256213411235e+00,-9.141165322392057480e-01
-1.866359040334286234e+00,4.368934928778890336e-01,-2.503165965011744376e+00,-1.218234819929437274e+00,1.229299543732645938e+00
3.419721867415948857e+00,8.112940040794064389e-01,-6.152441592062461995e-01,4.450316272970054610e-01,2.317240099861106017e+00
-1.338580484619532607e+00,7.542467753921667795e-01,-2.481439809583953604e+00,3.085993049480409312e+00,1.047899935784233127e+00
-8.581959503730433036e-01,-1.760253931340069133e+00,1.580342036719919685e+00,-1.865084667222710380e+00,-2.400227032263579918e-01
1.589328446965253550e+00,-7.423388637634449339e-01,-1.492869151201583477e+00,1.516539101125835565e-02,1.712865228132616657e+00
1.343260883101518255e+00,-6.363841222587944824e-01,-1.598968267501030605e+00,1.191325923985425472e+00,1.369381072741058913e+00
9.113415249914771366e-01,-1.726683624553283947e+00,4.748452748554607972e-01,-1.690884306749493637e+00,8.954488690052400113e-01
3.251641972241189338e-01,-6.425069560715744865e-01,1.820125833432582940e+00,-2.089202042443829566e+00,-1.122088324807585247e-01
7.991011795293979647e-01,-5.702044593851686161e-01,1.415766980270404041e+00,-1.612033715936062928e+00,6.228167729913602901e-01
1.888458708265304153e+00,6.625114692224468582e-01,-6.401620614516796426e-01,1.408053680186318157e+00,2.307103640112778464e+00
-1.181145443675293727e+00,1.587045706618598118e+00,-2.726853883235064835e+00,4.857266503291421955e+00,-4.090386629082689574e-01
1.204822987963391601e+00,1.555550426908955064e+00,4.373842809073780202e-02,-3.457089315640864413e+00,4.672667055154796079e-01
1.127536357903151432e+00,-1.887785370187627654e-01,1.471376322249500657e+00,3.260516805801395357e+00,7.524263611467951751e-02
1.105395353870766817e+00,1.435541580521043914e-01,3.828245087078092634e-01,-1.198910020987578456e-01,2.408184757841139945e+00
3.034505620479437393e-01,-1.160463305092180042e-01,7.769518272419330129e-01,-1.551785039107667519e+00,2.412379299750322392e-01
1.531329076683486168e+00,-9.077562031299237777e-01,-2.694990626039002635e+00,-1.817418602427718355e-01,2.631614502046852877e+00
4.777240877467216484e-01,2.631759836698052690e-01,-1.691800749973632279e+00,1.068825000150130489e+00,2.044648993191983344e+00
6.903096569167312957e-01,1.147450441360208018e+00,-8.497211362212087060e-01,3.293174303251789059e-01,1.667078000863013720e-01
2.326499267437998064e+00,-9.690765872762964195e-01,-2.363277130623826050e+00,1.301885450412283873e+00,2.224975953466228784e+00
1.954862497633401142e-01,-1.213803719049906915e+00,3.405586159069366126e+00,-1.371351678592458434e+00,4.771888689390600402e-01
1.553998836690378749e+00,-8.828541546812408436e-01,-2.262738341730236025e-01,-1.511629282561737231e+00,1.019055238733961311e+00
3.218618711289076728e+00,-1.551278152868392102e+00,2.568527400612187428e+00,-5.145702094857325104e-01,-1.871674366841352466e+00
-2.930523703248308465e+00,1.961148141444578885e-01,-2.479998704018905542e+00,8.095333558939450391e-01,1.022165725839972339e+00
2.269866409835381127e+00,2.078548824969769893e+00,-9.130309201848137990e-01,1.950383283655560129e+00,4.594814494906687141e-01
2.224131815466421913e-01,3.724538866364113156e-03,-2.126231622146319111e+00,-5.442992776472088678e-01,1.454858209356933108e+00
6.254373489683354159e-02,3.707424174131874195e-01,-2.267535265459262206e+00,6.209349638391299386e-01,2.078873407021328390e+00
-7.913562916042582440e-02,-1.163891674859714120e+00,2.501200676542401524e+00,-2.824246582808129347e+00,7.090235222210783395e-01
-9.802912108921785217e-01,-9.705766060936231732e-01,3.362038016284531583e+00,-2.209175524490736287e+00,4.967132111535111916e-01
8.953807324978385607e-02,1.286119834740189205e+00,-1.114835559006126520e+00,2.053683135143842264e+00,-3.569016487044210928e-01
6.316980300801169346e-01,-6.478343249523325076e-01,2.639516264107819588e+00,-1.131217410037401283e+00,-2.467036195611098659e-01
-2.567283372853024215e-02,3.770288680735280895e-01,1.021118724917751130e-01,6.180265771470260239e-01,1.685265967913577523e+00
2.667951185827062144e-01,-4.291070932996584597e-01,-1.446146124426090251e+00,4.736614533206167654e-01,1.855565739300812478e+00
9.207987881478608694e-01,1.771632048019941286e-01,-1.815205639755153033e+00,-7.926315384552515830e-01,1.250951405031811570e-01
1.805145563873081560e+00,-9.795223531982839571e-01,7.984570060611756448e-01,-2.136707678467898219e+00,1.016589597669235845e+00
-6.647441573209944554e-02,-7.647202586517154455e-01,8.422033946298623786e-01,-1.656239665916055426e+00,-6.752985333900586307e-01
-2.780536177815560728e-01,-6.626895208636965906e-01,4.735389616673074675e-01,-1.042945363335963993e+00,3.190695974747347563e+00
-5.716462401327665477e-01,-1.138064403392950563e+00,5.826487464020029261e-01,-2.032702315997525488e+00,-5.910661517752359151e-01
-2.382170250586378435e-01,1.554663837486681688e+00,-1.844904108198650583e-01,-1.294572956798650532e-01,-6.575956197025365491e-01
-8.850075677808043606e-01,8.399201491536745223e-02,7.237006962301092416e-01,-8.500044979257381783e-03,-1.205592479826583574e+00
2.261745313171500404e-01,8.806676219196898359e-01,1.235882593953969044e+00,-2.262287642104432894e+00,-6.062919601898746347e-01
-2.371128183333071071e-03,-1.068881845462682056e+00,1.315072690207840234e+00,1.149576364852030963e+00,-2.724621705020744411e-01
-1.480812959666186757e+00,7.242919757030189531e-01,-1.126234530594638406e+00,9.281268512356022349e-01,6.362287525960621526e-01
3.034158303300211190e-01,-5.982876647322719205e-02,-9.570501375723265980e-01,-6.423506923236619315e-01,4.365140285952873178e-01
2.066980203463558485e+00,5.036155670127501205e-01,4.449471539017806898e-01,3.667247702104202145e-01,2.327755295757576892e+00
2.188102807036184760e+00,5.045581376875268864e-01,-2.533246398287881007e+00,1.101760492822240645e+00,4.018930144837463914e+00
2.491639881161888948e+00,-9.908618249448184478e-01,-2.885326591875370994e+00,3.493470339250289491e+00,1.764239502956228112e+00
-1.000826588332458744e+00,-5.936003039474727627e-01,1.725480920844873811e+00,-1.701975465472484350e+00,-6.809425300919069723e-01
1.647439082544618572e+00,-1.473703167724197627e+00,-3.906587850185636590e-01,2.308860308714599796e-02,9.555648158654175273e-01
2.360718650185263723e+00,-1.047018467777763417e+00,-2.857917932278904338e+00,-1.680811545825460662e+00,1.456895334677392739e+00
2.621873200408697535e+00,-5.861760320761825183e-01,-1.553733015104590276e+00,1.141782170569517696e+00,1.606009669257009165e+00
2.319543139708947432e+00,-7.353152276465614312e-01,-3.210173786030338317e+00,1.117319694304401256e+00,2.004376827123060867e+00
9.855535081212859483e-01,-2.127203456777973845e+00,-1.285688525231418300e+00,7.291881245140505730e-01,2.336893430920115478e+00
8.343766112244571653e-01,2.199859461184734133e-01,4.335229206244420874e-01,-1.399266006672347018e+00,3.994471795425058591e-01
4.809782915482020416e-01,-8.564557206160491876e-02,-5.593174992732754536e-01,8.854219164751002680e-01,3.887910135382884880e-01
1.207381028386135036e+00,-2.279332090249105658e+00,1.529648410091352995e+00,-2.647978807589256522e+00,1.977163685549175209e+00
-8.696337597320356050e-01,1.658618209796411724e+00,-3.323627413793177610e-01,-2.279813546154628057e+00,6.081443976784111083e-01
-6.687241392455685052e-01,1.320795140016136071e-01,-1.933624164665288303e+00,1.336903348182549855e-02,1.609860573865212530e+00
2.034124675099791890e+00,-8.340528989096983592e-01,-3.240907735026070213e+00,2.221750825821294129e+00,2.683989377501074802e+00
5.306414000081010052e-01,5.238335682096607604e-01,-9.994478578428176441e-01,1.257702735922613169e+00,1.703075192512287561e+00
-1.524649746987024823e+00,-1.477662336351029282e+00,1.609836374980410101e+00,-2.603914305605242951e+00,3.247355399358755612e-01
9.568274053440450899e-01,-5.028051942271069552e-02,1.423260738743851395e+00,2.575451692021786254e+00,-4.534407739277823701e-03
-2.725369332703936109e+00,1.130320120954064533e+00,-1.987990147547521680e+00,7.093255984121579205e-01,9.293164845179591183e-01
-1.563337502123922640e+00,-3.628276245790845733e-02,-5.359002164998978301e-01,-2.243028740747477379e+00,-1.332960448520411845e+00
-5.200061238973452404e-01,-8.305572048417056985e-01,1.575031075489725652e-01,1.687718911913365538e+00,-1.215838319166040460e-02
-5.631638383391515124e-01,-1.161083263886860673e+00,1.162355511498923688e+00,-1.288171647684442922e+00,-2.563575337519836683e-01
2.604048316419538267e+00,1.094686283648108382e+00,-6.493826501322821354e-01,2.196741182499807543e+00,2.417218593769421719e+00
4.775483619666380242e-01,-1.792044238174748338e+00,2.410841681745262033e+00,-7.866009283038380984e-01,8.251105387235340149e-01
-4.697812701066754748e-01,7.113172770026368052e-01,-3.227710731393067967e+00,-7.277948407314024371e-01,8.676962754450074922e-01
2.400069402562527543e+00,2.687711075742057476e-01,1.182016957281815550e+00,1.092333814834224537e+00,2.629389608273114742e+00
7.387072565669794422e-01,-1.275312794338146448e-02,1.512419059318705905e-01,7.469511381493814106e-01,3.079410407588539789e-01
2.360619465456460286e+00,9.572022946940034194e-01,2.050593821189461874e+00,-3.097704932665498401e+00,2.576552075936478392e+00
-1.629032604715348498e+00,-1.969231094048695674e+00,2.876977958324419937e+00,5.542771070174643544e-01,8.882638856102429425e-01
-6.607195960464012918e-01,-7.430192152635153313e-01,6.852604321600024306e-01,1.098097850967633349e+00,-6.699301690790582242e-01
-1.484467929403178399e+00,4.062697165928585430e-01,-2.489861690413045725e+00,-8.268561222996362314e-01,1.268118004406924682e+00
-2.547031216990519376e+00,-4.805752403447737797e-01,-2.294136696607927295e+00,2.167730009025815363e+00,-1.758814414199488585e+00
2.429996614012358336e+00,1.458193111281190849e-04,6.568394440318278127e-01,-7.213819852787252129e-01,2.178341507687416856e-01
1.003972093570008051e+00,-3.696005215624031948e-01,-1.624709762575742955e+00,1.391667479899039384e+00,2.351128153732717330e+00
-8.189352938522054259e-02,1.711945796742063153e-01,-3.787664741022670700e+00,2.801916062369380178e+00,1.134408186328162538e+00
-9.029188578039798463e-01,8.286370843802054464e-01,-1.673374710655735065e+00,1.886654644843697604e+00,1.522793027284206513e+00
9.885662817602896002e-01,1.415897411806012585e+00,7.322570188750088249e-01,-2.994498157071072697e-01,2.351067644473650464e+00
1.314935796394326895e+00,-1.019599497822947898e+00,-3.200345192608505807e-01,-4.379969284351481473e-02,9.994499737935984562e-01
1.386196237443392043e+00,-1.794270450256873761e-01,2.536494203398945935e+00,4.417255622133464676e-03,-4.404722250098408454e-01
1.096110198434736560e+00,-4.697316084400995906e-01,3.901321472151364489e-02,-1.788773287009119972e-01,4.287533260364990717e-01
-1.257794450061351821e+00,-1.074282416361895670e-01,3.850392428653746646e-01,-3.249897189010795273e-01,1.626850788098769263e-01
-5.667496548340315021e-01,1.221005855318784583e+00,-2.303382964656854881e-01,-4.824787981070974840e-01,1.257934498045013338e+00
-7.838905790755993364e-01,-5.217920812869033531e-01,2.412417996704446566e+00,1.748447632116735262e-01,-3.222565028697278455e-01
-3.851793704927083395e-01,-7.283443431202111240e-01,1.524836181504296784e+00,-3.791722745349337842e+00,4.888040309831255814e-01
1.072465267148087431e+00,-3.549503698120417550e-01,-1.419625055182125672e+00,-6.349152512706326412e-01,1.089706359316047646e+00
-2.815199120110052800e+00,-3.839534289500966535e-01,2.074147390040576244e+00,-2.883142680848059136e+00,2.272218889976745926e-01
-2.853198362209270755e-03,-5.647753025597226362e-01,4.629748092560628248e-01,-1.650538114529266576e+00,-4.067647926844932815e-01
2.356396113863393094e+00,6.262765654870180998e-02,-3.740019195148078790e-01,2.058954878144758194e+00,8.266267919457419566e-01
-1.231550086070332117e-01,9.190736091228534077e-01,-1.485205796929697231e+00,-6.401489690880668437e-02,7.968500083771933307e-01
1.265517530623744502e+00,-3.354955873204376049e-01,-1.995924923411324770e+00,4.622449159342150171e-01,8.260968013563628753e-01
1.686703071891588523e+00,-1.425387906535907856e+00,2.274867963543410809e+00,-4.606429652455439339e-01,1.161019324281640230e+00
7.163845098465924099e-01,9.005063226121743369e-01,1.695985654442466739e-01,-1.380442224846910815e+00,4.324835624469226536e-01
5.439077190535402950e-01,-1.930894513523983447e+00,1.769801841703998235e+00,-1.464516528864853839e+00,8.430980891759251028e-01
-3.959052940945234633e-02,2.405774774602500998e-01,1.502444360629974218e+00,-2.692231521985544163e-01,-1.161785194123748255e+00
-1.682411294840903349e+00,-1.652700219931068637e-01,1.077472641068108195e-01,6.445772122437076757e-02,-1.503666859313810500e+00
1.455553219528235687e+00,-4.349134052659136551e-01,-3.039679266292186988e+00,1.178907322426296700e+00,1.828540926483337437e+00
-4.990457558976374441e-01,-3.905012480397516139e-01,-9.248568343638708944e-01,1.541502016235783978e+00,-1.003224462906785686e+00
-1.028499313236553192e+00,-3.845897270629419773e-01,-1.183614594130105058e+00,2.927676796789575597e-01,3.817777116265573589e+00
4.921555272077646204e-01,3.417497659572691915e-01,-2.917674566926606872e+00,1.106105962094353856e+00,8.214632533766428324e-01
-2.203783608172645292e-01,1.692275367914686468e+00,-4.235351122280650582e-01,2.960919854568239806e+00,6.184881898348202345e-01
-1.125376417926198691e+00,-1.101903350457472230e+00,7.792611173507879574e-01,6.864720343629313604e-01,4.225395303741548148e-01
3.869820931874189407e-01,-1.023483152133710439e+00,7.311873154714068068e-01,-7.260348636812937739e-01,8.710023399901195562e-01
5.204204297799572387e+00,-7.823460415292485814e-01,-1.936820104975150780e+00,8.883268674206665771e-01,1.618622162140207710e+00
-3.396084049985503839e-01,1.172308255131303323e+00,-1.318167622230881797e+00,8.987280444615808328e-02,-1.572197918865949617e-01
3.522692985577932090e-01,-1.834874885462399186e-01,-1.483215406165165895e+00,-1.355130132821635858e-01,6.196328858001803885e-01
-1.306030722293920476e+00,-1.255399930719360624e+00,6.033340534651898679e-02,1.746189292403085958e+00,2.243751745186526314e-01
5.726548118507290841e-02,1.258144373448211839e+00,-1.240871582980174637e+00,1.214185725907849012e+00,1.158745965584390136e-01
-5.362279878732350014e-01,1.484359052230401210e-01,-1.657750061964218258e+00,1.216370480826161282e+00,1.901889982168187387e+00
-1.640613082787619748e+00,5.211559238995336907e-01,8.688223806510508851e-02,2.158296525322239701e-01,1.901898127462144039e+00
2.934250874209449300e+00,8.174023970463369926e-01,-1.281507876956727632e+00,-1.984099514267467224e-01,2.916586298775082575e+00
-2.293733506398356159e+00,5.766920620138156206e-01,1.277146687281982551e-01,-8.302770652068919288e-01,1.811723392872149230e+00
1.275894906760667968e+00,-2.588687567558892177e-01,-1.709393576971057316e+00,1.255388234898048294e+00,2.894923589551794407e+00
2.983101773675171486e+00,-1.511486509814434998e+00,1.056128121212100313e+00,-2.121903833384542359e+00,1.189719131433094601e+00
1.384234275683238646e+00,-6.540241946211758917e-01,-2.752841867187577396e+00,-8.335462617540176922e-01,1.965472565019329654e+00
-3.559864704750622666e-01,-1.742823962741767874e+00,9.452563675640190954e-01,-3.465352925093101000e+00,-5.072276475262815776e-02
3.807741749705320089e+00,-9.203888327315945528e-01,-1.510048197358266009e+00,8.806939083505139765e-01,1.704028917358213935e+00
-3.887008758226698779e-01,6.705642254711698946e-01,-1.580181720069413265e+00,3.604100996535692936e-01,1.509618980977062819e+00
1.472443617519145986e+00,-1.227010969794349649e+00,-2.083881956375830846e+00,2.720844179686092268e+00,1.674769000829364973e+00
7.536766288350159604e-01,6.045482015246571583e-01,8.704254891306795194e-01,-2.646787397123461227e-01,-7.317503305160611982e-01
2.712852797516367875e+00,1.726547597755026808e-01,-9.798471219178894742e-01,1.592184916477460188e+00,1.617583762067045683e+00
-1.734048173359623801e+00,-1.116354224728158595e+00,2.212025286957756354e+00,-3.072879390871575911e+00,-2.640265652621032189e-01
-2.597233761876695524e-01,8.521622615604499407e-01,-9.805876394213650649e-01,3.066699644663557933e+00,3.652738949028508375e-01
2.503630809118039924e+00,7.155749184696554854e-01,-4.881474327227092180e-01,1.152721696250934569e-01,2.434417392738991825e+00
3.803697841428342663e+00,-8.652620463817337626e-01,-1.834129930903968031e+00,1.629490638934107949e+00,1.318159372563837195e+00
1.759681312430167344e+00,-2.666101289201371349e-01,-1.256376804784080203e+00,1.595595624910499222e+00,1.051234584045892984e+00
6.710462822403404637e-01,-7.926845077925280814e-01,-8.715564100308136330e-01,1.751832779930866169e+00,3.401770906499752556e+00
5.566964810231074257e-01,-1.613804362580852469e+00,-1.400619736993876652e+00,1.200655215998620573e+00,3.166484636252059115e+00
1.133440903543670997e-01,-1.911035770006551671e-01,1.358165366823273157e+00,1.057464786745228480e+00,-4.389823542098862941e-01
-8.546026469741656584e-01,1.577940723034930492e+00,-1.354777158930008163e+00,8.872142783309691083e-01,-8.538235388805159864e-01
1.337666846221112982e+00,-3.554715378614470289e-01,-1.609214783479441024e+00,1.032911572760402130e+00,1.432753136966527174e+00
-1.022599149527072981e+00,5.736836386995340931e-01,-2.590458808651251221e+00,-1.007713116773049311e+00,4.188464145305767494e-01
1.908554426450118635e-01,2.113161758532512702e-01,-9.502516004315758602e-02,4.617793793145870129e-01,6.931942483435238334e-02
7.799920708723597773e-01,-1.699366194094195537e+00,-1.482194272749127073e+00,1.361169409094583616e-01,2.363131732950399577e+00
1.051238200584402982e+00,-4.209548494061122192e-01,1.262785876816284958e+00,2.104341217280849996e+00,-2.546913260478546048e-01
1.704196599499496756e+00,-1.869971462247042304e-01,1.238019145373276730e+00,-4.474929904471460773e+00,-8.253246020542071015e-02
-2.117767462673689760e+00,8.592210409857836684e-01,-2.452709911821092437e+00,6.996636338021833268e-01,7.763672205081600941e-01
2.414801986973285075e-01,-1.212190323599070307e+00,2.555050656204650661e+00,-1.642131519529929085e-01,3.575596503336612164e-01
1.345795034542054958e-01,1.117177508079162607e+00,-7.002325830831376274e-01,-3.559552676638688684e-02,-5.762862146269985830e-01
1.751633363427866685e+00,-5.206479257641718483e-01,-1.303408953780451629e+00,6.283823272847164354e-01,2.192549185164055281e+00
5.575456450996340019e-01,1.130602149000489387e+00,1.223160325211136712e+00,-3.315891776057000140e+00,1.817833661297967085e+00
2.683572708961760700e+00,-1.413556687536391188e+00,-1.817540806925160402e+00,2.075929841710579371e+00,2.301614314819232732e+00
-5.903593241770240807e-01,-5.136919319980854937e-01,2.935744237880938634e+00,-2.141040642455363852e+00,2.734095894887724754e-01
-4.630542789754307220e-01,1.184938586703210062e+00,-2.071409815142690292e+00,-2.305013254069486484e-01,6.938744838236295953e-01
-3.252486299114638157e+00,6.962705999790939071e-01,-3.362342670271631917e-01,-2.136933379768617414e+00,1.257928143379030805e+00
3.259505660112946845e-01,-4.004325440294139171e-01,-5.039528662106740331e-01,2.415204249657068036e-01,2.923778270598355267e+00
-9.165301865002735138e-01,1.360285789577211579e+00,-2.005126105856343877e+00,-1.740383009185110241e+00,2.143561805083848970e-02
-2.755141764405060201e+00,-8.332375518071892806e-01,1.489046871891868407e-01,-2.637951799981371526e+00,-9.316957533064056385e-01
6.771291046718019846e-02,1.503116902873815885e-01,9.412577052543354972e-01,-1.042699718161285372e+00,3.820439602363450149e-01
7.059809709390367782e-01,1.517770484017032795e-01,-3.884167120186721167e-01,3.357556044571582632e+00,1.550717791537228551e+00
-2.422622433391842911e+00,3.332818255941317753e-01,-1.512022039376970550e+00,1.447457215218666882e+00,1.202761096435031485e+00
1.362098778279941858e+00,-1.361922896967564744e+00,-2.848113631192870976e+00,8.624139314578345150e-01,2.203738935930966036e+00
-5.449786227770374580e-01,-6.069841066427738019e-01,1.124980433987305961e+00,-1.561175898362371139e+00,6.622328551225155069e-01
-2.284847358244409543e-01,-8.638140152995340548e-01,1.658982743929776627e+00,-8.887942615972048710e-01,4.003696912785579265e-01
-1.393278881465793706e+00,-2.171975041163916043e+00,1.556599412782569414e-01,-5.773955330303076616e-01,2.396313099485987141e-01
4.244791334987049192e-01,-1.872381862080074288e+00,9.544309570567589551e-01,1.023223891683280540e+00,-1.479524129506736507e+00
-3.915534930830502081e-01,6.892550685181988435e-01,9.976339614707663284e-02,-1.739761611072367931e+00,1.756038435501106054e+00
6.463719857329759400e-01,-1.561513758492179882e+00,1.714692987241265509e+00,-9.344913133276480099e-01,5.716863328830943392e-01
1.713816301838586798e+00,-3.495997361525586822e-01,-1.316765232978851952e+00,2.877426272014033115e-01,1.781436520633753462e+00
1.113065354270737828e+00,1.540569461072757440e-01,-9.801232067071961040e-01,1.964382573447811531e+00,2.431167046282464828e+00
-8.541160155152027755e-01,8.085093035840261733e-01,-2.632433037914023721e+00,3.688917486392555567e-01,3.097824201876092642e-01
8.789129967555809886e-01,5.709371947744915771e-02,1.280131073738816738e+00,-1.899060653784500063e+00,-2.770665331639848850e-01
9.072333503325382686e-01,6.096586593717679969e-01,-2.506053504582773428e+00,1.660921040187520070e+00,1.874821626775537986e+00
1.712987332059924039e+00,7.750554993819774863e-02,-1.384767297073567494e-01,-3.862058232034595862e-01,1.033408333108263299e-01
1.108361806409140948e+00,-1.844667628427513750e-01,8.180845672770087340e-01,-2.082754274385365534e+00,3.578259452533361085e-02
7.248712428151913301e-01,2.443015130985461691e-01,-1.946546420675050904e+00,8.817523572408498822e-01,1.875194356555566877e+00
9.859189710692549680e-01,-2.425526228323271916e+00,5.625899627503759826e-01,1.188014866708848594e+00,-3.602763131776665073e-01
5.667244116157674760e-01,-3.569459363268299157e-01,4.817696334521281987e-01,7.185014915824079473e-01,-6.936025473309521683e-01
2.064856501796131560e+00,-8.827844663146234838e-01,-7.670374113174385222e-01,2.834194598981788271e+00,1.199737747829543011e+00
-3.640668282776277631e-01,1.501626199392457117e+00,-5.857464522826740794e-01,6.120376976456233242e-01,1.341780123107999323e+00
-1.708092048938414376e+00,9.955353082670055365e-01,1.506394141526106178e+00,3.173531236270098255e+00,-7.660644366069181421e-01
7.958146975507240928e-01,-1.619605756959680454e+00,1.965572016101229114e+00,-1.127294455295658082e+00,8.172028552965350245e-01
2.574887348648274621e+00,-1.990856555792407834e+00,7.428030188420108315e-01,-3.605792432842858108e-01,1.460371850283088691e+00
2.262718420426732990e+00,2.645740818476314704e+00,1.510058648084577460e+00,-4.792974099741934557e-01,8.765718079556751308e-01
-3.023026715986105284e+00,-2.205716085057806697e-01,-4.350847745716327486e-01,2.425642867557259219e+00,-1.133670508571788194e+00
4.820960190692006320e-01,4.314680332356651826e-01,-2.764956083553837818e+00,2.059992627405477172e+00,9.667367111107941779e-01
1.476042614367321093e+00,-5.224304447351389991e-01,-3.339869677190302477e-01,-5.395718502254432947e-01,1.074765444593050345e+00
9.292918199239185162e-01,1.413502825481648684e-01,2.418109464472883163e-01,3.978689065060052599e-01,1.064700397367731588e-01
-6.768327215918760187e-01,1.193170054831080407e+00,-2.381537162448887912e-02,1.346420877972617669e+00,4.166539098422705756e-02
-6.183800814055062656e-01,1.325978591993671074e+00,1.686311131323916523e+00,1.895052277709297073e-02,1.036387180699906763e+00
8.923882257149973185e-01,8.276712279459470800e-02,-5.006864767298824237e-01,-2.309875564734356512e+00,-1.452379038410179790e-01
4.734663143226149895e-01,1.261319989786574336e+00,1.631743320434902556e+00,-2.035387476077326951e+00,2.214270794042938029e+00
-2.325516599716354049e-01,7.483380878826204619e-01,-1.871169918917779729e+00,1.350703454466019249e+00,6.437033829505366400e-01
2.050136054485469206e+00,1.606862197730928032e-01,-2.815083256577589843e+00,2.000677368462792760e+00,6.228874922281435467e-01
2.883932990193310841e-01,-2.210543113468523557e-01,-2.665987298411984341e+00,2.179249685576605255e+00,1.074932498964993988e+00
1.548664906466861169e+00,-9.355993848996373152e-02,-2.417413595873211918e+00,3.185988540520886758e+00,1.696340740652180656e+00
4.163763588817275263e+00,-7.755240952462882920e-01,-1.182183716534563889e+00,2.968590561685315876e+00,1.229910868768294474e+00
1.016630126773756748e+00,4.792624171241841036e-01,-4.005850861172645105e-01,2.222018952343203679e+00,2.977877515186734270e-01
3.148842140373770970e-01,1.798245696899713475e-01,-3.302164590604204975e+00,2.386851704129910878e+00,8.973088074343934517e-01
7.806415012805789644e-01,2.589652710360266230e-01,2.241293856978097132e-01,6.491764595752731459e-01,4.953837908209305363e-01
-2.964139361998163746e-01,4.136385000698323822e-01,1.344480821238036583e-02,6.584950982047910184e-02,1.787299425365040939e+00
8.003889730626317922e-02,7.368592061815941729e-01,-7.311366654741887627e-01,1.190548237377337948e-01,-1.957787460088700193e-02
1.872398869481539663e-01,3.640989348632143741e-01,1.712575105784102325e+00,-2.519490700439711572e-01,-2.443692218842306030e-01
1.372004451483749721e+00,-7.587562377485883580e-01,-3.472866318247823436e+00,2.802297927493173191e+00,1.617851969658478328e+00
-5.474113832633492605e-03,1.691651583418366800e-01,-2.084368307183559033e+00,7.941598972335652817e-01,1.716952674640638943e+00
2.850297998533340760e+00,-4.732264110043844507e-01,-2.441443276003605334e+00,2.693447993812488672e+00,1.556476819001709089e+00
-1.942156210179545983e+00,-1.135638813429174776e-01,-5.941952930299935209e-01,2.685476643632983773e+00,5.865047873606898943e-01
-4.252903473468866435e-01,-1.555515781108799400e-01,-1.103307394078786974e+00,1.126506109873799621e+00,-1.152744446582596449e-01
1.246563915794341559e+00,2.174048842757264066e-01,2.228532394877363654e+00,-1.153006842607142479e+00,-6.070165278031488532e-01
7.039206866557321529e-01,-1.490797108679688288e+00,1.920072165608095460e+00,-1.896966981483160231e+00,6.695444228558573574e-01
1.405969915088329580e+00,5.144969760745380372e-01,3.042767552525632802e+00,-2.231869994753778563e+00,-1.343557823036974685e+00
-6.741770253037777660e-01,5.882230860828039365e-01,-2.660319345824349924e+00,3.178857640992192923e+00,3.450787576416136648e-01
-5.977864975866773456e-01,-2.117391733838050183e-01,1.984831269702259871e+00,-2.345614125123932414e+00,3.370123145277714727e-02
-5.226884498691437564e-01,-1.497035594427179372e+00,-2.805451078349111560e-01,2.186497520669752337e+00,-2.545545966116434800e-01
9.550304195703578358e-01,1.101052730101289567e+00,2.480582983791181917e+00,-6.832821533597916996e-01,-9.574212855322562499e-01
3.044437007286513452e-01,-9.076791217003596368e-03,-5.913406996241235003e-01,-9.516362900118741086e-01,2.303553115730679890e-01
8.283786203440576257e-01,-1.287618262815543868e-01,7.046761125556537664e-01,-1.770839108406295548e+00,-1.271900749413447107e-01
7.349066480412780322e-01,-1.088473067766004970e-01,-6.495813049880636569e-01,1.806222455682242378e+00,3.319670605427671894e+00
1.942507975763849704e+00,7.239863224348528359e-01,8.006622682398835122e-01,-4.378673427487580483e-01,2.085202616065686243e+00
2.892771216844701510e+00,8.241802610012274322e-01,-9.747646213324769882e-01,8.114707625975978167e-02,2.917990082998375811e+00
-1.511473281708930472e-02,-1.304333540385542167e-01,-2.241755103600935772e+00,5.385384525201825312e+00,1.953604361155806934e+00
3.805698104549098959e-02,2.144846540561922421e-01,-1.001348830470920603e+00,2.493202354168555956e+00,7.570948757455241429e-01
1.797082555943970039e+00,1.120511712183581698e+00,1.905548980822123206e-01,-7.588082440432066811e-01,2.296746181725326075e+00
1.297132664683701808e+00,-5.153808372637552759e-01,-6.620113975611471302e-01,-1.253606425774195010e+00,9.600208056116059652e-01
-6.610392030420895182e-01,5.048612397218591452e-01,-2.537995001970741793e+00,5.972758932027215639e-01,1.517318349834961166e+00
-1.688590752000383999e+00,-1.108798346572979154e+00,-1.101922073980522887e+00,7.486109201729558293e-01,7.566260332483643047e-02
3.602524304598794025e+00,-1.141245638129782414e+00,-1.390693480419785688e-03,1.031292379382195423e-01,1.253420000780791188e+00
-2.147838651669927934e+00,8.242613412874216783e-01,-1.168227966224996139e+00,2.085601202521409903e+00,4.901845469704372293e-01
-7.770947816772116878e-02,-1.566927296623921384e+00,4.804385462553633079e-01,6.543962257782699465e-01,4.675880760815950277e-01
-1.521696401362927498e+00,1.001316856641558672e+00,-1.082574964571580312e+00,-4.541925314241139766e-01,1.115585307860534447e+00
1.176122132497609885e+00,-1.287184835340622786e-02,2.503001993177835782e-01,6.944565121368642124e-01,1.132388625256683934e-01
1.680396732559585438e+00,-8.147337420090359217e-01,3.766479810347667656e-01,9.344622586200969361e-02,9.223591545056468721e-01
3.399596683187856572e-01,1.039497138512920582e+00,-1.110705224203759167e+00,2.159765481667361264e+00,-3.723990978839440968e-01
4.102365427342873350e-01,-1.043120398786532288e+00,-1.039260747206935953e+00,-9.477624082203801592e-01,1.262858119642761068e+00
4.410970667991583882e-01,4.944362748466046842e-01,-1.633586291258739109e+00,2.221144303750053339e+00,5.660570386048043856e-01
6.651477630891460269e-01,-1.488140233267161605e+00,1.974764341462812434e+00,-1.725773760521757794e+00,6.679302420800476980e-01
2.037575835822009740e-01,6.481438178887016788e-01,-3.066323748816366379e+00,6.175323276247324245e-02,1.116160312832258583e+00
1.131917786578691576e+00,-2.107409621429438662e+00,2.566308349044112980e-01,1.049963406323332515e+00,1.526917299438460995e+00
-6.401393191511763892e-01,4.154794194669046425e-01,2.668238583075338788e+00,-2.327060182640682484e+00,-3.847751714828531178e-01
1.572002682527344763e+00,-9.191910870209218931e-01,9.954908044670688350e-01,-1.483334826199466550e+00,6.571259809314471401e-01
2.723802927967993615e+00,-9.675347227672199679e-01,-1.747001306710396662e+00,-6.263098055044700185e-01,1.391850702939249729e+00
8.637972392417047063e-01,2.544952234564032523e+00,-2.429771925197672378e-01,6.164473496698565924e-01,5.657142939725503528e-01
-1.747462145139630607e+00,-1.101077703441213584e+00,-1.662680483287145017e-01,1.592270652208094939e+00,-6.081564698201084029e-01
2.942821441836771079e+00,-1.114170077023874050e+00,-2.367034526812740181e-01,4.954215719641091864e-01,1.497198560496759034e+00
-7.120671848576182184e-01,8.583825850745474551e-01,-8.790652230132476319e-01,1.363803950682114463e+00,1.833886990700305475e+00
3.912928859126525438e-01,-7.154991513529485037e-01,-2.368814705883389049e+00,2.549964402850254608e+00,2.654380077264337334e+00
3.186620154038518615e-01,1.060380102465896535e+00,1.986187002590949158e+00,-6.283284600866345659e-01,-1.549777370495728501e+00
2.301103891802052104e-01,-3.084435016430110421e-01,-2.818984674144070501e-01,-3.001812800698156369e+00,6.286464907217319542e-01
-3.043107523782959678e-01,-1.055402609139404646e+00,3.451583684047014433e+00,-1.592487850242185754e+00,2.478836550432589325e-01
-2.297331149516111726e+00,1.194059145987023562e+00,-2.237419307587642514e+00,1.256184376388716606e+00,1.186627177413073442e+00
8.725815613731838782e-01,-7.888533400936590390e-01,-1.628841477363750512e-01,-3.700324630488611710e-01,1.123420466863494838e+00
1.055365710847779859e+00,-1.087002324049830548e+00,2.041830561789617526e+00,-7.575030570796403850e-01,-7.105820649543936884e-02
-5.787234320831686762e-01,2.655121532559088782e-01,-4.323701478347286020e-01,2.385187045408606821e+00,6.734275841294314890e-01
1.980658823925909529e+00,-9.224860003478512205e-01,-1.897594769239974832e+00,1.568309775363502023e+00,2.097183634229385696e+00
5.911154628428023639e-01,-1.824568414370735914e+00,2.645810915329506408e+00,-6.035672486099612488e-01,1.030157346916880545e+00
3.968819538783392997e-01,4.517807128930935723e-01,-1.180980743500910757e+00,-1.069951013196225098e+00,4.430065637607130125e-01
9.293758363012494250e-02,-2.977456761619045600e-01,-7.290594483388502800e-01,-8.016536897180654986e-01,6.016391733447753465e-01
1.820055193270040395e-01,-4.756249648772568617e-01,-2.460037609078280507e-01,2.253208035456614411e+00,2.326988011884421059e+00
1.883408684361222551e+00,4.403066142318902421e-02,-1.260798600391481172e-01,2.736854304195446730e+00,2.811620433592936230e-01
1.877370451893147552e+00,-1.688804571389343812e+00,-4.275550342199557763e-01,2.440371038825859262e-01,1.491049986586058473e+00
5.159886872208344633e-01,-1.051023351794958094e+00,2.508258655967082973e+00,-7.719468357945042936e-01,7.159857718976133656e-01
-7.982230566349397538e-01,9.566656435692364457e-01,2.287893751310531076e+00,-3.962809028824970659e-01,-1.351458413227345279e+00
-2.151385376404352234e-01,3.311604784358326836e-01,-1.631230210935658231e+00,1.945555776903792111e+00,1.234425031523044947e+00
-3.313389651298535021e-01,5.349262353103905188e-01,-1.508958273848450382e+00,4.069161254103459413e-01,2.671976052304776417e-01
9.617804898610100572e-01,8.536297479210799496e-03,1.349196601546776841e-01,-5.274239691349043024e-01,2.728438558140836356e+00
1.132584829690963524e+00,1.996064259779128103e-01,-5.143022280552741465e-01,1.266378494524682763e+00,1.952277594672968242e+00
-5.499820211023782601e-01,4.756420082618441070e-01,-1.922984507540999699e+00,2.565756784848629124e+00,1.140777604648329335e+00
-7.030935337184419653e-01,1.438908120464689189e+00,6.045450772234097769e-01,4.370954128584012555e-01,1.503649352732333577e+00
1.328449403630135750e+00,1.178737223328396588e-01,-3.201990833073032228e+00,1.487736605890929820e+00,1.891714323497479810e+00
-6.400777970374392778e-01,4.545838879151274936e-01,-2.535661692719633376e+00,1.040783137545397086e+00,9.506444528263491289e-01
1.695550655415168029e+00,-5.305624881328370179e-01,-3.303824719696040635e+00,1.291527135505503132e+00,1.473638906356689926e+00
2.182676255966570444e+00,-1.173401541325188591e+00,-2.848492010360378579e+00,1.565796351897091432e+00,2.468891721204895973e+00
8.874734049096938415e-01,4.178479050984322263e-01,-2.489595630120930103e+00,-2.975940720651650828e+00,8.510176087190272076e-01
4.721564946655762540e+00,9.146808509319163116e-01,-1.111114683640908041e+00,2.207275735719581300e-01,2.902628137253557838e+00
1.342688738839880713e+00,8.992443139514983974e-01,-6.921917775181684052e-01,-8.181246937362585125e-02,1.340857079422026255e+00
2.789622885640766992e+00,-4.540281957944417024e-01,-1.150528397777522249e+00,-6.229824548924508543e-01,1.087605369653012355e+00
8.857573775541210948e-01,-4.557751075069805813e-01,3.316454016219924639e-01,4.708309735562066223e-01,5.605779755459205926e-01
1.908744629876488297e+00,1.469330049452515441e+00,-8.240609665606122292e-01,1.821870493692941517e+00,2.202619337901601693e+00
2.411205421248317382e+00,-2.007690747947044052e+00,-2.016128266887001530e+00,1.490597634457081710e+00,1.943753307083340598e+00
1.710262917630733126e+00,-1.052136158523245602e+00,9.256182871505259646e-01,1.761834203871337046e+00,8.836895079581380541e-01
1.706748908455590907e+00,-1.229384124713653048e-01,-9.474698252823188227e-02,1.022304583270702144e-01,-4.018720572845553285e-01
-3.616707167817099222e-01,7.792273972687880912e-01,-1.136130464834889109e+00,1.059561400246294083e+00,1.956921458805085390e+00
-7.402961745985074948e-01,-8.160351089405992742e-01,1.118047816979871989e+00,7.938224809497933521e-01,7.494144516855174576e-01
1.723037907341963493e+00,-1.472261233196591190e+00,-3.064693480443639206e+00,8.784988883376324553e-01,2.554216020655676544e+00
1.173938506841345708e+00,-6.286403952098807979e-01,-2.777951094970923851e+00,-1.615723748212774868e+00,2.377426186958084386e+00
-2.815033021994454987e-02,1.008497969731966926e+00,2.454981014964578989e+00,-1.239398350993022424e+00,1.877601008139707428e+00
6.176918104180847413e-01,-1.731114204377945942e+00,5.937055232925366743e-01,2.347363548482790940e-01,-9.907991970517692204e-01
-1.352802068590668982e+00,9.074088600635920043e-01,-7.829294471525108934e-01,-1.550260634962290718e+00,1.229804364057685451e+00
-1.488143578681254020e+00,8.424350711380743650e-01,-2.308862737562034084e+00,3.566992291277007787e+00,3.230929437942239302e-01
2.132138902313905238e+00,-7.668565753929048601e-01,-2.406745023306775977e+00,2.304380994611142430e+00,1.837010523132269313e+00
1.254551320330723030e+00,5.480611865557959428e-01,-1.421154111211151427e-01,1.750577260955257231e+00,3.860433353843797932e-01
8.515642140389524384e-01,-3.340929913661383477e-01,-4.609486017208358488e-01,-2.471158016834417992e-01,6.304799077993539225e-01
-4.959513457205649845e-01,8.697652846669993165e-01,-1.273026843950245901e+00,2.522482169378863937e+00,8.766603557018732840e-01
6.141683435766041033e-01,9.976406764605948441e-01,2.774835583644746917e-01,-1.847767052894798701e-01,2.253613217831547111e+00
-5.036228509026694500e-01,-2.677997260779436672e-01,3.664260564281392352e+00,-1.285122465201520292e+00,-3.439616857649746562e-01
1.566160380637023231e+00,3.435973153303652494e-01,9.147249318855830147e-01,-3.367784873318363736e+00,-1.423725090138546756e-01
-7.761024074959363972e-01,1.611574803767933606e+00,8.407912756652294872e-01,1.689334905064960868e-01,9.987385110069433303e-01
4.997003015130049297e-01,-5.916490869038932843e-01,-1.051475683227759639e+00,2.360497795818838007e+00,9.362627626920653201e-01
-6.802713091119498845e-01,2.099870974809252999e+00,-2.292573758550862539e+00,-1.061269588519748286e+00,-5.099504274179322838e-02
1.067739472248862675e+00,1.946748129747462863e-01,4.994765442550795354e-01,3.534272486515085410e-01,5.358609624280979977e-02
-1.878387426753264089e+00,1.027547987756766368e+00,-2.118780289942900019e+00,1.756318116824202136e+00,3.160984898294127987e-01
-3.416553168396374573e-01,-2.783421814722732979e-01,-1.208889768912504437e-01,-5.827745473456322767e-01,-3.961879093689272269e-01
9.734057248187788502e-01,1.657834716167045697e+00,-4.001983951671160278e-01,3.192036715574546157e+00,2.514665113456592493e+00
1.134210615951356305e+00,2.766258540627921855e-02,-2.949668948293922455e+00,2.116132883812118504e-01,1.458076010114859100e+00
2.143340166564762228e-01,6.062530320872930867e-01,-1.886707201662072952e+00,1.090574717471274324e+00,1.219247338713526085e+00
2.300226178299771274e+00,-1.284129418205233852e+00,2.382351408207830090e-01,-1.682247999731370514e-01,1.057852524921342852e+00
6.790068967301685632e-01,-1.344821372904508872e-01,-3.438251668085250401e+00,7.166932348790315821e-01,9.347438298543523372e-01
-1.525004641492877511e-01,9.867172340522947227e-01,9.690880703426078824e-02,1.431948425557471705e+00,2.457038087278983429e+00
-2.320315307433287177e-01,1.314623174940116490e+00,-3.526069641646917496e+00,3.661754833963373201e-01,9.621794354821167072e-02
-5.342738442699132562e-02,-4.733692553684809012e-01,1.624030517678697993e+00,5.347479586641235016e-02,-6.504351526767200298e-01
-1.007154434597818948e+00,-2.298916305405208638e-01,-1.934508849375259132e+00,-3.018826103179350628e-02,1.356173448734546927e+00
1.602762432956589489e+00,-8.082083858649363739e-01,-3.072131171555600559e+00,2.265156473598872733e+00,2.005904556725167875e+00
4.198851658789470420e+00,1.439520384729957136e+00,-1.688573929319465039e+00,4.976057404258094063e-02,2.663321061714227334e+00
5.196526174166202772e-01,-6.941578788105519093e-01,9.046277957139212678e-01,7.510448190281219238e-01,1.465224767485948099e-01
-9.812544253487150148e-02,8.915532971587505351e-01,-1.413541073600716569e+00,2.564211057063930266e+00,1.845633531296597685e+00
3.629290325160611452e+00,8.658456130463065836e-01,1.314492444921163683e+00,-4.969819818258111033e-01,2.782338850240385852e+00
-1.412327420046463278e+00,-1.623287899857323247e+00,-1.195927299325145521e+00,3.399660692254086181e-01,-7.426786562550926618e-01
-9.586256652698365022e-01,1.572125243244163251e+00,-1.613586042403015286e+00,6.606118956462921910e-01,-3.573919117474744223e-01
8.546686436902795059e-02,1.624954852064224853e-01,1.399259995601775053e+00,3.416769395603890924e+00,-8.135145918026984724e-01
-5.909206677623854986e-01,9.485680799895755688e-02,-3.121585723195415607e+00,2.479059508815191659e+00,1.408915596199640907e+00
7.659226634924947152e-01,-9.918169269935493693e-02,-1.431361863128329581e+00,2.216585342299476125e+00,1.089672522846662606e+00
1.432901065419741160e+00,-9.147202210062874150e-02,-3.136421517945830462e-01,3.409637838940597909e-01,2.654183212321771013e+00
2.507925980650626663e+00,-1.684173011135282616e-01,1.811563415999705162e+00,-3.744977578801265583e+00,-2.394746965053937693e-01
1.837700363536675985e+00,-1.327722711679076850e+00,-1.971404391440886084e+00,-1.849168389501266718e-01,1.834282102664295255e+00
-1.366604574957614782e+00,1.760731137904493870e+00,-8.616572205382960759e-02,-6.837084477562619389e-01,1.419502967790793768e+00
1.099832039950197515e+00,-3.767580031292480647e-01,-2.927018677486775911e+00,1.169443563789141383e+00,2.019446520626695829e+00
-2.477236306061668891e+00,5.988054087550335192e-01,-1.027948519301698838e+00,8.159336053171022396e-01,1.890176870846951740e+00
1.880158199604804903e+00,-2.300929377026928346e+00,1.434312276597055069e+00,-9.361604414803186280e-01,2.261321554630590036e+00
1.740082971841468318e+00,-2.160779872362122989e-01,4.630692544890124829e-01,-1.134360558634543326e+00,-2.870759468873277376e-01
-7.048675550998445560e-01,6.090185993442950307e-01,-1.577627853260589852e+00,4.576179462476702153e-01,7.559111501666071486e-01
1.032540571364158222e+00,-5.951967209390222058e-01,-1.345579951040542233e-01,-4.429839066897498512e-01,7.976824804906400557e-01
2.219762366529258291e+00,-5.278456008134115862e-01,-3.751284791053019596e+00,1.703314517706536080e+00,1.729629290560539268e+00
-1.278827036700608266e+00,-1.083767557704760964e+00,2.154634333529077850e+00,-1.295504857028814572e+00,2.968447874842298218e-01
4.956002330669645461e-02,-1.081890272280092935e+00,1.555452580301868171e+00,-9.572813421603203476e-01,2.671336035389044183e-01
1.247574230532868089e+00,-1.801062613993612116e+00,-5.210311850773297060e-02,7.330726489299452253e-02,1.267472885025891616e+00
2.215611341347822005e+00,9.513336554237949994e-01,1.198976892953447004e+00,1.241082836744238138e+00,-7.633733664107658079e-01
-6.770784176694080170e-01,1.304157029702041892e-01,-5.590150329935540396e-01,-7.553912124885933110e-01,4.980888682594618033e-01
-2.331739137653694893e+00,-1.729200279376531757e+00,1.797154297446310611e+00,-5.148885931361468771e-01,2.982986320643525868e-01
-8.481346420638133377e-02,4.751106698737023876e-02,-8.215878462947490135e-01,-1.304387798153280986e+00,1.211003136634307698e+00
1.260155961820688342e+00,-9.617127538124214947e-01,-8.415592808671910063e-01,1.303376206126201087e+00,2.466260563456409649e+00
1.086730219782403140e+00,-4.560455244786424389e-01,-8.301869575130473855e-01,1.696027747000050656e+00,1.974619044171989080e+00
5.500370660288234070e-02,-1.039022608419118754e+00,7.556412869313224867e-01,-1.941354094011922049e+00,8.507826272012051216e-01
2.096321225487906004e-01,2.835075467700840512e-01,-1.053890769582793485e+00,1.174958296308213246e+00,8.266012929045229995e-01
5.781702325210469340e-02,7.705612835205345457e-01,-3.551198336042148185e+00,2.104581021328824963e+00,3.356354532319731909e-01
1.406615342394874846e+00,1.291203698169777647e+00,-1.261575274528206059e+00,1.893459816019869013e+00,2.680860930892547955e+00
2.947220176558991156e+00,-6.652819011781248015e-01,1.964841498335976544e+00,1.570272270580853391e+00,4.723463604125412996e-01
2.104792525471393949e-01,5.317943278846358757e-01,-3.064628485243665601e+00,1.176664830134687367e+00,8.082052443899788718e-01
-3.399130367561049582e-01,-6.287950189542208801e-02,-3.081690931683247925e+00,4.226740539651390627e+00,1.828138997113470499e+00
1.560833185307621829e-01,5.570669560583665358e-01,-1.847811082608409095e+00,1.472237475294530196e+00,1.624938772156559796e+00
-7.692395810361049580e-02,-1.128665707127312068e+00,1.146902584697517158e+00,-1.433148755238782268e+00,4.582040817254268150e-01
2.121451725807820932e+00,-1.307354963049446983e+00,-2.105208454692792053e+00,-1.169098604752411674e+00,3.138226088401384839e+00
2.912597040251910241e-01,-8.468234799125069490e-01,5.468638190188483961e-01,6.927438539435470943e-02,1.103489379447752938e-01
9.555936483511799917e-01,6.616192298442707953e-01,8.508710163963127959e-01,-8.138213845602703111e-01,-1.872676737328582419e-01
1.162447487388337697e+00,7.025735391352224690e-01,2.328396263504495689e+00,-3.699735214590855747e-01,-9.221683723852545089e-01
2.787746976405505728e-01,-2.065337810797347184e-01,-2.942794604369694866e+00,4.617910263157745554e+00,1.568559587733468152e+00
-3.165232611415491615e-01,1.228455452573104623e+00,-2.448422351423151788e+00,7.142841572312798037e-01,6.022598767339604198e-02
8.655401810470711998e-01,-8.726526344833145377e-01,9.194414924113900600e-01,9.974933628025923760e-01,8.165900016448099930e-01
9.884372735916201469e-01,5.088845201816261099e-01,1.072284348908758789e+00,-5.971899333271842858e-01,-1.147991732520170505e+00
-9.963827657459497500e-01,-9.294700530710684472e-01,1.508902601246902231e+00,-1.547843805545937812e+00,5.703568243402186155e-01
1.997987838104297920e+00,1.050873425616177942e-01,-5.417551049606900149e-02,1.356176310956597408e+00,3.256218362018661328e-01
1.787796159831478437e-01,1.015909381371779663e+00,-7.960502894932350859e-01,2.611713385963728928e+00,1.263746382026462722e+00
1.923356443336685873e+00,-4.406464221643300871e-01,2.501336807017129349e-01,-1.844870686417489747e+00,9.725602711541609935e-01
3.571381196011413905e-03,2.274685592762627273e+00,-1.116629697577566915e+00,4.110528251595308546e+00,-1.361235084146192875e-01
-2.741332118271548879e+00,4.690638265714105470e-01,3.192606403654814073e-01,1.384000388296124928e+00,-1.617470076247128130e+00
2.697312455637450590e+00,-1.179253669428734996e+00,-1.654436456844770920e+00,1.253831391157188779e+00,1.538998662610534529e+00
2.796275378585733051e+00,2.986110238977478515e-01,3.041979403846561958e-01,-8.274746610734181607e-01,2.807349032643904785e+00
3.774704071587556831e-01,-1.839369586179277594e+00,2.340025273389984672e+00,-2.564207143957772495e+00,1.023339658910101369e+00
-8.779967869091759303e-02,9.028741620058375328e-02,1.543222982146503330e+00,1.259943377325547065e+00,-1.273615315542076409e+00
1.159985898618981492e+00,-5.255425413789986955e-01,1.290992104481254010e+00,-3.348492127914402872e+00,-1.919515242026514912e-01
-1.172217691949055229e+00,1.181562051159286142e+00,-1.149342009017292110e+00,1.933070814603885745e+00,-5.138322370748028556e-01
-1.530510308140876186e+00,7.856290461401820302e-01,-2.581660656446008950e+00,2.584762235007108000e+00,3.503146193063656488e-01
-2.246571597078156124e+00,1.761575506336020558e+00,3.802832207879709436e-01,1.697405722485057833e+00,1.761721876105960760e+00
-2.428706582422705207e+00,7.609199391640032450e-01,2.231108484065561282e+00,-2.383690495444197310e-01,-1.277923974112029182e+00
1.430997590383562335e+00,-4.639882729466994205e-01,-1.053408186120178058e+00,7.595176059540337254e-02,2.582974242402600318e+00
1.018759972583348494e-01,1.360065813768159160e+00,-7.390848029682723919e-01,2.344916242715554322e+00,4.408706024695637771e-01
-5.452931332145016796e-02,-7.253331382883274059e-02,1.288932750684710360e+00,1.355210636920182177e+00,2.222595571018520788e-01
2.697038266483319013e+00,-5.118239381993904269e-01,8.180099148781843077e-01,-1.790637069160940786e+00,2.483312936204598032e-01
3.732819652008724232e-01,3.863277303121736561e-01,1.099960253090676243e+00,-2.451298588016841418e+00,-5.475454571461656483e-01
-2.417693889183628597e-01,-2.495636404835445687e-01,-5.909386057140239012e-01,-3.228602573802200060e-01,2.612883283880904184e+00
7.568780848517491222e-01,-1.197113087035251988e-01,-7.093244531886140347e-01,1.547213176141285507e+00,7.175929440543071802e-01
1.610443588849759911e+00,6.790234028651662701e-01,-1.526323497326092626e+00,2.366037873840637573e+00,1.543456637819486943e-01
-8.436061571418701499e-01,1.709225110884387666e+00,-2.206316361031640305e+00,2.819114257568208881e+00,4.333779246336559865e-01
-1.706668916119269630e+00,2.734417168263998388e-01,1.119467430175102862e-01,5.148669211950085423e-01,-1.048674883538750491e-01
9.567153512867843101e-02,7.113582460546582498e-01,-4.096085802998530312e-01,5.855862293139287855e-01,-1.944512323031613032e-01
2.866364708726218957e-01,5.669656285491752046e-01,-1.335231822385356981e+00,1.628175903030135485e+00,6.568292918638696243e-01
-2.521779749967893558e+00,6.362087911057910938e-01,-2.443909861818065465e-01,-9.141534260539133094e-02,1.357404927090151814e+00
9.714986959261173727e-02,1.281532628937860352e-01,-2.809738820798122649e+00,3.605633923086697834e+00,8.938450361518159859e-01
-1.859047418438633859e+00,5.984978207717280840e-01,-1.736031600907669947e+00,1.248767809632180148e+00,1.400954942975232376e+00
-1.693921862339449635e+00,-1.628351899653605717e+00,-8.856109946145567235e-01,-4.422077653407314735e-01,-2.896479213284990362e-01
1.742443222597851449e+00,-2.285042431558070297e-01,-2.156685172211527224e+00,1.190871104279211667e-01,1.262161019740392964e+00
-1.286022786094151438e-01,3.875490911967184871e-01,-4.599779646798840549e-01,3.485001178044461856e+00,2.126480294576012398e+00
9.630820292988584441e-02,8.241443530814138718e-01,-2.531239188625270309e+00,2.363485563362960118e+00,1.954793903153586587e-01
-4.861653989929797248e-01,-2.797362220645849717e+00,1.686309521791526711e+00,-9.150062788139012859e-02,1.368044442284556794e+00
-4.441168957767414049e-01,3.502358744727603335e-01,2.673007371660543363e+00,-1.630256289468382302e+00,-7.179950234279628418e-01
-1.394099701229080113e+00,2.191203350973646824e+00,-2.797989299093996074e+00,2.960094474056418345e+00,-6.742187602542015767e-02
-1.964909916797839662e+00,3.948506693987733907e-01,5.642063406483213139e-01,2.879105887501873351e+00,1.388647317114614976e+00
-2.337062262139080193e+00,7.459037579523142281e-01,-1.230065014275553592e+00,4.666938577237618180e-01,1.478880513036374911e+00
-4.693239383853903268e-02,1.190332370135374518e+00,-3.505122091428519049e+00,1.320511842788117951e+00,1.373693876178184725e-01
2.911247189494259313e-03,-1.864254085321696008e-01,-2.165759902990148422e+00,1.900934476570595777e+00,1.024440787259896180e+00
8.536162127181778914e-04,-1.289598611300257325e+00,-2.210827256561944676e-01,1.323908414991265436e+00,-2.329692973384234200e-02
7.076964891614927478e-01,1.296468573568205218e-01,3.815610764752976003e+00,-1.147845231444681202e+00,-5.837976442552518241e-01
3.581504409653478049e+00,8.683398745127151042e-01,1.613430079729502475e+00,-4.595291474759683581e+00,-6.471776914876836706e-01
-1.903640222901183954e+00,3.672330655782640729e-01,-2.918674415719944903e+00,4.182214044625871097e+00,6.412279825447686488e-01
-8.679471239094926904e-02,6.443721798243310372e-01,-3.310995495998111160e+00,2.081415493485864410e+00,8.385714176498222372e-01
2.551970166780724192e+00,-1.135576311080618517e+00,-2.274846646827922036e+00,1.789411567969878325e+00,2.077524345857525656e+00
1.665552327413226674e-01,-4.389449986959317873e-01,-5.767986949274317432e-02,-4.673481452783359580e-01,-8.082535322330210992e-01
-1.090358867977810231e+00,7.464727658327512394e-01,-1.782420913835614185e+00,9.623621450146995215e-01,8.401077201758790913e-01
-1.687491775039082098e+00,1.843911617866499153e+00,-3.327919202721651537e+00,1.672271556761174560e+00,-3.700680071003796812e-01
-1.135423589889418272e+00,3.961367735529601752e-01,9.387994229864121687e-01,1.917092190202004609e+00,-1.305890718107225013e+00
-9.333185806471864243e-01,1.087431182172947208e+00,-2.889965338962054986e-01,-6.687316684327571092e-02,1.062238980444337288e+00
-1.545231765421573034e+00,1.583643168743918972e+00,-2.626423130713894660e-01,-1.266872910107562866e+00,1.191489615213728648e+00
4.545338402435417091e-01,-1.035399344946262401e+00,1.155162751689503997e+00,1.605540381851750409e+00,3.547483285190669022e-01
-1.632485712945767720e+00,2.111850613323343229e+00,-1.807330824324815621e+00,3.592036226737433946e-01,-2.748549380468563452e-01
-3.735932322407560235e-01,1.905999689970251598e+00,-1.597811571340919556e+00,1.289724954999078577e-01,-6.804566017512084786e-01
1.712213359686526104e+00,-3.607076484804048189e-01,8.784312941763772198e-02,4.763227215425371308e-01,3.525711536562506909e-01
-1.870318057494602115e-02,1.808043693572041422e+00,5.687587051144700201e-01,5.053862999081372154e-01,1.110362488381742674e+00
6.587013295253134615e-01,-1.568603356516176661e-01,3.350688585852785728e+00,-2.949952704743206588e+00,-5.809173459821532770e-01
2.942386245270388834e+00,-1.801249879882970362e+00,-2.484120361568752378e-01,7.927001214481849134e-01,2.030120823975623434e+00
1.651874272084514095e+00,-1.362634824344519435e+00,2.934409780088492070e+00,-1.426782532391103420e+00,6.033579319799965424e-01
-3.566340082104539011e+00,9.183115778747266145e-01,-1.344251830613898857e+00,1.083510004604445687e+00,1.001328493144494569e+00
1.948223758876677758e+00,-1.707335224207123359e+00,6.102956618513202258e-01,-1.946354540270839539e+00,1.343410418077414903e+00
-5.587919362107849341e-01,9.629127869946607632e-01,-2.170886378215607593e+00,3.553433313104386593e-01,8.290908858855775554e-01
-2.234606321977538057e-01,1.569648633720578168e+00,1.268352083620746251e+00,-7.826089398401169239e-01,1.867059931641689374e+00
1.882577193521249637e+00,-2.620217663181002576e-01,-9.933579953058064849e-01,2.167864048441250358e-01,9.239517896419022769e-01
1.320271234670089111e+00,3.623095667761792038e-01,-2.288788058166371542e+00,-5.063573209059768487e-01,1.199491852943840531e+00
3.937511874876509221e-01,-1.009772057252318195e-01,-2.378439781121667096e+00,3.447131716271368163e+00,1.519022209824047787e+00
5.793000411196290722e-01,-1.175935743697903296e-01,6.116814079948242888e-01,-2.150910825245083480e+00,-8.948723256321609032e-01
2.198544155562721425e+00,-1.562465097047972817e-01,-1.484392835988702863e+00,-8.159554449036103829e-01,1.353055731353753011e+00
1.524837139244661799e+00,2.945075310544741365e-01,-6.519214308108074452e-01,9.068556294134595408e-01,3.214449264530074846e+00
4.481038223551188082e+00,-1.171988457357740154e+00,-2.209010815501331937e+00,1.143456251367653831e+00,1.688780808280816004e+00
1.332769796031833431e+00,-3.272239044281800013e-01,2.611978779562607489e+00,-1.548384812577348502e+00,-5.980589512076689429e-01
4.290687865824118763e-01,-1.063693619572085636e+00,8.365658155696663600e-01,-1.333382659741930265e+00,5.301046413749784803e-01
1.853908127526831873e+00,-6.977540530773063132e-01,-9.989246885613012328e-01,3.252757181286136223e+00,1.542302852995626194e+00
1.686379124611732117e+00,1.263077204436786616e+00,-1.414412318253212231e+00,1.521185550044123147e+00,2.066032429266033699e+00
2.521525626897989980e+00,-6.670651923644792536e-01,2.342948862640488183e-01,1.739764364860788004e-01,7.982819440295585434e-01
2.128292711904823165e+00,3.421313243230291595e-02,-2.894489181839068781e+00,-1.019458662378566194e+00,4.817218575713607898e+00
5.141016202370827237e-01,-2.730853095507125849e-01,-3.223549074017299176e+00,3.186016186151466201e+00,1.510011418167370723e+00
2.102743472448469486e-01,-2.173206963414517912e+00,6.756125307385698608e-01,2.084212047338929175e-01,1.644764123215458618e-02
4.748812903467037327e-01,-4.481415787880687063e-01,1.979701392597841281e-01,-1.423789898355651395e+00,-1.062844591627747637e-01
6.706315475327990772e-01,-1.171678167483174660e+00,-1.084889992180755325e-01,2.149042716864264513e+00,2.902957216734944002e+00
9.560585962157895912e-01,1.952578215182522392e+00,-7.617988844807070947e-01,6.984094089609516054e-01,2.349524208733727360e+00
1.182571040454622580e+00,3.201262557936777498e+00,1.545420136393341193e-01,-6.714385970333006659e-01,5.614357587192704280e-01
7.893415027274774953e-01,8.450450511725018377e-01,7.336492556577791646e-01,4.668408385647671022e-01,-1.063516906203031409e-01
2.563126225203987696e-01,-5.797737501986953701e-01,-1.153396468986405132e+00,-1.976761956442316892e+00,8.858310599652372552e-01
-1.886630667703346198e+00,9.718369384946725642e-01,-3.145719378190613202e+00,2.155277954624395864e+00,5.353763816283937382e-01
-1.008643750225207913e+00,8.733669194600141017e-01,-6.310798406169659813e-01,-1.483531063704473851e+00,-2.545929659319756677e-02
-2.764300932773785746e+00,-1.455201624356753598e+00,-8.160546868447604574e-02,1.934333175064099297e+00,-1.605796615102261793e-02
-1.579614600970265403e+00,1.229658793870931133e+00,-2.090234415909031362e+00,2.050695330283073825e-01,1.339574197322163762e+00
1.202788992665324130e+00,-1.845165820481202978e-01,-2.822986636014091499e-01,-3.852913257876120490e-01,6.613642821109882997e-01
-6.002353387165848542e-01,1.474160649493437836e+00,-2.037715626178650652e+00,1.546601557433333163e+00,7.124280082418013027e-01
-9.432013008482692529e-01,1.444214620284480555e+00,-1.666331283848813349e+00,1.498626631569140555e+00,-1.970021664624090896e-01
1.652498265494681817e+00,2.355853733139336104e+00,-8.280079215843849649e-01,-8.134564189339030804e-01,1.728169267119855412e+00
5.101209298038159590e-01,-1.003319232329366179e-01,-1.515455993143614899e+00,9.933989511087153446e-01,1.006425307033635974e+00
1.559040826830288884e+00,6.326896962274499714e-01,3.120921769542544411e+00,8.835111014323709933e-01,-1.094197491066769112e+00
6.810873869177955786e-01,4.690878458782398175e-01,-3.165462416248193911e+00,3.511892681836162211e+00,1.458428355646026464e+00
8.446092770338105016e-01,1.902540942625922327e+00,-3.438952086648838780e-02,-3.478699616959468166e+00,1.575821391918488246e+00
-1.130639533334866886e+00,8.946932905456885798e-01,-2.356514588594175397e+00,-3.532854534372645849e-01,9.597359368673186175e-01
-7.899247486695458731e-01,-1.274230033311983812e+00,8.380685769478247726e-01,1.489539740101025189e-01,3.936642656679708585e-01
1.650188290048742790e+00,-9.068108640274551435e-01,-2.935424268442785589e-01,-2.071803490578137286e+00,1.048817034207480958e+00
2.594828469629738565e-01,4.134153715526798778e-01,-1.633261143238873281e+00,-7.943722176217282716e-02,9.187508534296792151e-01
-1.894435242628256022e+00,2.519262878649075166e+00,-1.905005049574709730e+00,2.382761883302713102e+00,-1.166210417551778455e-01
1.068636024185421585e+00,-9.405097604558897151e-02,1.961583006843280463e+00,1.480346107351518059e+00,-9.531680169064071784e-02
-9.326845048946054151e-01,4.523787783638902327e-01,-1.849144285537329124e-01,2.947946523756799664e+00,2.005326079874429901e+00
2.631317403813184796e-01,-5.334979052177517972e-02,-1.871104905442172450e+00,2.122688366893020095e+00,4.754648748005004810e-01
4.479350963738216507e+00,-1.498352991222885233e+00,-1.416053819273335623e+00,1.091541374138668807e+00,1.896241291958094433e+00
7.077145731954670449e-01,-2.614067225226107127e-01,1.726040065460741957e+00,-1.272989746976799008e+00,-4.317088316470000242e-01
-6.426451519147271529e-01,-1.294953744941838236e+00,1.147928241987685949e+00,-2.195889933307774822e+00,-4.609587627441058544e-02
3.533504017806479713e-01,-3.139899197808333486e-01,7.918745267521702935e-01,-2.450453054101957129e+00,3.048985905006889041e-01
2.914449937733041729e+00,-5.535108803064533456e-01,-2.071374723200023915e+00,-6.112161613217008682e-01,1.723782604958171039e+00
1.136054140062130458e+00,-3.952314073807248751e-01,7.152111286435040016e-01,-9.799630373123946470e-02,6.534801169563591028e-01
2.184395171134871916e+00,-6.147300057433345566e-02,2.370643572944577393e+00,-1.337649748437938158e+00,-6.575601585248287417e-01
1.585712527222639112e+00,-1.007771234629267987e+00,-3.059566154292609585e+00,1.192706589356680835e+00,2.267825148404322366e+00
-5.582057207780953823e-01,-1.814089814165208148e-01,2.874472729138289218e+00,1.046511110591064053e-03,-1.718574606416063411e-01
-5.533537464972373421e-01,4.382356249511267648e-02,-7.516387968629597571e-01,3.005712817112117463e+00,1.812891551147761460e+00
-3.842171516487015381e+00,5.505308548424771020e-01,-7.366364569070682489e-01,1.908669138969312229e+00,6.949601446496340706e-01
1.541514553886679462e+00,-3.215155267436338171e-01,-1.415414192864369980e+00,1.236581131937541933e-02,2.027430902264855117e+00
1.628307666200085047e-01,-3.768342524394984183e-01,3.129031942064294469e+00,-2.644688727194438371e+00,-3.275014206420290286e-01
5.529230667148749001e-01,-1.446729482396043043e-01,-2.518711340917341168e+00,-1.979095903524416555e-01,7.032739352642648489e-01
3.595855566401939818e-01,-6.384511217318505905e-01,2.114485780209425680e+00,-2.093769415294226111e+00,-5.968283774835722033e-01
3.819893460134476948e-01,-1.004980777433924333e+00,-1.410909588809915238e+00,1.239541683236019987e+00,2.882760422037485171e+00
-2.448503129823519142e+00,6.297480705830071912e-01,-2.027790894611691375e+00,1.248997368036469657e-01,6.995810291872933684e-01
2.336894895632271929e+00,-1.298411661557467678e+00,1.315627079388310250e+00,-1.474414955924716608e+00,1.060880244670397099e+00
-1.554682358359921412e+00,-8.464750361338388984e-01,4.482887501469161595e-01,-1.556544966802178909e+00,4.457873560099491206e-01
3.171759978406849534e-01,-2.895283657497643159e-01,-3.150701817118171988e+00,-4.090853539578470643e-01,1.048115491734797899e+00
2.578774254202526595e-01,9.173118217540750241e-02,-4.191955388909574864e+00,1.128381553478223331e+00,1.350583516395870376e+00
6.384432848486779610e-01,3.603842518736385947e-01,-3.458911901809647027e-02,1.187833820660531892e+00,-5.598114213719618260e-01
3.083186761827759526e+00,1.445246663249312835e+00,-2.615974211234143310e-01,8.258901028945173639e-01,2.844692480168190762e+00
-1.003995513550798302e+00,2.136244488416132903e+00,4.458272017263291698e-01,-9.575825681667213818e-01,7.163787266596088887e-01
8.905602364600664345e-01,1.837876518494003353e+00,2.021453439005803432e+00,1.523694947689137935e+00,1.601556783096860670e+00
-6.537904206190070511e-01,8.435508164866509784e-01,-1.664801691554716800e+00,-8.655339109649640150e-01,6.617408048948935084e-01
3.578966752799825901e-01,2.300311841094144771e+00,-4.556547933896075431e-02,-1.053725880146702543e-01,1.672382156683797083e+00
1.507143598536484941e+00,-1.003016134822787730e+00,-1.308558672046374216e+00,1.374388635801583991e+00,1.997894526624058864e+00
9.561115970992188906e-01,-8.863099090975538885e-02,-2.978021228079750671e+00,-7.776262685885295678e-01,1.014520587444899702e+00
4.928256984775801763e-01,1.685622824219242810e-01,-1.134812757454971344e+00,3.290479856894835908e+00,7.642418694027340864e-01
6.455709265492088900e-01,3.697132653736150409e-01,1.579133288318981254e-01,-2.730731474128718084e-01,1.571966829194272330e-01
5.066132927165427624e-01,-1.706359122816597296e+00,1.819736504734730254e+00,-1.600632488087150529e+00,6.971049545537868486e-01
3.201115294925486188e-01,-1.675738155199684831e+00,2.892505353829355030e+00,-9.239090948026091876e-01,5.932726714194067608e-01
9.948536963305416592e-01,4.640018440581655801e-01,1.536201769969179232e+00,-7.174153101437836799e-01,-5.664681840692236126e-01
6.947357439743238050e-01,3.701282324421682479e-01,-2.029406438903775367e+00,3.022890987489878167e+00,8.716397985836267237e-01
4.736021729913068579e-01,6.164178279742593691e-01,-1.343908933564431085e-01,6.294195788234582256e-01,2.130902487772800225e+00
-2.084600056472790008e+00,7.304144996010225599e-01,-2.073510546232745000e+00,3.754771169788940988e+00,1.228619470426869587e+00
1.219991696661289593e+00,2.613928345619798588e+00,-1.216391008982869448e-01,-1.699751458725983877e+00,1.130659191498870397e+00
1.628816448127342387e+00,-1.281761858957830569e+00,9.700762786122940629e-01,8.341732993409678443e-02,8.023692719210198110e-01
2.270022684788600031e+00,-1.309125945609224129e+00,-3.117112927071355344e+00,5.564423989864053510e-01,2.188466398828543547e+00
-1.220140612837717242e+00,7.717823402440137093e-01,-4.982990120709951398e-02,-1.694896537609223541e+00,7.803402852844143478e-01
1.462471830472481527e-01,-3.582952557160964946e-01,1.551449459578693180e+00,-2.434571006335505494e+00,-3.531972087600973031e-01
-3.284941494566062659e-02,5.699055018123235783e-01,-2.536541137123351497e+00,1.877864084269730949e+00,1.722649424502366688e+00
-7.551468408449105718e-01,8.872671494508937995e-01,8.190996599148667179e-03,-3.063195564961652129e-01,1.917440611321044042e+00
-2.649380028268546461e-01,-7.650716251343158136e-01,-2.363152288339857243e+00,1.820336641948384848e+00,1.078639430737025728e+00
4.671689280063980876e-01,-1.461138506579898189e-01,1.711718454551932611e-01,2.750848969124292109e-01,5.554849404991936135e-01
1.777791461805095174e+00,-3.965115149902815883e-01,-4.323289719953842258e-01,2.108010926044888933e+00,2.033117985725948706e+00
-7.937323258370788670e-01,7.254840476890020984e-01,-4.220032093993053124e+00,-1.860755675519253360e-01,3.118206009879126439e-01
-8.090253705859131728e-01,7.917608607796466913e-01,4.621294826402801981e-01,-2.443216138587941955e-01,1.932097053045403356e+00
-8.968463163666668958e-01,-3.214732241613821873e-01,-1.643697224549338198e+00,1.878358943977474160e+00,1.562917528272544265e+00
2.255705692752513425e+00,-1.531353029254143960e+00,-1.466368799145746360e+00,3.095098323813003205e+00,2.114146974493200659e+00
2.562698698386372875e+00,-6.150044520656015035e-01,3.128091321430003902e+00,-1.760921779616109628e+00,1.359790727666033150e-01
1.459713151030355593e+00,-9.199800790900185543e-01,-9.800016390716945747e-01,7.867188264592361868e-01,1.162327056676932813e+00
2.021023881800728006e+00,-6.558925570606700672e-01,-2.456385206081145967e+00,-1.666605437189361938e+00,2.031324847245725707e+00
4.236001400884573664e-01,5.851203292777359261e-02,-1.596341481255555694e-01,1.804488484848378871e+00,3.083902491301194759e-01
-3.785273906233687646e-01,-7.709876998811390769e-02,-2.005336407082304984e+00,-9.725295818838888273e-01,1.458269994365749778e+00
5.954398470507678010e-01,-1.271366231633027158e-02,-2.384601819266052303e+00,-7.614011177022601551e-01,1.080455676257960462e+00
3.056820321609264313e-01,6.937947579612637750e-01,6.365738860141733069e-01,-1.033911725083562771e+00,2.065031216264598513e+00
-1.055660740612058390e+00,8.582036585339840595e-01,-5.657195898226738962e-01,-2.270484703823834938e+00,1.330780560871244855e+00
-2.218754289386200451e+00,-2.082610833550150087e+00,-3.221693363136751698e-01,-7.309030028247951449e-01,4.407352196079727946e-02
9.778763491096587046e-01,-9.781928671830046884e-01,-3.700296694782584384e-01,-2.340244807280507544e+00,1.257378966080844540e+00
-2.442928191464847076e-01,-3.342540684294249553e-01,-2.165604816367178831e+00,-1.045073476128294487e+00,1.649554077780514216e+00
5.986189631862077754e-01,8.109553404157546774e-01,-6.331856532154214179e-01,1.583752149854447788e+00,-2.373466859147965735e-03
-1.598117412399758575e+00,-4.326746445009708175e-01,-2.101420176711595644e+00,1.556368331877221678e+00,1.085330876520468335e+00
5.384765264692041864e-01,1.475258328504620298e-01,1.091793591145161502e-01,-1.666679490248569318e-01,-1.391232278979473991e-01
3.449040420220363501e+00,-2.797790992081559680e-01,-4.164889733754828072e+00,-2.763732742656251906e-01,1.260146326473436496e+00
1.110239485297834783e+00,-8.455104304688023653e-01,-2.009567962136395103e+00,1.945337204144665488e+00,2.099777486409983407e+00
5.039694705220731930e-02,1.407963537882970906e+00,6.284281632870630796e-01,-5.706015933606873869e-01,1.813278698925200327e+00
5.242943790888336952e-01,9.153869010688506780e-01,-3.475018549079098129e+00,2.136353566657200886e+00,5.957894229020628263e-01
9.212008830833883222e-01,8.622826120901398994e-01,-3.765499097788850835e-01,-1.383607309581879719e+00,1.735390973913360391e+00
-6.939089318675508711e-01,6.941676534848789659e-01,-3.400362910492166879e+00,1.929847931910055880e+00,2.499989359886171103e-01
1.390693756231249800e+00,-5.333399912859932979e-01,5.258907753293678988e-01,-1.978101644722918273e-01,9.997668424491742423e-01
2.590009544059379554e-01,3.792443262864025333e-01,-1.109134542692179259e+00,2.567706412508068414e+00,1.691358413590709375e+00
-7.799468754119748271e-01,9.722956999097117636e-01,-2.775062665318675847e+00,3.682047673493239692e+00,7.370321261056648199e-01
1.948335395406936676e+00,-5.555568144954575738e-01,-2.089841545422386204e+00,4.432961277167263070e+00,1.637404061968033009e+00
1.749168133877051223e-01,-3.308868778965075308e-02,-4.459105934023225970e+00,-4.202956722087322072e-01,1.246466738381613926e+00
-1.057389348449606359e-01,1.021771854366250176e+00,1.038642275016797178e+00,-2.493043012107190926e+00,-1.190000557053477515e+00
1.545270197524874378e+00,5.657835953605833135e-01,-1.203406257195804407e+00,-9.027330813755967132e-01,1.958268169694434846e+00
4.420951597386147958e-01,-4.473167883883719109e-01,2.263806814739141249e+00,-1.932684595335921074e+00,7.373433591621791905e-02
2.184730192793880477e+00,1.170495932632711789e+00,-4.922243521549406475e-01,4.815367876730292984e+00,2.577371536323576962e+00
-3.328045322083618140e-01,2.420895983344647284e+00,-1.191804426870985090e+00,1.647007400107533659e+00,1.857378535508836359e+00
7.938017049875387698e-01,-1.640755996614103651e+00,1.056173010735021123e+00,4.319659756520790594e-01,9.851693835974927316e-01
1.093251564153621791e+00,-2.651808124544935419e-01,-1.482011925617340076e+00,7.363398583804564579e-01,2.222278618464573086e+00
-5.313198000800833931e-01,-2.377409366357641496e-01,2.228620169099408077e+00,-2.589006658311536313e+00,8.438322207680148956e-02
-1.898302114377278249e+00,4.017429581841168162e-01,-3.147676189968481975e+00,7.000703201765897665e-01,1.226971785155316352e+00
-8.997664496252970601e-01,5.839113433645344298e-01,-8.406469547572059664e-02,-1.215299608517078633e-02,1.984757677792449160e+00
1.680154155122269843e-01,4.981867951237017311e-01,-1.442923721553450278e+00,7.034034890719420563e-02,9.824892961295657035e-01
3.628430680806489228e-01,2.659342678511242841e-01,1.086435495211201196e+00,2.219957764684736823e-01,1.991042962173700026e+00
-1.313989769757375470e-01,1.074019536891187704e-01,2.128244616486015595e+00,-1.781961526270866569e+00,-7.462609527808343746e-01
4.334565996677936184e+00,3.812811375347541776e-01,-6.517892842958370458e-01,-1.014175235651557649e-01,2.789388717076978885e+00
1.239661386421241351e+00,-5.812161389478792684e-02,-2.152336101476607588e+00,1.194895907711479799e+00,1.624783350619125155e+00
1.130708577986662133e-01,1.693117708548554257e+00,-6.290362050890452306e-01,2.182620166149815688e+00,2.075781697302942597e+00
1.986938437413875436e+00,-1.243826765346179586e-01,1.174755911254431018e+00,1.489613145578472908e+00,5.040210338158802594e-01
1.408557170800418534e-01,3.362882785606658986e-01,-2.564807152755435027e+00,1.726922254916131827e+00,9.013029591250144579e-01
2.895209097594003023e+00,-7.438812558021815624e-01,3.986206984954154819e-01,1.045383951460229638e-01,1.415367535882959382e+00
2.503350884887912020e+00,-8.060241722775267625e-01,-1.695943572516014353e+00,-1.584283505695225358e-01,1.730445905744604884e+00
-3.624663257969698016e-01,6.017094669927902650e-01,-2.007719704705746011e+00,3.346486927523464328e-01,1.319313697986203682e+00
7.167405292087577484e-01,-2.333398806821112281e-01,-2.457391840719477027e+00,2.633902835793315411e+00,1.437753852929006815e+00
-1.163801738132010266e+00,1.044133267897401129e+00,-1.142516649161539721e+00,1.505829141632990309e+00,1.476524175030086372e+00
9.217512261039448873e-01,-5.329372497490958427e-01,9.553297162464893244e-01,2.432567848218938789e+00,4.689860414664804300e-01
1.749369098564406144e-01,9.121132861319258822e-01,-5.348967280903439425e-01,2.530632377921735898e+00,1.401521923649988732e+00
9.762064099938299044e-01,-2.286190467110697233e-01,-2.087953753590866768e+00,3.265636799244229671e+00,1.040506902142201318e+00
8.315786873449543259e-01,-1.232004218575746046e+00,2.048501921656834757e+00,-8.241554574745935113e-01,7.189249299400484183e-01
-1.210696669405771031e+00,6.471021439311267498e-01,1.594094585420273935e+00,-4.842526882087621054e-01,-2.856255644270552230e-01
-5.465190720128647595e-01,1.320830286917956231e+00,-1.882327792557811463e+00,3.279342901815565536e+00,-2.290412648230102377e-01
-5.227358486151190142e-03,6.545699175054361385e-01,-1.071054440150196463e+00,-4.297215335679606341e+00,5.686935620350185294e-01
-4.259729783845265239e-01,-4.870604398568064153e-01,-4.380817958941512380e+00,-1.332323513175169394e+00,2.065554468768728391e+00
1.080594580193225518e+00,6.492454580355376814e-01,-2.665336936122315148e+00,5.897933635433587618e-01,2.427644808110062113e-01
1.953408933606554321e+00,1.187317940940281202e+00,-8.246738721606028388e-01,-1.227748063385862398e+00,2.767261654368058821e+00
-7.860597962281135054e-01,1.294264307696123550e+00,-2.002914154770926713e-01,-2.003794926004042409e+00,1.736375301416963168e+00
5.158572634839401205e-01,1.228623528358469441e+00,-1.407955819292471933e+00,1.518936579426159339e+00,1.287003580401643310e-01
-1.093584842704192983e+00,1.343046318836777608e+00,-2.371820321585298874e+00,2.009709880177075192e+00,2.604916650847267090e-01
-1.836352602347086194e+00,5.307628854751503811e-01,-1.481842402591092345e+00,2.892077462264780463e-01,5.074401184567024492e-01
-2.499231091517208014e+00,1.481179038318687580e+00,-1.018095293167817328e+00,4.591130845953272366e-01,-4.978720248204564491e-01
1.985001852335576134e+00,-2.289410760639153664e-01,-1.391968440149701891e+00,1.758586264880108274e+00,2.279072369049620406e+00
-5.400339188924574430e-01,5.823157186263573371e-01,-1.488829792056673984e+00,-1.391138613245860300e-01,1.360609414768219727e+00
-1.952747237078118481e+00,1.542848862996547110e+00,-1.584051156690790219e+00,1.705233175554575542e+00,1.749105380113994412e-01
8.574260475656950709e-01,-4.833353892718881828e-01,2.859035100740417334e+00,-2.480789891424981519e-01,5.365442386427501376e-01
-1.745686621843782982e+00,1.074214446562796077e+00,-6.837078733061665581e-01,1.358223941492732401e+00,7.782217965287718808e-02
-1.443414108225508752e+00,-1.215607217282226094e+00,1.314778571822737163e+00,7.761708875739214974e-01,-2.007775248634225962e-01
-2.112342629760130208e+00,6.361440913624075710e-01,-2.232214224410362213e+00,2.227966306598885282e-01,1.095599892365270556e+00
-8.948311017494262054e-02,1.449909680865315353e+00,2.854789388481446810e-01,2.494573752723885929e-02,1.317054523798500520e+00
-1.067345704322106403e+00,2.038016022531629334e-01,-5.090492638426689087e-01,-2.476675391221271560e+00,1.122407690499584110e+00
-1.380460647618393155e+00,1.202305093705588579e+00,5.834500284738390885e-01,-1.648666775578593757e+00,1.368343198611783995e+00
8.312200349375874486e-01,-2.378023673836434926e-01,2.040084294263516895e+00,5.180057474791402994e-01,8.652461315217807591e-02
-1.802948534501862765e+00,-7.833441214852229217e-01,3.002847990948604995e-01,1.632966195296813749e+00,-5.308654049742830283e-01
3.250010019099339953e+00,-3.571894806233792963e-01,1.976549852120669915e+00,-2.927232182241363390e+00,-1.706566103414827174e-01
-1.137973967673622910e+00,-1.267644753978679484e+00,1.987077407327646261e+00,-1.498284608833200249e+00,1.996076615638497920e-02
5.947178389972149759e-01,6.240329084917539681e-01,-1.107804507283635331e+00,1.698751516582231780e+00,1.856724674668837061e+00
-1.181376557638647240e+00,5.641896688905909674e-01,-1.096529413296108757e+00,1.208943765894360256e-01,1.440121825905055886e+00
1.825739676952695678e-01,1.657240173288682394e-01,1.672838816941313311e-02,-6.003265844775684812e-01,3.746484681546585538e+00
6.591713295312028320e-01,4.742501976995378010e-01,-2.363745891308434377e+00,2.811998278192568090e+00,3.149117908995899828e-01
2.495055971876865453e+00,-8.222449813883567771e-01,-1.076349995422131167e+00,1.959028035586277472e+00,1.324119547778907613e+00
1.378807168357067736e+00,-5.643817541564909446e-01,-1.992924439758134270e+00,-5.849449823260218784e-01,1.868577192677031373e+00
1.429297479228391898e+00,2.659831363093560164e+00,-8.160534661993683603e-01,1.553792010195747419e+00,6.235478089771048227e-01
-5.252596438551550007e-01,5.551368158580952672e-01,1.359167467713885857e+00,1.366120266064625000e+00,-9.156472394958338201e-01
5.079723406894777193e-01,-5.863069594462512191e-01,-1.839565845355651375e+00,5.444393202664479237e-01,2.922932499919204119e+00
2.670487273157222674e+00,4.497021037983505720e-01,9.950170610661114301e-01,-3.148055857780731159e+00,-6.587076196295471586e-02
-6.321132369508595250e-01,-3.893995031112410521e-01,2.343966582681575594e-01,1.007787734607566765e+00,3.397356373467078861e+00
-5.351606362396578165e-01,3.350562659269901156e-01,-5.547916455041844719e-01,9.294063240457266506e-01,4.840749516134614794e-01
1.507775054204591569e+00,-6.224204937647134228e-01,3.440444125503835160e+00,2.744747914323072635e+00,-1.808953096071681532e-01
-2.763684925554240612e-01,-2.369456755035571405e+00,1.862145702135843406e+00,-1.013342464070090765e+00,9.770323356455501429e-01
-7.557645223273412594e-01,-1.058222293290187910e+00,4.440878177425064965e-01,-2.379077417391837201e-01,1.578641725847540478e-03
-4.049988462630810249e-01,6.420558091209151996e-01,-5.500095714390302870e-01,1.485190490149177034e+00,-1.163309721176334355e-01
1.627261186122388015e+00,-5.479737133378351777e-01,1.420777536208905012e+00,-2.386736091362366974e+00,4.955857785429270690e-01
-9.435437405449207393e-01,5.428069724958590747e-01,-2.079525597323065522e+00,-1.047833794469076985e+00,8.298388445184227136e-01
3.072854472024381112e-01,4.113118213149967728e-01,7.433655587171290602e-01,-1.314376759937367467e+00,2.292413147491156877e+00
1.319058438404900446e+00,5.451243473436381271e-01,-3.892603683518272462e+00,5.776077248661948271e-02,2.033947818871025159e+00
1.997392090035388090e+00,-5.528056232373044221e-01,-7.099089560201272686e-01,-2.939402397276506540e-01,1.404704311010648299e+00
-1.685017675479445476e+00,1.251908443858943398e+00,-2.485444878837820060e+00,-8.726204768033019032e-01,-2.380646092957482418e-01
-1.239941749169696017e+00,-1.556821144291691050e+00,1.196790434514566348e+00,1.171402472716037479e+00,7.397945434027559664e-01
-2.103766731523287525e+00,1.777344725293809047e+00,-2.096993997812782951e+00,-1.118000544607949731e+00,-6.035537176674986570e-01
-8.532540089796852856e-02,2.024423856995516413e+00,-3.053735325172261206e+00,-8.157538884221688935e-01,2.431081902951258700e-01
1.452036701812514430e+00,2.774634336090771036e-01,-2.176600630802217662e+00,1.679259133201872700e+00,1.122502345515643540e+00
6.941284603909971818e-01,4.537785483341611470e-01,-2.306867137932825162e+00,5.868335045263808336e-01,5.099582794135295583e-01
3.083192958459632926e+00,-2.281785426304449693e+00,-8.669368025570256542e-02,1.139838228458707858e+00,2.101421696743747347e+00
-1.574092508114496858e-01,-3.021696429621194002e-01,1.038520879085287341e+00,1.893087310471720297e+00,-1.192038061898661017e+00
4.945177991781358751e-01,-9.700047927892090360e-01,-8.089008913821604807e-01,1.448175936602203340e+00,3.209801735037817849e+00
8.606040541637067776e-01,1.141776098711742016e+00,-2.915280864502105107e+00,-2.500968481055165782e-02,8.475327811692380253e-01
-1.795692663096594144e-01,1.020498926081623736e+00,-2.490889269694870567e+00,2.712732901450740641e+00,8.678915576460496384e-01
1.411992368575436974e+00,-2.397527771853982248e+00,3.134701323639903947e+00,-1.551914077912929679e+00,1.842593530863518403e+00
-6.515701411098040463e-01,-1.161150007252841343e+00,1.037681528767659289e+00,1.161336397122466835e+00,1.142005081260231147e-01
1.769780342668288098e+00,2.736753953351258040e-01,-1.553081855051859694e+00,4.055984950214078566e+00,5.747510142387949328e-01
1.921363454401185944e+00,6.489303861843266352e-01,-1.172100102858356863e+00,1.560348782209235896e+00,2.427185092948212386e+00
-2.531860359103453861e-01,-1.184401912931283968e-01,-1.595607039915101222e-01,-3.544820841699473091e-01,1.777795659451813837e+00
1.160478302546980034e+00,-5.342934200672111444e-01,2.084020212326536559e+00,-1.583090534849423303e+00,-7.759817878585084650e-02
3.136821648936158335e-01,3.274118159323413102e-01,-3.259001955042597487e+00,6.668445928975896830e-01,8.656442985209336083e-01
-8.282192090083758673e-01,1.125207535991972652e+00,-2.215594054982171546e+00,3.135480798818840231e+00,3.005897037742008004e-01
7.520533903964647937e-01,-2.384534919746047754e-01,-7.364949303134842307e-01,-6.938109384594781659e-02,1.128750498322352191e+00
-7.805739635651132158e-02,-6.580925045063661383e-01,8.772123302326844119e-01,-2.116177362532371653e+00,-6.478558856887313144e-01
1.001217021137405849e+00,5.998376019126381298e-01,7.190077965878329813e-01,-2.850429513775047941e+00,-4.528805739886292425e-01
-2.765749374140089145e+00,-1.387873422081389689e-02,-3.351989557476950043e+00,1.873254480100341901e+00,1.414374087662609414e+00
-6.518112062923168137e-01,-7.355660085053512542e-01,6.494359837178081962e-01,-6.437633475058626153e-01,4.748732620845844687e-01
-8.373745823858327331e-01,2.782390132564880325e-01,-3.496930498767064854e+00,-2.502480198048073756e-01,6.261518485476845752e-01
7.904242051678314063e-01,3.171025527012454881e-01,-5.069609635298926165e-01,1.002255305139128305e+00,1.698550456547538223e+00
2.250179101972125117e-01,9.512917976917421858e-02,1.063804430563745740e+00,-1.917616283738835525e+00,-4.174362128595090482e-01
-8.770623446204979246e-01,-6.294168690696507751e-01,-1.026005942716718744e+00,2.774705304961678110e+00,1.926870497474743926e+00
2.199379646245406938e+00,5.188110913648437128e-01,-5.892448366538356463e-01,1.412700781286524876e+00,5.147855078969720832e-02
7.916807463501649433e-01,1.022306807941590484e-01,-7.051382962714971558e-01,-3.271569524544956087e-01,1.957552787766723368e+00
7.980250787872350537e-01,-1.212846657423982677e+00,1.783363430432454599e+00,-3.159949440455809722e+00,9.532057286707513732e-01
2.033660118820386664e+00,-1.269583155150799114e-01,-3.098611880857994993e+00,-2.203466900959810681e-01,1.829388112248834464e+00
-2.282591553641388327e+00,8.488861945378844975e-01,-3.429961302372527499e+00,2.399719205762691487e+00,5.811749903142353624e-01
-1.723596154855802531e+00,3.196200404647703275e-01,-2.536442173580285786e+00,2.580406571817122519e+00,1.131729064928539419e+00
5.626838221652841199e-01,2.520585358965698131e+00,1.333659942494190620e+00,-1.844912299531277222e+00,1.298788209835345819e+00
-3.122761634036260170e-01,4.925268334977292439e-01,-3.424730903711357577e+00,1.871165641108734290e+00,6.237685841375506524e-01
4.569920211116729192e-01,-6.078163278016441851e-01,2.547204085033660803e-02,-8.860634884662272892e-01,1.221409977116770129e+00
1.086308068376180103e+00,-4.714252502926104538e-01,-4.887290615934574145e-01,2.617374133493136856e+00,4.971953641792349332e-01
2.661295546147955271e+00,-8.651991399828229401e-02,-2.655225448342881656e-01,-1.100119045759391234e-01,6.162504585389378953e-01
-1.432206091815723115e+00,4.367163177235539040e-01,-1.560903941531925465e+00,4.351584910335706269e-01,5.218346855860349631e-01
-4.729916471594710070e-01,-8.342593793551035530e-02,-3.924566139548614885e+00,1.215600078437185871e+00,1.890131810109068056e+00
-2.362987221265907323e+00,-6.040672995919881272e-01,9.005215721435340104e-01,-8.443843982533493220e-01,-2.058487929606305222e-01
-7.731410178966915403e-01,-1.704302823693404356e-01,-1.454951651466728002e+00,1.456819475439325551e+00,1.462224933259498094e+00
-1.982888859999428322e+00,2.449917834111431603e+00,-7.394693630733342182e-01,1.590560007890619243e+00,1.717571294493154488e+00
-8.428006767310740610e-01,-8.121983379952666393e-01,3.455666675334080118e+00,-3.132808499195403940e+00,1.870236394959515491e-01
5.965971137758545595e-01,-1.499607707779762267e+00,-8.664885281368149839e-01,2.824978558305968779e+00,2.169327365703013655e+00
6.091355775114017934e-01,-9.742987678956108732e-01,4.507654495419661789e-01,-9.520598945594025420e-01,-1.217635302844610745e-02
-2.020109378686430368e+00,7.268933544374573952e-01,-1.687969303572928181e+00,-3.665585283254437776e-01,5.307005429230466920e-01
3.871207302724569144e-01,7.442984217448532849e-03,2.636325214638429948e+00,-8.257159101158360048e-01,-8.307694634754692053e-01
-1.823472385744951074e+00,1.876913721312363004e+00,-3.292677243633239215e+00,9.650076303946061307e-01,-6.088097611642180329e-01
-1.277282072996633655e+00,2.190915033123587818e+00,7.242985453313144362e-02,5.313470235074785331e-02,1.665161490538193678e-01
1.775525493644877439e+00,5.491484510951860631e-01,-2.811789022131416793e-01,-3.655792472111505376e-01,-6.331976890362617238e-02
3.348013684107682963e-01,2.376275314677278316e-01,-1.695231201688280676e+00,3.137949667952441679e+00,2.161280737414923436e+00
-9.669446554909321145e-01,-3.513616284056847450e-01,1.640438983269389972e-01,-4.824139854961929652e-01,1.067963378088967907e+00
1.349848900533068496e+00,-1.464280512197518348e-02,2.892158779653977163e+00,6.776430935233527242e-01,-5.191932514733987869e-02
-1.344280087685880143e-01,1.048969993883334340e+00,5.433963934804233453e-01,3.867791322417699074e-01,-8.300072873135058149e-01
2.623600271080470225e+00,-7.107658172373513272e-01,-1.174651078289625783e+00,1.258362736202024879e+00,1.824876462144790157e+00
-1.946995443667887127e+00,1.229020528089486142e+00,-5.317414805038435111e-01,-5.548362632591961052e-01,1.082587079355643578e+00
-1.708051355296275053e-01,-2.108450894708661094e-01,-1.733023473097048850e+00,3.594420089051928890e+00,1.286516361156063493e+00
-3.856869356010554917e-01,1.994565636071640169e-01,-2.561523066262542780e+00,5.557924211715601359e-01,1.617195203492457711e+00
4.017933042102661556e-01,-1.695231021882517564e-01,-2.399652662836640360e+00,2.076438455273917238e+00,1.255715707610904452e+00
9.211270777246417518e-01,-5.163126543624448894e-01,-2.281358320021451558e+00,2.067045926832540292e+00,1.824389853263001848e+00
-1.336241529677676398e-01,-9.467216935105573494e-01,-3.716709236935464844e-01,2.327419017763082021e+00,-2.839452093126748622e-02
8.412676023491565402e-01,7.626154976636482230e-01,-4.682491423042333123e-01,7.086848818893802804e-01,-5.488851224562887321e-01
-5.008097829493118880e-02,3.486964808189387255e-01,3.281157853962258786e-01,-8.493270763145260860e-01,-1.781632498458850744e+00
4.557678556427038341e-01,-8.347210874249046952e-01,-1.309109906600471440e+00,1.228300685866821063e+00,1.069133740707578495e+00
-2.867750228725209460e+00,7.037042881348414269e-01,-2.431619102324292125e+00,4.304350542073481778e-01,1.325850624650781739e+00
-1.746342365243263028e-01,-2.907921377738639457e+00,2.516430865128912231e+00,-8.582076290518634298e-01,1.428000909113549266e+00
-2.210847672711435674e-01,1.983246959346185445e-02,2.002581592450638048e+00,-4.925955366654299894e-03,-1.615275173565113409e+00
5.624080649134384213e-01,3.778006514122065340e-01,1.126127597895786314e-01,1.900912729883163399e+00,1.980595826274013760e+00
1.176103620787022574e+00,-1.185396173752891968e+00,1.359427525445798590e+00,-1.960355900637062998e+00,-3.571637778590797119e-02
1.304577208122705612e+00,-7.172688311577554154e-01,-7.269965906707985814e-01,1.323287390110837070e+00,1.112547902379770637e+00
1.863312563054611015e+00,-6.708568271244848003e-01,1.279728738538963295e-01,4.086945228151670495e-01,-1.027905200009816555e-01
-7.230573730909989338e-01,1.719030010725422219e-01,-1.397001346522367848e+00,1.604976007227544299e+00,8.647526077929547084e-01
2.676532544254707435e+00,-1.513611641799518681e+00,3.127292296439965757e-01,-7.689463592032588224e-01,1.516678099335454055e+00
-1.430842744739315497e+00,1.885407226669562730e+00,-2.737564133582621739e+00,-1.689148471995035816e+00,1.209131840241994826e-02
-1.526436762089818933e-01,-1.192766758008663441e-01,1.167431645671080709e+00,1.313551765659632498e+00,2.224764792853379802e-01
1.531530956817017675e+00,-2.683144946835357425e-01,-2.817048119591819777e+00,2.855997393668913809e+00,1.640946121350590481e+00
-3.861723075140823802e-01,3.350623408899337519e-01,-3.526546652847420305e+00,2.213282698467687659e+00,2.043657863600638613e-01
1.070727755688804406e+00,-5.013132492202302393e-01,-6.224199974893955822e-01,1.148750841917038468e+00,1.785483216925040306e+00
1.476242640472747780e+00,1.577745764966330899e+00,-1.476265653929199839e+00,-2.646180116059433374e-01,8.023210452271999360e-01
4.918551408407154102e-01,5.907183964847334545e-01,2.067566815636659783e+00,4.593740076935854955e-01,-2.342148648539799094e-02
1.230286313929629394e-03,-8.958350834656109152e-01,1.213579860359314422e+00,-1.322887999196267428e+00,-1.940432343358933220e-01
6.684908597393945939e-01,-1.565427414973419529e+00,1.877074147900138046e+00,1.241558248822558497e+00,6.088220937198658422e-01
3.098620329082998115e+00,-9.154695953896681004e-01,-1.781701333273962184e+00,-1.096580912920679829e+00,1.498344018926199617e+00
4.151688692287660132e+00,5.231008698600824181e-01,-2.411179497405162575e-01,6.165254253607704849e-01,-4.982275675231936374e-01
1.711372025052382062e+00,7.007042918926231767e-01,-1.638611084463046819e+00,5.527800003795809713e-01,4.886614570519864920e-01
-4.582714009154300605e-01,8.616721238141741290e-01,-2.468826796206132101e+00,2.606547954560519909e+00,1.112020643303125444e+00
6.721267543319775495e-02,-4.847654603095078452e-01,6.480225945362217965e-01,1.152972746246206937e+00,-9.661270823864297475e-01
1.055130507343235102e+00,3.225916502726943746e-01,-4.639963436349452408e+00,-4.250832340702387357e-02,7.754764675755194681e-01
-1.213575226380338989e-01,1.596340403514877382e+00,9.472535679119225005e-01,-6.185835878578220814e-01,8.133624902737517370e-01
3.503086218003920727e-01,-4.409196535989566845e-01,1.004134480346117853e+00,2.133648756419518122e+00,5.928440149658781300e-01
2.157447651584408987e+00,5.282093690776381578e-01,-3.295410044401818617e-01,1.408617334489786099e+00,2.192947789407274861e+00
-5.117756171132066267e-01,1.128989997995598071e-01,-2.600260431174526321e+00,3.630916158895519885e+00,8.460917122315689820e-01
-3.392514233512737842e-01,2.118861138065878613e+00,8.442059823863556911e-01,-2.366768704810257695e+00,9.205354610086941003e-01
-2.869824734046033221e+00,3.635092307518799637e-01,9.266898572007284951e-01,2.770866198086050058e+00,-2.245786333004592628e+00
6.445399437665523257e-01,1.231490257483402573e+00,-1.247463305035305670e+00,4.013837153007401293e-01,7.098930308578141890e-01
7.438322027922527058e-01,1.051685714888876966e+00,-5.298282057806217304e-01,-2.034769669542539461e+00,-4.205422915561842778e-01
7.730906865090874103e-01,1.924370950182904050e+00,5.496811765143374551e-01,3.902469630588977223e-01,2.163438354355287530e+00
5.905164086695119385e-01,-5.015793129868402200e-01,2.267742878682142749e+00,2.809792949950884910e+00,2.301408187420974638e-01
1.334549497959595321e+00,-2.892579909709660058e+00,1.713707784990870397e+00,-3.129081282440666634e+00,1.465469361625842293e+00
8.910160488764585773e-01,1.054895711814263642e-01,9.917237039503856710e-01,-1.855629244463808281e+00,-6.356490921957496099e-01
2.858275396187790474e-01,4.322176313612013376e-01,7.914045053904897875e-01,-1.498878349568479873e+00,-3.011618158014064406e-01
1.154000364366124742e+00,-9.550398568211848627e-01,-2.708871137869470758e+00,2.890974518286844486e+00,1.521767044162029237e+00
3.680695651497951637e+00,-9.486215831149186206e-01,-2.400746792492968851e+00,-4.159793437108812442e-01,1.717352643438426529e+00
2.576532601207356610e+00,7.095061599447183287e-01,-5.496043600040079191e-01,1.898784088320797370e+00,3.587710770726193932e+00
1.065657790636337809e+00,4.509048792651247917e-01,8.194125746095416440e-01,-1.163578150002523959e+00,-4.651769756693651114e-01
-6.504909332959885049e-02,-6.168647421758609584e-01,-1.491931097949436458e+00,1.210541403435747565e-01,9.335967704274370504e-01
3.088888700395565623e-01,-2.095775238786094785e-01,-8.513612445419871388e-01,1.056963752939251489e+00,5.198004103952609256e-01
1.266160734490782813e+00,-1.520344617764763706e+00,8.979351580803744959e-01,-1.806924274648932904e+00,1.203991461334727564e+00
1.497339852661693005e+00,2.086332626301736770e-01,-9.516139411390354130e-01,-2.029488592908605060e+00,3.990303484739981532e-01
3.342460514389034465e+00,6.827743489323996329e-01,9.682069523073638662e-01,-1.333295030942477366e+00,2.922842739122478495e+00
1.195098421999985394e+00,-2.085948256028044234e+00,1.618947082076449329e+00,-8.181258615795505840e-01,1.325021036310658928e+00
5.422319846864798176e-01,9.715709210995917555e-01,-2.612075411293279803e+00,5.847450929803157393e-01,3.818844265897756163e-01
1.602317070783817021e+00,3.667097049732871983e-01,1.459605218527175730e-01,-1.523765643154349370e+00,3.185115888955150076e-01
-2.474205393745847026e+00,1.000637675737659604e+00,-2.312698572831334509e+00,9.453374618974319521e-01,8.115329711030898618e-01
6.975037220985054187e-01,3.243538890448341983e-01,-2.495844928938629748e-01,-2.037044149252527969e+00,3.439171682180373057e-01
8.311783040800937439e-01,1.000781738723919512e+00,1.649495111761793975e-01,-9.812125277346884777e-01,-1.824078027294504523e-01
8.655749601191922160e-01,-2.005861504428509412e-01,1.700507359977870392e+00,-7.652316950203100765e-01,-2.586671433741148940e-01
1.417488556224289376e+00,-2.829165688421887981e-01,2.059095943507967430e+00,-6.892547404668536437e-01,3.185013118774233654e-01
2.389161122859275288e+00,-1.202577870729890419e+00,3.172904783004435458e+00,-1.189679967311199293e+00,7.713162302276771465e-01
-1.450666844074074202e+00,1.650923259249576835e+00,-6.627846178200341720e-01,1.033484963692103520e+00,-1.061690051299117421e+00
1.082180045053597439e+00,7.129077413258075868e-01,2.689898936754367753e+00,1.660969405454671977e-01,-1.414406897206867075e+00
-2.444477194347525473e-01,-8.211028984466447467e-01,2.486171448026802899e+00,-2.280379929747190282e+00,8.818829564570118684e-02
1.719977909052567089e+00,-1.937423308546005474e-01,8.430975074281040760e-01,-1.684817650168210834e+00,3.512954185838811361e-01
-4.907362744007923716e-01,-1.903168847457465673e-01,5.137154761742723785e-01,-1.968391733364691087e-01,8.675940206302367175e-01
-1.222773244766316436e+00,-1.220383600641818056e+00,8.971788828982323327e-01,-3.188540145639917611e-01,-1.161265885577644763e-01
-7.893356483781363009e-01,3.448499355321225229e-02,-2.902019762383838852e+00,-2.984051605472469504e+00,1.373665647734918061e+00
2.585021863431925748e+00,-2.033266301797737707e+00,3.260205787280449075e-01,3.724144355976848897e-01,1.946545084778353196e+00
8.288496371522369177e-01,1.016662384348079762e+00,-7.885716657401216079e-01,-2.845929800953873379e+00,7.893474289370155939e-02
3.330702404896067392e+00,-1.779844740991569196e+00,2.520130358908025947e+00,1.261640308252985898e-01,1.295348731131671149e+00
-2.021878927574707774e+00,-7.355226524585666281e-01,1.110170175502602996e+00,8.173203407907150275e-01,-3.980886281840309016e-01
7.871677995476681344e-01,-5.712499955926536588e-01,-1.920816667774543074e+00,-4.082634458468610283e-01,1.240540157595031445e+00
8.085178150430538668e-01,-3.841523620718821364e-01,1.732952098022526810e+00,-1.901569659071976393e+00,-1.869766113729951496e-01
1.857131776103407628e+00,8.854896477493138240e-01,6.735743133707176034e-01,-4.001992357994823557e-01,2.140721779819244830e+00
2.116376592945583113e+00,-4.216325115392918210e-01,-7.547147453364109193e-01,-3.090274489956168491e-02,2.131082850752919811e+00
3.521118476522389074e-01,-8.501782665465809075e-01,1.352671469069920973e-01,6.919485419985030861e-01,-8.549017986113242040e-01
2.949257419985493733e-01,-9.904616859945476470e-01,1.383818052977111801e+00,-3.457535867273196839e+00,-2.853555692662819165e-01
-9.158990553194379380e-02,-5.198054087623672492e-01,-3.367428009072373385e+00,-8.187183680938540098e-01,1.183293758486561931e+00
1.373845109180353019e-01,-6.462408988986622083e-01,4.672788394283594826e+00,-2.334385561028210265e+00,1.614595064841608529e-01
4.128387259875223592e-01,8.336549262370965274e-02,-1.403196497899363404e+00,8.365465656217820900e-01,2.111938359342713234e+00
-9.708554284339572238e-01,1.205709751948015329e+00,-4.840267643778579654e-01,1.938660519074646871e+00,9.102221094510295485e-01
5.070704605201503679e-02,-1.614999387684335597e+00,1.647870543703347845e+00,1.102894387047087532e-01,2.789162250601125992e-01
-6.273205556524060755e-01,-1.886843316706760199e+00,1.509535745034435550e+00,-3.311297395618784112e-02,2.792987452831581230e-01
-1.226619606979135968e+00,1.574466510715250456e+00,-4.986802064692774650e-02,-2.393413471178719387e+00,-1.170259449303189814e-01
-1.236190711844606493e+00,6.479060413849418998e-01,-3.340273021636289918e+00,-5.086085561962522261e-01,4.322042335835830085e-01
-1.523883236963403665e-01,1.084341322335638513e-01,2.011594768294699520e+00,-2.039415594465132209e+00,2.546486298695898931e+00
-6.938560382852061448e-01,-1.244430285512993173e+00,5.466114755795083990e-01,-6.019668909419868541e-01,-4.605906994753523609e-01
1.931343663929817600e-01,-3.639632458736316023e-01,-2.330646113405560715e+00,5.831827016445492173e-01,1.479528755059252632e+00
1.020944179282364361e+00,-1.817875278398512151e+00,2.876508402698581435e+00,9.114278637042434461e-01,9.718216712765477272e-01
2.103208044968082113e+00,-1.148659159804712893e+00,-1.090583013287669267e+00,5.044458143539172212e-01,1.449670260481426443e+00
1.971777105433533128e-01,-1.820336496223029288e+00,-4.705713974829082158e-01,2.426186561217359206e+00,-6.467846470726961172e-01
-2.800500432772329518e+00,-1.527944188751808596e+00,1.009100603340440605e+00,1.227489073225743521e+00,6.741410328855573786e-02
4.621852740779911484e-01,-4.377255103779879586e-01,1.211521598324249160e-01,-3.360733539569890072e-01,5.620244652555553833e-01
-1.437487221822010497e+00,8.811048028927199738e-01,-6.393217171869745030e-01,2.379671783145008046e+00,1.364018658739280188e+00
4.198155743712971955e+00,-8.045672820304077266e-01,5.287817094164019016e-01,6.564524967507409103e-01,8.550203990946012578e-01
-1.071778596502112713e+00,-1.289598538259744409e-01,1.463815500789409363e-01,-2.608836199100499798e+00,7.196585772625677668e-01
-4.527571954944153987e-02,-1.125667944386249841e+00,6.900611580315874072e-01,-2.415913214303654577e+00,-4.148528434323105474e-01
-7.793518015552372002e-01,-1.098118901458086327e+00,4.786508645333668044e-01,-1.640035250107300335e+00,-6.118905573628879990e-01
-1.271990651841506670e-01,-8.759535844046973940e-01,3.675945582686419577e+00,-4.166107119844990159e+00,2.415066221675579161e-01
-6.499179027734282021e-01,5.385537654057054313e-02,-1.760616363066620949e+00,-6.077086078406682690e-01,2.095656856698615567e+00
1.195023783318753807e+00,-1.475319073403780434e+00,1.710590761034522123e+00,-2.086625330461734595e+00,8.037090114933831408e-01
4.205540148173311232e-01,7.665172228117050901e-01,-2.600594844325499810e+00,1.608100038552497946e-01,4.119917714394882857e-01
1.901354808280282249e-01,1.540110361511180803e-01,-1.409976620501351974e-01,-2.263077286182248460e-01,1.108473929257011381e+00
-9.202853889732059978e-01,6.599705491099147059e-01,-1.179841690531995946e+00,2.191543911156105029e+00,7.044032552760075561e-01
-8.242801671469734970e-02,1.070955720756387869e-01,-8.021113494777067920e-01,1.754198845707189758e+00,1.335980708867106515e+00
-1.491116530361408232e-02,-1.016561799386996590e-01,-1.370521853124180511e+00,7.342443308622752518e-01,7.771401491283225216e-01
2.066037736118916945e-01,-2.243140198697397489e-02,-2.720093678582943930e+00,7.960976235555204950e-01,8.067579095427103164e-01
-1.555682535627807672e+00,1.725720303198454042e+00,-1.215267857700298215e+00,8.038398403985413943e-02,7.802472842770417083e-01
-2.465167774432104331e-01,-2.066326273132021552e+00,1.455300901416679560e+00,2.047780139695021262e+00,1.698835672866599311e-01
2.672210354226649098e+00,2.069842688767956851e+00,-1.252867859287487562e+00,-1.679616967318570131e+00,3.091331756170447864e+00
3.330400634364770185e-01,1.226236208873759281e+00,-2.234806187634319485e+00,-7.375973256385610632e-01,-4.359002916895088342e-01
7.501413542718620153e-01,7.580959659040382714e-01,-3.629098789101485867e-01,-3.282409995316839524e-01,2.284521141531297594e+00
1.237464089625016639e-01,1.249340936808282398e+00,-8.474210339465760855e-01,-1.683473215741193796e+00,9.200598628516493127e-01
1.588986902694326631e+00,2.860683148601650405e-02,1.732502563683001595e+00,8.702074875757097594e-01,-3.303877332769389330e-01
-4.828876613608428237e-01,7.227876417736883718e-01,-1.594822431428527532e+00,3.069239004239328050e+00,1.357756715540751058e+00
4.217293548572744299e+00,8.169153704005785999e-01,-1.666560638406122230e+00,1.212374304519613810e+00,3.421523552962137060e+00
2.813805203556911660e+00,1.455325729545689395e+00,-3.321862552541857833e-02,-5.723225692276607823e-01,2.287973049172290718e+00
4.687624852432097811e+00,-1.399328218742355467e+00,-2.938898792740268995e+00,3.795937105080045004e-01,1.930768084266075046e+00
-1.322837282084970090e+00,9.422293821969971450e-01,2.447419399575550436e+00,-2.799903052344342225e+00,-1.276715411119794918e+00
3.626163447062517031e-01,8.434753328345150347e-01,-4.874659790200641662e-01,-4.472518801682521805e-01,5.560449106678977405e-02
-9.001099239374539263e-01,2.394937766456264050e-01,-2.089282841795936374e-01,-3.473822039005752815e-01,7.256346841981210494e-01
-3.286067977653306382e-02,-1.491168848687520199e-01,-3.286276930832492393e+00,2.049511897884266798e+00,2.019084716242986133e+00
4.408808260190195116e-01,1.384131547543263063e-01,1.677241126713245656e+00,-4.608180895620016315e+00,1.308975530321101477e-01
-8.007547136368520224e-01,7.449588074163808749e-01,-2.502409268598714931e+00,2.517303238585314684e+00,1.392537283417078831e+00
2.419415608137288398e+00,6.574256311345400006e-02,-1.721139563723097288e+00,4.653142015908140472e-01,8.011897117600075280e-01
-3.233564940936241028e-01,-7.495617850576354046e-02,-1.905091879216686213e+00,1.149295604804839721e+00,1.058911461191763825e+00
-5.150751684798204888e-01,3.443908073209915321e-01,-7.426626799644733268e-01,2.833719449049452610e+00,2.232604857449249636e-02
9.195616473644545596e-01,6.822964331302778795e-01,-6.715553705491564274e-02,-5.338291629420883755e-01,2.383316964669970339e+00
2.999665143063773298e-01,-6.353452243764626806e-01,1.646352101849262173e-01,-1.039318901766769887e+00,3.284012134307161546e+00
1.477058011181047181e+00,-1.634506503700581037e+00,-1.883978626457241567e+00,-1.143881178379156482e+00,2.846301181164597072e+00
6.647913170673160899e-01,-7.980614422072787595e-02,-1.143481314786430447e+00,-1.176111890273778382e+00,7.041761320364868793e-01
3.277981021587628718e-01,2.480606170967493362e+00,-1.159136377381054128e+00,2.815247409760068820e+00,1.894471830724511863e+00
-1.224421986941775398e+00,-1.518688533101788085e+00,1.153537486306374760e+00,-1.472497054159050967e-01,4.530315634051444995e-01
1.014359082907997145e+00,-6.916095177912242598e-01,4.254668740785705339e-02,-3.568143925159856789e-01,4.731256324326189588e-01
3.204439480674559526e+00,-1.102891239404089285e+00,-2.988563840481479605e+00,7.174984645797473082e-01,2.107701556007787858e+00
8.233440036394398809e-02,-2.038316370656732435e+00,8.378824778994302669e-01,-3.969974567230981632e-01,4.867943686458446328e-01
-1.366463494121538946e-01,4.293536113451340008e-01,-1.911866295513384273e+00,1.544258157511722906e+00,6.584112161667945440e-01
-1.074496696123263595e+00,1.185340198160101943e+00,9.615377733473764454e-01,-9.638639611618987635e-01,-7.462658341555656882e-01
-1.425597142086451052e+00,2.414561473649698142e-01,-1.305082942558755121e-02,1.917821943292002285e+00,5.545996360255956992e-01
1.781441712032151514e+00,-3.313089906995890233e-01,-1.406419613338114827e+00,3.608198632377921378e-01,6.738745424534959838e-01
-1.150529065297822839e-02,-9.567959455446479744e-01,-8.623497052760070725e-02,1.020911868491512609e+00,-8.488359985819013964e-01
-7.519313693623922434e-01,1.919949886114195259e+00,-2.810154904580015600e+00,-1.344189311052790492e+00,-4.587544038979940453e-02
1.557097416986835681e+00,4.741979094927262217e-01,-1.168454752366450800e+00,1.432004995557749183e+00,1.037686021462664865e-01
-1.451167029366216887e+00,1.544142408869555005e+00,-9.298508639242519802e-02,-8.563299109969213507e-02,1.032553829559794911e+00
-1.067542189340495717e+00,-3.107707100260016508e-01,2.301539485074258540e+00,-6.351749648222447808e-01,-6.631012141135843585e-01
-1.497563815175006141e+00,7.727748690102773654e-01,-2.923969061409319004e+00,2.612755111381909190e-01,6.009180648602767683e-01
8.205904487963116001e-01,-4.608886331988311102e-01,-9.878686321306284768e-01,-6.719008277442242161e-01,8.547763280222391291e-01
9.214378476972520104e-01,-3.654362038165233084e-01,2.900277662439311732e-01,-1.320002516785221958e-01,6.307453283945121392e-01
-9.119565402089369055e-02,1.205347133308454222e+00,-1.005998698962209392e+00,6.759659804505804281e-01,1.390751040565258112e+00
6.097286208420704678e-01,6.229182314429754230e-01,3.020386155624856350e+00,-1.475985165460179882e+00,-6.451228472647853041e-01
-1.350699568136101592e+00,-1.129094258677664886e+00,-2.411358996410007283e+00,7.692299219360481111e-01,2.868591320456319593e+00
-1.420102364430267272e+00,-1.343249680451517492e+00,7.405728283553283386e-01,-8.308773143958152474e-01,-2.977575702114308998e-01
-3.062738274092501323e-01,8.402355727944456065e-01,-2.350468499211408435e+00,-2.303937581866066786e+00,1.853001903240883430e-01
1.129850644840010965e+00,-1.979252679355755218e-01,-3.610873304654028448e+00,1.661374467140463773e+00,1.221270981732621497e+00
-7.852579302586403243e-01,8.826727453519555011e-01,-6.421973465308559170e-01,-1.422429980897528257e-01,1.097690361831897832e-01
-1.650447915122720488e+00,2.385586441209741337e-01,-1.181663692405068300e+00,6.918122509134956299e-01,9.654094495719813818e-01
6.977410650765436539e-01,-7.607905979444061773e-01,1.023850440574488596e+00,-8.000322938198441980e-01,6.551228485283321357e-01
-1.935297301195592734e+00,1.021689332031627595e+00,-8.496260383866656163e-01,-1.191663319414169031e-01,8.319540027172656060e-01
2.490097691787255929e+00,-9.786597454172342170e-01,-1.022316387287290684e+00,1.270151170100744853e+00,1.474563881359128636e+00
1.021293196868643616e+00,2.376337211523801507e+00,-1.402862169689879979e+00,8.735722438630662001e-01,3.727305041136537156e-01
-1.405501721961659900e+00,1.056546114362558075e+00,2.345911768922881002e+00,9.910522095345444260e-01,-1.611824550178186488e+00
2.398150601241910707e-02,3.607178136223135878e-01,-1.874672299134329201e+00,3.363625727854987257e+00,1.118000019637881870e+00
-7.532197946478398354e-01,-3.042901423196824329e-01,2.817800680175573280e+00,-2.852987430964656568e+00,2.329305182688304887e-01
7.341597208099038818e-01,6.216795891252127060e-01,-1.157716846058987281e+00,1.287669511122379040e+00,8.555687405646994481e-02
3.464548973083467764e+00,-1.271795821004527260e+00,-2.120655158433873311e+00,1.246993252834641686e+00,2.126131443917863351e+00
8.198477002323859564e-01,2.226886631911216205e-02,-2.297941557288050163e+00,4.359758153509862844e-02,1.232738750224079860e+00
-9.985252163384692459e-01,5.155625999966098050e-01,1.876816895304547206e-01,2.208705946143554755e+00,2.606392463597078102e-01
-9.529412138010857625e-01,5.584521810769513817e-01,-1.225239765809362780e+00,9.896845196721435478e-01,2.084970927957624731e+00
4.253082227759518164e-01,-7.429841980403888435e-01,3.378528445771007416e-01,-5.453477278630324276e-01,-3.262680851182289121e-01
-8.727555675206180030e-01,1.750029254640679932e+00,-2.928645241588148984e+00,-5.980564953126216166e-01,-2.371087759467355172e-01
-1.436850148303392416e-02,-3.015436529021237044e-01,2.063440675255163281e+00,6.066773821718902671e-01,3.440988139449802086e-02
8.269725306666089182e-01,-4.381704973891690780e-01,-9.467858715186526775e-01,1.193576684543935063e+00,2.975479924894693262e+00
1.802917074049490864e+00,-1.328218581822026234e+00,-3.866410389639334255e-01,2.198952149804668910e+00,9.157031435474528580e-01
8.381122403192151626e-01,-1.036045567993287425e-01,-1.331656069299688383e+00,1.336666844152430977e-01,9.565964485921261140e-01
1.321285612084718508e+00,-2.671468513465453665e-01,-3.029008541642092212e+00,6.163838542097767048e-01,1.722085097045750413e+00
1.863505358162035996e+00,-5.277273721412143459e-01,1.511651157401095791e+00,-2.724192741336027179e+00,-7.579071626706657128e-02
2.612823167173803363e+00,-9.397342371529349148e-02,-7.739842201378225317e-01,3.721168862816199407e+00,5.797102119466461811e-01
2.887860933962611121e+00,-1.009142687106819869e+00,-4.155540534522078611e-01,1.099171289392623319e+00,1.242694075093633943e+00
1.221417062933527919e+00,-1.778350954017533292e+00,-2.431243225884855974e+00,6.188639653900014359e-01,3.102803051648625132e+00
-1.614874700774748817e-01,2.084619099202575487e+00,-9.161456515542286683e-01,-2.654994454764989520e-01,1.700449903085756720e+00
2.465857103485905588e-01,-4.845280437208902558e-01,9.608718876610362614e-01,1.873078694040649195e+00,4.786411224634093964e-01
1.258906297130342855e+00,7.027487245767866098e-01,-1.296700037317433996e+00,2.305549976099081189e+00,6.043602697951130365e-01
1.486147553938030441e+00,2.941210669218281004e-01,-1.802941404641088319e+00,2.836259375605708399e+00,1.016533001349313903e+00
4.171938970269249758e+00,-1.332625539035411366e+00,-2.448417530210625692e+00,1.629751318879484323e-01,1.776201237218916207e+00
6.319986038578553345e-01,-1.394744735466813879e+00,8.385845840722028210e-01,1.256564242455660230e+00,-5.592181787548902161e-01
1.163956832832001353e+00,-1.755857557936698135e-02,2.135933195062441392e+00,-2.820913387576737819e-01,-8.654896009421031433e-02
1.311899092569849490e+00,-1.212559023962202220e-01,-1.943565316332743098e+00,1.923352048365277955e+00,1.694962386481137173e+00
-2.608998866089110025e-02,-1.010651611180053422e+00,-1.015916656081008451e-01,1.814116970019685304e+00,4.223037596465523125e-01
-5.004542351822061086e-01,-1.267964429246793145e-01,-9.845456007056052616e-01,2.959785914823092945e+00,1.507733255756274371e+00
6.672018112253869093e-01,8.153291215808027292e-01,2.289488079206839277e+00,-1.022438134908819407e+00,-1.004145412095716283e+00
-1.490716792844024141e+00,1.181406581314325521e+00,8.161308465421560632e-01,-2.922146443231243840e-03,1.291405481050465820e+00
-1.721115128391257354e+00,4.424457001324535455e-01,-3.964510811438394011e+00,5.103927895515228963e-01,1.598056995266261548e+00
3.069755155380508693e+00,1.143072339786632252e+00,6.509929854855220910e-01,-1.996317944806437428e+00,2.272547964831470590e+00
9.122026528509892263e-01,-7.446793996835130436e-01,-1.969871488178731145e+00,2.554482946984018010e+00,1.791296770417886153e+00
1.546709037419213839e-03,-1.684534492505223247e+00,1.086012559513538145e+00,-2.984125756302578925e+00,4.203871769433617511e-01
-1.390436519713809549e+00,5.645768502485714289e-03,-2.054928572088053240e+00,7.179336126661561845e-01,9.163195669030055335e-01
2.042628831763667607e-01,2.755350305501828162e-02,1.421161232683120890e+00,-1.440106714926078668e+00,7.416393459059911208e-02
1.422012159767295225e-01,-4.980441823143759161e-01,-6.595804495800658973e-01,1.099092553807741179e+00,6.644854486162178331e-01
-6.646117282703880580e-01,4.298269731744798761e-01,-1.380621008401475169e+00,1.307435642338529380e+00,7.456016065659513137e-01
-3.992306829261590417e-01,3.096966003446205429e-01,-2.447919077930358345e+00,2.968984511055695386e+00,8.088047618697239427e-01
4.677485809697423669e-02,5.349259475307842626e-01,-2.028825837671128784e+00,4.024985671447252500e+00,1.169368899967265119e+00
5.204588613369977024e-01,-1.663721093010798624e+00,9.521059848187980457e-01,9.267722631480274087e-01,1.023282883651557063e+00
1.294438370149862072e+00,-5.885136393324713611e-01,-1.055184944229848210e+00,-3.623182294862052899e-01,1.815698845630702607e+00
-9.679655070228617708e-01,1.503839511514218907e+00,-1.776518345282240841e+00,-7.492138976821518526e-01,9.902646255958080790e-01
1.643625577405996907e+00,-1.052848016825449928e+00,8.011259164866249005e-01,7.371139661538452792e-01,1.014085273181587921e+00
-2.179852776225351896e+00,5.212561043299065444e-01,-2.837655941803730819e+00,-1.021839258277286611e+00,1.207672071657988067e+00
-2.252148437939689440e+00,1.206604503985534982e-01,-1.389664925473583557e+00,3.421548492871595015e-01,1.982732270594034452e+00
1.614829203645680389e+00,-1.374101361481538053e+00,-1.382866984747864070e+00,1.432349333018617887e+00,2.949861198569967868e+00
-8.413907028501278473e-01,1.487329984402924188e+00,-2.468259618103750164e+00,-1.882364569655130104e+00,9.416534323267770068e-01
-7.752954968138374703e-01,2.955566931698307420e-01,-1.942893154422572932e+00,-6.448215574225224511e-01,1.398016518107433326e+00
-2.915737296805086531e-01,-1.671673281087138752e-01,-1.213341574885482554e+00,1.137614509909257166e-02,2.211375617520384473e+00
-2.362419413250238964e+00,9.704854314673925231e-01,-8.487936503547605094e-01,2.797911208634110913e+00,1.132370787007843216e+00
1.739602483672620714e+00,2.351249812292319774e+00,-3.723587513494724388e-01,1.193038689381225037e-01,1.925716241743107293e+00
-1.121389106162320903e+00,1.786809306745827719e+00,-1.576539429368822631e+00,5.855656780444543630e-01,-7.819802156164825657e-01
-4.540147006336114899e-02,-2.388935258919898108e-01,4.095859901920486101e-01,-1.964220135652585020e+00,2.200259415153549836e-01
2.448190935927038403e+00,1.979919743392461351e+00,-2.436048020360998212e+00,-1.225129788413823473e-01,2.085047598072280461e-01
2.476010814293211126e+00,-8.824138698704028227e-01,1.317548887542749236e+00,2.371031657489890865e+00,1.046179411248075564e+00
-9.605169740436275694e-01,7.445154901106191235e-03,-7.495886071652438920e-01,1.084335564474944169e+00,8.169106933214842492e-01
2.663439049424876970e+00,-8.407369449075083323e-02,-3.054978484045061116e-01,1.060329200234639169e+00,4.055975098390652844e-01
1.949405021340150368e+00,-5.396692467873273058e-01,-1.853880132105053535e+00,1.031045282309104305e+00,1.014475825454944635e+00
4.227742995026551043e-02,2.666021773382326598e-01,-4.814275679415174203e-01,9.656344107381573671e-01,4.273919180094606918e-01
-6.139301495522947461e-01,-1.902031340997256237e+00,4.357208881588390259e-01,1.957340681089025647e-01,3.470226784810170884e-01
2.277898732615933675e+00,-1.224474105832060455e-01,-1.610974688827323753e+00,6.683532313454931817e-01,5.874003291276983507e-01
3.556779337659327078e-02,-5.040063585864446027e-01,1.735566661348693307e+00,-1.948204382782475097e+00,-3.178595640911523468e-01
5.401914436536222608e-01,-1.831864575735022427e-01,-1.107205626606658555e+00,2.878452526084372742e+00,1.407799362731912973e+00
4.601965087896349615e+00,-1.754111237927660882e+00,-1.007082844564421986e-01,6.572477437922910060e-01,1.782717129754249674e+00
-1.546452365528059536e+00,-1.980473920458896364e+00,1.448291739662241895e+00,-1.118125716301021644e-01,3.445703094990898441e-01
-1.708737464514047621e+00,-4.492739807214455872e-01,8.819539683992971835e-02,-1.555939957779034044e+00,-2.060992857795807875e+00
1.729449187678598898e+00,1.111739806027369770e-01,2.704358676936152950e+00,-1.880297365029689471e-01,-7.370218461172237667e-01
4.913034484098239840e-01,-1.281818105107009442e+00,-6.975233152283810689e-01,4.717470154297287444e-02,3.195382717247061244e+00
-1.891186842810134383e+00,8.876942457707328593e-01,-1.620993775671096149e+00,2.075828792461179795e+00,1.142660328954313576e+00
2.814406319017097591e+00,-4.703805316495850986e-01,-2.271891625851066188e+00,3.572672184226880709e+00,1.873518933490441407e+00
1.855226800335179060e-01,1.201457507740887332e+00,-1.349520706369891743e+00,3.760993597087216589e+00,2.724096796878213711e-01
3.029605362692825654e+00,-1.958616605634905028e+00,-3.810231846021921998e-02,-1.025769724048507525e+00,1.962176936690068541e+00
9.960489480766583359e-01,-3.075333506407953998e-01,2.097077694109683588e+00,-1.125410427428065629e+00,-2.654730333969961276e-01
2.902081658828320254e+00,-1.633366550190526123e+00,1.219830536979905844e+00,-1.972346627548654752e+00,1.495730280623907005e+00
-1.922139377663594217e+00,-5.239082482478175651e-01,-6.738841208590156118e-01,3.865167596925409566e-01,6.548520984465253658e-01
1.724374175005753518e+00,-7.408282520336078036e-01,2.679282668160469782e-01,2.485606587659188738e-01,1.840592063947406043e+00
7.623538080544802753e-01,2.867455990075001848e-01,1.486231124857523733e+00,-2.894083452988904792e-01,-4.418610180504756180e-01
1.989070657777816109e-01,1.108864528265248950e+00,1.352108813388445352e+00,-1.046754240181804629e+00,2.227114962502562356e+00
-2.376038056538736787e-01,-3.379852165109010764e-01,1.424058950874803386e+00,4.786256443712131881e-01,-9.849429275371602843e-01
2.122509112982088109e+00,3.208090897179273204e-01,-1.421370559265560995e+00,-2.318653204798306611e-01,3.005789581214846073e+00
2.643207953218026596e+00,-1.330706457627910400e+00,-3.820458958290746665e-01,1.768434979674124774e+00,1.276869348243369506e+00
-1.231934008534960823e+00,7.990398195816371674e-01,-1.812523372650425957e+00,5.083363280485939106e-02,1.293341315975466976e-01
2.617402396304893575e+00,-4.199248218774464525e-01,-1.469585974792612770e+00,1.401180536726769787e+00,9.103946833336715727e-01
-2.014273520414673779e+00,9.806739675847836457e-01,-1.169723653863686597e+00,9.350881497322057756e-01,1.022030178524207633e+00
2.593733239600080509e+00,-2.026588033625557284e+00,1.103154854340280266e+00,-6.728059378163313564e-01,1.643233615882377041e+00
-1.508312361786345868e-01,-1.350753627335752882e-01,1.900840708356663855e+00,-8.997168476105595891e-01,-8.870191599626218171e-01
2.988582655264117705e+00,-1.611495157059926520e+00,-8.852464402244580866e-02,2.689524891150215424e+00,1.720225834745350735e+00
-3.143700406788371149e-01,1.130427642006442079e+00,4.989970734072927128e-01,-5.181121717071884847e-01,-7.877688007475253107e-01
-1.376553453936349314e+00,-9.308397082384624044e-01,3.060442231288145187e-01,-1.839659631343838697e+00,-4.639625063982408815e-01
6.986892204815606799e-01,4.120746138140274906e-01,-2.471772995615675317e-01,-3.709272076710451449e-01,1.582474875567974948e+00
-2.592862528267330102e-01,-3.228248608666333674e-01,-1.986543036334454948e+00,2.957930560065696213e+00,1.535713900322453807e+00
-1.984901065321532876e+00,9.973627008371233060e-01,-1.229727150775264510e+00,1.230529906026166742e+00,1.286434531094660549e+00
-1.282886709961958971e+00,9.883834370572532890e-01,-3.939573243308517547e+00,1.071616853439662620e+00,5.523536548149861058e-01
1.621623414169189870e+00,1.204480834514543436e-01,1.140341322742822294e+00,3.867416153592960759e-01,-3.728130077907232387e-01
3.053564115705524329e-01,-7.531759488017480964e-02,7.151535674431941381e-02,1.060712107205120658e-01,9.805289943955007859e-01
2.759134840340429662e+00,-1.691820224818183782e-01,3.343766754562536581e-01,-9.340675327832450581e-01,5.050958112508003861e-01
1.179148125395094393e+00,1.873159335893746613e+00,-1.112848159470001042e+00,4.004046377383028155e-01,2.528705657677353447e+00
-2.580449270647173221e-01,1.428436185753628462e-01,-1.896249899185826537e+00,2.336909482598480192e+00,2.007092553343947650e+00
1.683203354434565258e+00,-1.662724356535781600e-01,-1.808197347328742044e+00,2.238099818460273838e+00,1.604750455339908344e+00
8.559668737790414594e-01,1.329110673313248725e+00,1.524191759200492768e+00,-2.818137044742441422e+00,1.757703334766546277e+00
7.330894272578931670e-01,-6.124322147389542614e-01,1.367415572086351006e+00,8.591872889547347292e-02,2.814519172174103079e-01
-7.918394459242077410e-01,7.312655313543257041e-01,-1.905006436109319523e+00,1.404286412809312434e+00,6.885491936980603356e-01
1.118481390874490833e+00,-4.424253607547927181e-01,-1.869500240235846267e+00,1.623640118109989983e+00,9.847381858259190990e-01
-2.011128397325593120e+00,-1.030386510952096435e+00,8.818576948327284670e-01,-9.322549664397996594e-01,-2.398742795904262870e-02
1.396726402084242924e+00,-1.385562593960724564e+00,1.564432956200635605e+00,-3.406615942665612184e+00,9.999175595363759550e-01
1.183065025774194590e+00,5.009389894399036702e-01,8.755846407493347305e-01,-1.943333272948361556e-01,-3.620285409076173799e-01
1.718296651810056197e-01,2.627543841136379954e-01,-1.230510779077282235e+00,-1.789910222976419440e+00,3.786563151313182551e-01
3.830910733511118105e-01,-4.545201414439046239e-01,-2.891141241737449352e-01,4.744164985842662108e-01,1.190911669192033839e+00
-1.601565454426416846e+00,5.190479248487225306e-01,-1.725510257740430209e+00,9.771232623515274662e-01,7.844582580372103653e-01
-1.666667987971686138e-01,3.297818215627850574e-02,-1.245640812901889660e+00,3.364871916464448054e-01,5.612525793300003896e-01
8.707724619226429041e-01,-2.843425478307563467e-02,1.253854667113067922e+00,-3.164784405317175420e+00,2.543345306091948643e-01
3.396656790609896559e-01,2.281088079614219111e-01,-2.683093682981689376e+00,-4.200162945232266409e-02,8.530559670008696083e-01
7.714418461547274397e-01,2.249803479203404954e-01,1.209808072790103495e+00,-2.966960694023746736e+00,-8.242523489809059356e-01
-1.318992858954838088e+00,4.390810843286783727e-01,-1.832759779214507834e+00,3.337317780566758429e+00,1.649009110678772316e+00
1.673404052604789749e+00,3.205820648194911415e-01,-3.010530309370228697e+00,1.635392417289346589e+00,1.289171034290530926e+00
-5.103213747153713120e-01,1.069981904183684024e-01,-8.381420275244843010e-01,4.223544605746050173e-01,7.200216417852711714e-02
-1.042181003903455139e-01,-1.044200456482374806e+00,-5.230141181606355882e-01,1.740429188627517831e+00,-9.979323317897021983e-01
-1.075726462053411492e+00,-7.817012455704167584e-01,1.341820211292859444e+00,1.121072432581624589e+00,3.347629420300634595e-01
-1.108499587319548896e+00,6.258212571495421761e-01,2.352492259609610947e+00,-2.687296298873983247e+00,-7.420858904621172591e-01
2.490975589140629776e+00,-1.724977182110076335e+00,-1.990712307265388059e+00,1.761907999969927863e+00,2.958311505507134953e+00
-1.363733648837005319e+00,-1.462292055507519173e+00,1.814265313676622471e+00,-4.167244712669511131e-01,3.388695102020620187e-01
-7.774970599277342131e-03,3.326475367589953880e-01,-1.486189086898105138e+00,4.517889421364130742e-01,8.969421894181163202e-01
-2.044848537589887272e+00,1.208381030616768825e+00,-2.446968150769798456e+00,2.859846357064298239e+00,1.153909336001504249e+00
-4.660003875399192363e-01,4.849477113871934475e-01,5.818624073172271594e-01,1.612420716221213968e-01,1.156568146167592959e+00
-1.200909359325031511e+00,-2.866203852042626954e-01,-1.808059981669131178e+00,-2.448942079615756828e-01,1.148189540079699755e+00
-3.461056037121482909e+00,1.314231171357437056e+00,-3.802780199503039693e+00,4.741224568023071351e-01,2.557313024947300839e-01
-4.640357549338314236e-01,-4.429945182018078520e-01,1.114644082843021078e+00,2.035060769194298569e+00,-9.402616572770873260e-01
7.734171451310452028e-01,-2.447968042768592367e-01,1.947711167938081633e+00,-3.657242348710272317e+00,-7.893088610991694232e-03
-1.625932777478628521e+00,1.626992450816687474e-01,-2.477807471460759192e+00,1.895695981874042646e+00,6.952127541921702125e-01
7.798473167318029642e-01,-1.103978185558201819e+00,-3.851371069767877575e+00,8.576211707154455244e-01,2.607284134442457546e+00
1.536643479966696368e+00,3.261381927453002039e-01,1.166766112434232783e+00,-2.588224293000795484e+00,2.675872127234099285e+00
-5.275536746655820064e-01,1.532809126875352090e+00,1.608037307709806685e+00,-2.067629323304939426e+00,1.441901327743089656e+00
-1.539243956469106722e+00,-1.078697837298298268e+00,3.256179449707568008e+00,-1.618781524064210720e+00,-3.961999919189951314e-02
8.021623698454358742e-01,-4.224551074258362515e-01,-2.197398490481762945e+00,9.721537007145397702e-01,1.475192506981473972e+00
-2.191024511914594353e-01,-5.073945359825173806e-01,-5.855142104082133869e-02,1.714722746270502141e+00,1.561230700789212111e+00
-1.759283922217573348e+00,-4.271744338597114332e-01,9.197514108738954475e-01,-2.530729972166748443e+00,-8.740810852706477618e-01
-1.575972350617449447e-02,-6.977539294284085258e-01,3.094465801040221509e-01,-6.336417434965649909e-01,5.805865946672802425e-01
2.895048654161952228e+00,-1.898354438770475827e+00,2.366024178282481572e+00,-2.035085670852158302e+00,1.103998281738027387e+00
1.747093601626941162e+00,-3.205105848749340014e-02,-4.534532284927200174e-01,-9.056988453288132845e-01,5.353275395289773808e-01
-6.648386931756047336e-01,9.830908850455030157e-01,1.177027317935156692e+00,-1.341349334362167411e+00,1.873496935089487447e+00
1.362265451802370464e+00,-8.773726702979507686e-02,1.085480335882895719e+00,-1.046438608318684960e+00,3.082514736789536247e+00
1.781384488436559943e+00,1.573182128316480688e-01,-3.815023906247526631e-01,1.011576160044026285e+00,-3.892062919416350297e-03
1.006982858656456647e+00,1.631461884308333055e+00,-1.782128245864319283e+00,2.232586569259672249e+00,8.206100890775722689e-01
1.048089520315539147e+00,-4.807866874067579649e-02,2.219367916440414312e+00,2.315816803369086685e+00,-3.284601429865572353e-01
4.886080131828609563e-01,3.566748544075999394e-01,-1.310714100141721739e+00,1.286945233852981207e+00,2.076524398956898221e-01
-2.068355987059408818e+00,9.526590597429936969e-01,-2.575083859656829954e+00,1.943804621776107577e+00,1.231131012934918223e+00
1.964277019624199649e+00,-9.025457284853953821e-01,-4.669674919883737285e-03,-6.196852012667393161e-01,1.025752322270780281e+00
6.005556652802241935e-01,-1.071227523395439085e-02,1.915102747080652312e+00,-5.829247888002393463e-01,-4.578102608268097562e-02
-1.228094914177941810e+00,8.170161630365027072e-01,-1.834283455554923892e+00,-5.081380637636900843e-02,1.585994427699291887e+00
-1.372405688757579068e+00,1.685953056202490696e+00,-1.625386506694916022e+00,2.604227791242754719e+00,5.581962694125246482e-01
-2.668383192940313453e-01,-7.380427228780480631e-01,1.993423868053799897e+00,2.011664771684391173e+00,-4.993572767871857776e-01
1.803652859787527873e+00,-4.801696069078877915e-01,-3.501324622873628556e+00,7.539797926164657493e-01,1.743185833740831914e+00
7.459083108193806932e-01,2.591757554021040022e+00,6.073719984132462946e-01,-6.172915672905068263e-01,6.048530246115610964e-01
2.421803423089461837e+00,3.572715992309836719e-01,-1.911110923875201539e+00,-4.281587126927346443e-01,2.069524574719775245e+00
-1.077155592592393241e+00,-5.538462425855923410e-01,-2.156732307071961063e+00,9.389980623608440435e-01,2.580284576660131890e+00
4.968300006419035242e-01,-9.312959693108716075e-02,1.276044937160337067e+00,-9.866904587138385363e-01,-6.516772724886206181e-01
1.802860670547548283e+00,-1.642018403600761234e-01,-2.037188112331424605e+00,4.848572797502104792e-01,1.520016611740765189e+00
-1.491764636168706470e-01,-5.728963529382129494e-01,-2.947757542143952803e-01,1.761934078039595342e+00,7.502415639074171416e-01
1.364318747617595751e+00,1.175260446734246490e-02,-2.662650789105105442e-01,1.988882767515098404e+00,2.069176768380522891e+00
1.303997071757487358e+00,-5.834794635091998527e-02,-1.129016241481658245e+00,1.929627788667763966e+00,3.922882140715167054e+00
9.469795423539745238e-01,5.233670411833023506e-01,-8.409000758191040870e-01,1.678232353096619889e+00,6.221081989566102921e-01
8.379415976991100301e-02,-4.090081652124894496e-01,1.698099686196877123e+00,-1.844053830109488423e+00,1.530408242237979444e-02
3.311883269692476039e-01,-1.430784595413109095e+00,2.609345863985871539e+00,-8.344175467137632252e-01,2.922665216552328138e-01
1.613600402948456303e+00,-1.957063214450637911e+00,7.563327156301092868e-01,6.305031749828871046e-02,-1.343943778283104296e+00
-1.306797794406615587e-01,-5.121201274973192774e-01,-6.911448869603343814e-01,-2.712000153841656935e+00,8.795135473485069522e-01
8.516645368306903219e-01,-1.137098033800612251e+00,2.069928946446939033e+00,-4.827793294243916122e-01,1.069589024391030652e+00
-6.907680701014661251e-01,2.055130490767966833e-01,-2.672501140318280122e+00,-1.779167295383185188e+00,1.176608802010695287e+00
5.315616758513010964e-01,-1.779764200431615262e-01,2.077476000364231190e+00,-3.552512926720825082e+00,-9.510198907797973167e-01
1.118088759288651479e+00,-1.209983384964387287e+00,-1.907516696575512150e+00,1.074431509287114395e+00,1.962053517519463774e+00
-5.755087132399994143e-01,6.418235531083275047e-01,-1.595130097036941086e+00,1.890444553494673219e+00,3.338577504639222981e-01
6.937604545198028383e-01,3.642836235143364632e-01,-2.332760641086371933e+00,2.181206441419786923e+00,7.641875985494497314e-01
-5.492179167123683037e-01,1.036897193752907453e+00,-3.215887191761757080e+00,2.160129629864984580e+00,5.759258303542862389e-01
6.443638812997052323e-01,-3.560342917726603829e-01,6.955426362088490411e-01,1.156662825694082297e+00,5.768679240686490628e-01
-2.233282520780957014e+00,9.972346238880849256e-01,7.817070698891781522e-01,-1.656319509735697304e+00,2.168658601626087812e+00
4.756663355325503328e-01,-3.286223116762644336e-01,-4.052556622493100336e-01,-2.793285388329005858e+00,5.361092999294819750e-01
7.003462101727480071e-01,-8.251569679991008766e-01,9.436513857126770377e-01,-1.870311257452716092e+00,5.787963153078437006e-01
-9.132851886616810688e-01,5.281731853087284767e-01,-6.537008903858866349e-01,1.796522088592887423e+00,6.822242475027007202e-02
2.853255101317608289e-01,1.045405481744458465e+00,1.158807296126880271e-01,-6.090356185045870951e-01,-1.566354276185479844e-01
9.047687128253883992e-01,-6.035914610688154075e-02,-2.336115985812023066e+00,4.925711917382006533e+00,1.658800671416637007e+00
-7.601194182607230454e-01,-4.739806516641532214e-02,-2.409873218029355613e+00,1.152446743681597496e+00,1.046043934919429264e+00
2.151449378884565111e-01,3.578391354204313868e-01,-1.886169534509045675e+00,1.138300524288000881e+00,6.238831373446538375e-01
3.074785736083243126e-01,1.440622130519999322e+00,2.973814799579582724e-01,-1.155614750214694619e-01,-1.060082658765497454e+00
-2.946392834769134828e-01,2.160978710342083831e-01,-1.985473202728617714e+00,2.075837256926054142e+00,9.738731171557153399e-01
3.257703915670404182e+00,-9.390458262994055838e-01,-1.737750941719892195e+00,8.290807774906880923e-01,1.712223086756055057e+00
1.315229569905646212e+00,-4.288594572092481738e-01,-2.379404487238639287e+00,-3.232308435528955526e-01,1.492846846041226527e+00
1.610342809513552131e+00,-2.200067746990590489e+00,1.377544365322440623e+00,-1.368734291684011284e+00,1.296967563310895688e+00
-2.824959773015152997e+00,-1.095970498164211326e+00,9.456712563368818714e-01,-2.361859732081813545e-01,-4.296687406295968126e-01
-1.338451219884032817e+00,1.630966929076867133e+00,-5.347182104105892009e-01,2.224536690451279775e+00,-6.267710384351763420e-01
2.273694775766985643e-01,1.182845024713707754e-01,1.562524033833420978e+00,1.692541901494095669e+00,-1.159375656950795141e+00
5.415026657527928222e-01,2.748637186753250528e-01,-2.406499460251587230e+00,1.894696937859617680e+00,6.338566989496433601e-01
3.884434281377784348e-01,1.351983061064488068e+00,-2.161576959539860177e+00,1.092691046510955832e+00,6.810240258179325323e-01
5.955966783354923466e-01,7.856509179238355678e-01,2.603506145603980748e+00,-7.501164770818380401e-01,-8.361664949848658379e-01
-2.773085841672662255e+00,5.242599027816269297e-01,-3.036323777670234314e+00,2.083822790863441465e+00,1.738896757160293571e+00
2.875980067281604047e+00,-1.621695263552197286e+00,7.309304606787480063e-01,3.589179602586922702e-02,1.600166204343651311e+00
1.714224952952261738e+00,-5.038968118428333032e-01,-2.631175458103420350e+00,5.355195386280036107e-01,1.274801149854756233e+00
-1.116379253736862420e+00,4.009451883797656713e-01,1.400847030321762610e+00,-3.094767769082275244e+00,2.415340809225610563e+00
-4.212531720072311359e+00,3.308607477912987038e-01,-1.675282708254226316e+00,8.572746113950652225e-01,1.151150024427198604e+00
1.197842186478491389e+00,-2.217978183565904593e-01,-1.342691273314863265e+00,2.657402009951697064e+00,1.358097892342714275e+00
4.652481677090924972e-03,-1.009693333914053914e+00,2.429934730248675123e+00,-3.879924213577288228e-01,5.058691860703143917e-01
2.327198216498882477e-01,7.636914480151103524e-01,3.041037661148453974e+00,-8.265810484323972140e-01,-9.900560538671960842e-01
1.194188225190839781e-01,-1.297426140986332799e+00,1.262466378012013113e+00,6.554314417204052390e-01,8.909370258276138044e-01
-4.669315208026858510e-01,8.113003101911899773e-01,-4.777263032906942652e-01,1.266874731319135305e+00,2.044830972365585975e+00
1.569271226475260905e-01,1.470101450663499898e-01,-1.880474522743713184e+00,2.576007989490175731e+00,5.571542767543377073e-01
6.532347991164899614e-02,1.292261227733892293e+00,-1.204316415862781708e-01,2.082048009100716968e+00,1.282023144879128163e+00
2.160748356286787963e-01,9.859351879398917662e-01,-1.685422082013646961e+00,1.915997578062372364e+00,4.711875047162932817e-01
4.224120983335744040e-01,-3.499569228620357242e-01,-1.020953561678304755e+00,-1.696520649528548752e+00,6.904842338984732431e-01
-1.221936249254133022e+00,-1.120053299356685711e-01,1.812806439809341974e+00,-2.788532848492847105e+00,-1.006892179405630916e+00
-1.541182432248118683e+00,1.423834352377053580e-01,-3.384264371117849279e+00,1.433928166188090492e+00,1.417365600920852176e+00
-8.119359636610623543e-01,-7.594323527376319882e-01,9.761537922583799487e-01,-1.361292472833719680e+00,-8.950922999887584997e-01
1.199120371510413063e+00,-5.963494115686682751e-01,-1.897977050949233746e+00,-2.909443088892739171e-01,8.101912350250721762e-01
1.049990924978117857e+00,-1.089940678677122354e-01,2.625461906988007410e+00,-3.124400717696395047e-01,-6.337845196606494147e-01
6.255570528971681199e-01,1.102234041106772366e+00,2.174298822983529611e+00,-2.275599223203975008e+00,-6.904058656587455101e-01
-2.843975639397203103e+00,4.654845346930202576e-01,-2.222670780709562255e+00,3.468563602245266164e+00,9.478279571264149883e-01
2.739720208670961998e+00,-6.186094821988202819e-01,-2.521443638972669543e+00,2.864242251094741398e+00,1.706803688446503209e+00
2.596310210163055743e+00,-4.840101652138976973e-02,1.358542259004134056e+00,-2.767067347539885702e+00,3.119913753466293294e+00
6.829661494805983057e-02,-2.217486739637757331e-01,-1.509773437382925465e+00,1.849733328248388764e+00,1.695503427070256475e+00
-1.994924317820138127e-01,-3.199578445542055061e-01,-3.437166761652773239e+00,1.041300944948367224e+00,1.372454661413599952e+00
1.633235350892213722e-01,2.926829141463518913e-01,-9.236806387454699063e-02,4.686973894384407480e-01,1.426403250652903631e+00
5.526057281029440604e-01,-9.403955098912309962e-01,-1.265025638386610529e+00,9.848570529150972863e-01,2.564408520989724050e+00
1.949320303267554788e+00,1.389421640092292631e-01,9.408140288209024815e-01,-2.437828702831532190e+00,-3.031827592509530600e-01
6.552725704163789855e-01,1.452693285209526045e-03,-2.865031186095038152e+00,2.193604953952524195e+00,1.543889033956432177e+00
1.237420584169685700e+00,9.817429084140726347e-01,6.497713446438755369e-01,-9.826154155647672805e-01,2.153372753941893425e+00
-1.053511518159037097e+00,-8.126079389463584102e-01,-1.846530158508992159e+00,2.379822975095721382e+00,1.048971857272388508e+00
-6.728887210048706269e-01,-2.151832283263414247e+00,-1.530356481041149186e+00,1.308544949598924756e+00,-1.672541337402149164e-01
-2.264041228140465378e+00,1.528518495958858026e+00,-1.213373404188931914e+00,-2.864763675522979725e+00,-6.924219841146952437e-01
1.240729469645212024e+00,5.687031362917169819e-01,2.291479994265637643e+00,-3.420011676489637109e-01,-3.796434167238063040e-01
9.406761290003177178e-01,-7.046407351468009228e-02,3.017266280002645296e+00,-1.757487158583910691e+00,-3.823184010357751905e-01
2.724020286605868701e+00,7.466310351104730181e-01,-2.333461737029351557e+00,1.893220905604277027e-01,3.881789357253571104e-01
-6.222839415768181004e-01,-9.238536775240238641e-02,7.268387717658547631e-01,1.596028682620657113e+00,4.169973788991072627e-01
1.942202125910702737e+00,-1.868040104714781269e-01,1.781187674843002000e+00,-3.029250504307520853e+00,-3.590862232383496000e-02
7.478159529170148589e-01,-2.592487976707613662e-01,-1.154335129547644501e+00,6.071495019276481608e-01,3.753402961942409188e-01
-1.268234810654372602e+00,2.749010557829894563e-01,-7.373102929039767606e-01,2.619301828338686189e+00,5.915584827979882832e-01
6.936242751462002865e-01,1.119082323775785870e+00,8.870712783573979632e-01,-1.754750477361765260e+00,1.856592740931013896e+00
-1.127487306795128763e+00,1.618161107645390562e+00,3.537835892125904103e+00,-1.023712901559886479e+00,-1.425247653620828059e+00
-4.886619899425204139e-01,-1.691279264555284878e-01,1.721139461517324776e-01,-2.625757122335527161e+00,-9.967297301705041468e-01
6.318385401169106519e-01,2.444740474336218883e-01,9.498059610870659419e-01,-1.714033874783286837e+00,2.413008156489434342e+00
1.577094494326659380e+00,-3.018723731620864270e-01,-1.657346673308944807e+00,1.664272072464271890e+00,7.275953143848143956e-01
-3.525055303892734582e-01,-1.696352433360645451e+00,8.377901957715042092e-02,6.864674062377719155e-01,-2.265338021586680295e-01
8.401136195925211769e-01,-4.361718600876802743e-01,1.649294586266926599e+00,2.379562573390605174e+00,2.465715436386632375e-01
3.990415475793963607e-01,-2.334700069320475579e-01,-1.501680368183986314e+00,1.694093541460929053e+00,1.351032453817204715e+00
2.304102614085594247e+00,-1.567289221319579040e+00,-6.072398254314380628e-01,1.921691390964024304e+00,1.780664367826747974e+00
9.541337122817038496e-01,-9.523713610898201232e-01,6.209840280535394719e-01,3.190518521158323129e-01,2.609956610317272219e-01
-1.909306188817109451e+00,6.259873110372696781e-01,-1.122606723336235124e+00,1.235428540654233132e+00,1.535884867607448356e+00
-5.321717251679895788e-02,9.061168815611022609e-01,-2.635196116338569983e+00,3.461813633345445229e+00,1.362426732417273412e-01
2.769097353319460275e+00,-7.882105006114434875e-01,-2.959535480597688117e-01,-7.790414191821827261e-01,1.117984358724977589e+00
-1.521653228739541230e+00,1.368892194611865509e+00,-2.380836114331180475e+00,3.828667287474897263e-01,-4.059986773289114836e-01
3.162341200800539820e+00,-1.977270880750434667e-01,1.180377236446085831e+00,2.188058354560697083e+00,3.276100884443355898e-01
1.294951555151633737e+00,-3.161832152020440101e-01,1.689773245880508146e+00,-9.549142293401837733e-01,1.828479683351347251e-01
3.877793164954950189e-01,-2.487936308417492359e+00,-3.109514456533873705e+00,1.329535646860600107e+00,2.505047057031368318e+00
7.479335590166243941e-01,-1.466179751695903866e+00,1.027037893620912357e+00,-7.544568649274929761e-01,5.197478920925322488e-01
2.437476138773062573e+00,4.571632482696332822e-01,1.591092943814086946e-01,-2.887466638014184017e+00,3.237693322927772233e+00
7.118541462282790278e-01,1.201245884894114768e+00,-2.249292332059673605e+00,3.331979000303776584e+00,8.822633255550511588e-01
-2.078045325513460995e+00,1.483218817682226076e+00,-8.742931074546302916e-01,-6.894935062831759609e-01,6.468396300196943560e-02
1.156260569622328038e+00,2.627381640563351481e-02,1.794331402527904018e+00,2.301305525007300457e+00,-1.274278430883320157e+00
-3.216825672010603654e-01,-1.745199799425592446e-01,-2.561410542404350288e+00,1.990603293069411972e+00,1.019004628070252272e+00
-9.702808890112080142e-01,2.727191018569226078e-01,-1.816876185997942095e-01,2.951525358269800225e+00,1.271190467077839115e+00
-2.288168964662908866e+00,2.541156056735021096e-01,-1.790004894703324467e+00,1.938085351872398387e+00,1.282942454030222779e+00
-3.266964417616681216e-01,1.746621352737350641e+00,-9.027887569906448695e-01,-1.768066404819808923e+00,8.798206031892157331e-01
-2.517992735162146722e+00,1.079009786868815990e+00,1.553825176526945739e+00,2.863990674254883295e+00,-2.011401367310709176e+00
-9.201964629934725748e-01,1.693067830794382278e+00,8.050243367718405985e-01,-6.347413873592808731e-01,1.671593909009188472e+00
-5.864143234454410880e-01,1.173268856276568961e+00,-1.337567804884698841e+00,1.922024627442405542e+00,5.510436193566499163e-01
2.408208714065163125e+00,-1.002107775112469179e+00,2.687454441883898593e-01,-4.563283716484043406e-01,1.232182279019802262e+00
1.540759058575654317e+00,1.808413332561637776e-01,7.228290977441942378e-01,-7.504421723481918827e-01,2.849339824823524658e+00
8.249151089101669498e-01,-2.568735862471079878e-01,-2.736276259289575297e+00,1.527291829274406654e+00,9.730101460619006160e-01
1.103151174552374325e+00,-5.965472089174293086e-02,5.864480498600824765e-01,-1.225994420779903615e+00,1.905254293745546335e-01
-5.962102205861314896e-01,1.711463070219816918e-01,-8.545597100060402518e-01,5.445386906450666586e+00,2.479080420360332271e-01
2.419459300819506886e+00,-1.749923900245793584e+00,2.287485907247128303e+00,-5.169320391167164797e-01,1.265577299551994717e+00
-2.951998279825875926e-01,5.681137689185308259e-01,1.947591031564423592e+00,5.953087513042675250e-01,-1.735155099272770896e+00
-1.158443901479493832e+00,-7.125682076972371382e-02,-1.992007022841099317e+00,3.342646629060203267e+00,2.224684945375559053e+00
-1.005602612874680224e+00,1.716124520292666489e+00,-2.357017509535551891e+00,1.890173676698861716e+00,-8.578251598272379486e-02
-2.125564316369137785e+00,-1.221253253832280450e+00,6.754510343811446216e-01,1.318057585732459458e+00,-7.770107188280150901e-01
-1.595953771786786213e+00,1.519674433207159225e+00,-1.677461530057781980e+00,8.918109864275876042e-01,-4.393355530231584094e-01
-1.057404665693465251e+00,-9.908739698096004078e-01,1.637010338412236088e+00,1.442431090174412622e+00,1.863133859687837734e-03
-1.798191965666895875e+00,4.364667695140890258e-01,-3.303452640897931225e+00,3.943023345799732127e-01,1.765668719415359078e+00
1.570860425522778936e+00,-1.234939314426188317e-01,9.631857911811078088e-01,3.870279272356886846e-01,3.823249813986977053e+00
1.508445799443411950e+00,-1.003446462270382256e+00,-2.032044199380612426e+00,6.519246638560802776e-01,2.435035156122677513e+00
1.705128879282019838e+00,-1.267327460269947137e+00,-4.242006661910378007e-01,5.759259806366812118e-01,1.600814092374040598e+00
1.577271805380797032e+00,8.228661715268581478e-01,5.514564473593603910e-01,2.792164178984714029e-01,2.359311704731515746e+00
1.236029177734675244e+00,-1.965320770318981447e+00,2.716269859347949289e+00,-1.451416098008654343e+00,6.686586362891482338e-01
9.681134949735648032e-01,-4.929050605635811322e-01,1.252838686215434372e+00,1.655828032357863133e+00,-3.354830463895941417e-02
1.040801806950500286e+00,3.127055260519869262e-01,6.307797598582705056e-01,-2.204682338682010911e+00,-8.725772967557232640e-02
-2.665910188080903298e-01,1.340995714057336530e+00,8.434275999974780724e-01,-7.310606520833635713e-01,-4.752340341181449102e-01
3.323985522698291173e-01,3.494113971429790855e-01,1.096699882764348377e+00,-3.544609036881285480e-01,3.168118359337540046e-01
2.757703710231507621e+00,-1.147948892985122704e+00,-1.768539682397699320e+00,-4.777417995013846230e-01,1.695956863458214281e+00
-8.053610249038956059e-01,7.426252132548224472e-01,-3.822665297792198658e+00,2.342239535880330070e+00,7.265524396390499184e-01
1.895325866545878757e+00,-8.771657489080082470e-01,-1.829063479295216510e-01,-2.327929713660443323e+00,1.409802355579493849e+00
5.415552186238879739e-02,-1.762281845382480894e+00,1.098248392604780355e+00,-1.546444894085952981e+00,6.358523635826698328e-01
2.584302994937095477e-01,-1.651142568049535075e-01,-1.271765707234464582e+00,-2.444199235525603253e+00,1.019230577175265440e+00
7.645686700836907823e-01,8.738117276255175092e-01,1.474389517181010079e-01,1.789135384273255469e-01,2.031573742080224232e+00
3.914618812591045272e-01,3.248958799478388060e-01,-5.375006444836669672e-01,-2.064001897352044645e-01,-1.240392018275803254e-01
-3.193314490130243488e-01,-3.443370111342221596e-01,-1.464817268605772327e+00,3.887573880450779229e-01,1.871365392622077017e+00
1.297046729985783298e+00,-1.144505673887586950e-01,2.241747155807568337e+00,-2.407879645580092820e+00,-2.932352619769276192e-01
6.616699060220205819e-01,-1.291153628803607623e+00,5.213531799617283635e-01,-1.013021597294093912e+00,3.750344356869226292e-01
-2.222767615098207861e-01,7.478997805272141752e-02,-1.308120844720810139e+00,2.863992460286223896e+00,1.755472108096837847e+00
-1.555198083405351595e+00,-1.603035752759134347e+00,1.533324783023805704e+00,-4.129903807731095000e+00,1.371695331268174556e-01
-2.012235916979729367e-01,3.275632149515283476e-01,1.401128882481404547e+00,-5.384450542803334017e-01,-1.365828799042879904e+00
-6.646444875465784552e-01,6.785612425294633709e-01,-1.472492794440833475e+00,8.292975116568183092e-01,1.124027940793779878e+00
-1.015334523543660827e+00,-1.911594097126391611e+00,8.738261976613215243e-01,-2.918718545145194687e-01,1.057611185179219149e-02
1.112633413057736664e+00,1.833850307181700945e+00,-5.794248011841348633e-01,-2.002744883996412373e+00,1.940844809744541655e+00
-4.953463650293445930e-01,1.763647755855626276e+00,-4.030973110145872340e+00,2.808568719058816221e+00,-2.197196463936126332e-01
9.474836921395202172e-01,-1.777725457363486250e-01,6.373015006654021430e-01,-1.220148095494497431e+00,-3.240851370052664215e-01
-3.521581866635397073e-01,3.978330446405581866e-01,-3.930205335212272999e+00,6.900601494697069516e-01,1.227531868507490298e+00
2.653038292220622818e+00,-1.061714137585310080e+00,6.425642119186663059e-01,1.003304779902342903e+00,1.230213120836256335e+00
1.219700015860023523e+00,4.546657120508380556e-01,-1.856760250466368722e+00,1.549866551330141284e+00,1.956303778127845838e+00
-1.017347594729042903e+00,-3.938351145061423919e-01,-1.842751538893244945e+00,1.505945144364651656e+00,2.310953093005952308e+00
-1.339674697122099190e+00,1.809332460700224576e+00,-9.802219556544289336e-02,2.205335286874278822e+00,8.212764715733530396e-01
1.760186940927880972e+00,-6.020360949829487440e-01,-8.775519849213545553e-01,-3.788475387306544651e-01,9.730915783260100094e-01
1.924359995943198065e+00,-1.416813023134831484e+00,2.884374778156686858e+00,9.295177726973674615e-01,5.496069371920260238e-01
-2.692741093974423405e-01,7.363223606933775311e-01,-2.764950808057825782e+00,8.252847612073150874e-01,2.808599358450232786e-01
1.288887880216918136e+00,-6.498165254949013203e-01,1.401514008113615262e+00,-1.959045302613285466e+00,4.394330103626888917e-01
-2.603679211767678803e-01,2.100296084200758973e+00,-2.845177479706292090e+00,-5.322136914117683304e-01,-8.808651019834379259e-02
-8.300027567643775139e-01,-2.028259369717347327e-01,-1.326486492736649536e+00,3.171958828226785210e-01,1.123570591102166283e+00
5.690704252777246674e-01,-2.474583188531309208e+00,-1.762956959423434222e+00,5.050328123118460466e-01,5.315501435741420977e-02
-2.640519331251101054e+00,-1.072778153895720621e+00,-8.393703301708083098e-01,-3.051071564247440193e+00,-9.729128380114057117e-01
1.073853656929516509e+00,1.414459558236836667e+00,-9.597519405240194645e-01,2.203708513069402297e+00,-2.920921788354283732e-01
-1.946606287413545466e+00,8.670334035335991452e-01,-5.014841584830721510e-01,-2.550416005392271313e+00,1.722625179910479698e+00
-5.645835788625723772e-01,-9.494395185925005864e-02,-2.189387761767159546e+00,3.477876814204257983e+00,1.259905071506159047e+00
-2.277459694280482783e+00,4.322825887842194903e-01,-1.814736885866753191e+00,6.824161929892494927e-01,1.771478126441591083e+00
4.004671082809372784e+00,-8.862652136877138265e-01,-2.945019376115740162e+00,4.139930041751604506e+00,1.848317322112200234e+00
8.675272010120772537e-01,7.742225790775181249e-01,-5.795399173198820808e-01,-4.077090118457717960e-01,-3.215282828148180450e-01
-1.150590781216788816e+00,7.858269379907174557e-01,-2.314161429323299934e+00,2.968854664587830872e+00,1.432606813098610266e-01
1.861774556836134575e+00,-4.288350534344684273e-01,-2.994278553940347365e+00,1.870336309225765214e+00,1.434902783685982897e+00
-3.989217126592934926e-01,6.169731347844230607e-01,-1.327690941382044798e+00,1.945473139099729742e+00,1.899210292999467198e+00
9.372025177336329449e-01,-2.446302764422083609e-01,-1.243498499188277817e+00,-5.369743252565344349e-01,1.105025160807113771e+00
1.043568657778630282e+00,7.430828774705381390e-01,-7.323208773734811716e-01,1.262860120063874936e+00,2.123107793318951053e+00
1.437954555519370903e+00,-8.930277550807180775e-01,-1.457288330281651723e+00,1.301736223978663620e+00,1.181935115067078046e+00
-2.105870590315805924e+00,1.301379971451303463e+00,-1.574398487985969375e+00,8.142601052402632655e-01,-4.534830840006169872e-01
-1.177525608455131101e-01,1.523730619681046727e+00,-1.147124740454567693e+00,-6.325226406457770678e-02,7.102402473649296333e-01
6.978205392145242492e-01,2.015549923731331017e+00,8.672968788392008133e-01,1.132284581134691548e+00,7.899355553806184371e-01
6.412192439355297591e-01,7.904775065049781668e-01,-9.636050880739441826e-01,1.127441940738351800e+00,-4.749408260446068564e-01
1.194136195722554028e+00,7.629674416693894567e-01,1.603920258504527130e+00,-1.021814587681102893e+00,-5.802344122525644465e-01
-2.098819691884182825e-01,1.971140124937525107e+00,-1.853138369850798828e+00,-4.659184603025336990e-01,7.928250401540647418e-01
1.842122666609078419e+00,-5.277300507072104629e-01,-1.591560532264105987e+00,1.093545210897655995e+00,1.521029056311907324e+00
-1.826471949816080853e-01,-9.474681017276566086e-01,1.458289266412853502e+00,-3.192075622929421819e+00,4.504133395619769331e-02
-1.286921678314417949e+00,-9.844490611629969079e-01,2.546498515914866090e+00,-4.371942432506967791e-01,2.011923180784808141e-01
-1.354336774611787142e+00,3.758683334296400447e-01,4.587624236890622265e-01,1.410904154461301907e+00,6.485778256723639945e-02
-2.827535382166374012e-01,1.715523796904482534e+00,-3.423886174904285706e+00,1.162023277717581404e+00,3.653117507783543161e-02
3.767477044026578126e-01,8.496243444422894031e-01,-2.993888465677738253e+00,5.626695308891468406e-01,2.463915990729101668e-01
9.352239527718756440e-01,-1.425865980934148403e-01,-3.320538519831333524e+00,-5.929258883265000613e-01,2.558227842982796041e+00
2.690767542558601289e+00,-1.901175317983500479e+00,-3.096127080280397514e-01,1.811929241862409112e+00,2.471301930090501475e+00
-1.097854432461254692e+00,-8.485451174894725890e-02,1.561303705179349910e+00,1.180455982199293707e+00,-8.448265188009740356e-01
4.207651663745751947e+00,9.210714095222004572e-01,-3.068474527374050798e+00,1.768511210121634480e+00,2.914525935848423455e+00
-6.008679439231517927e-01,-5.672954270260615051e-01,6.049569770767523336e-01,-4.015025092358270875e-02,-1.132145088770716956e+00
7.897707995894405197e-01,-1.283708258991289819e+00,2.480385368530471091e+00,1.757904480541938597e-02,9.504367786173621990e-01
1.964913058048579408e+00,-1.226691331175762123e-01,-1.418860609755093538e+00,8.219158736444049929e-01,1.920495773414000240e+00
3.697989414226015459e+00,-1.299163420591177509e+00,1.059139797622303369e+00,-2.894469182710912136e+00,1.175770062314095421e+00
3.361349135690008261e-01,-6.968129989317156832e-03,-2.453461303703087459e+00,-4.305912235179590319e-01,1.744813433629479160e+00
-1.030667503304203869e+00,-2.049174868905092040e-01,1.968277688394409308e+00,-2.118376034990206769e+00,-1.047896286128886967e+00
-2.101049097801984900e+00,8.366462664613888434e-01,-1.211321747973866936e-01,1.716236312218224924e+00,1.599992157105144974e+00
-6.615270391404903805e-02,7.702632484407598845e-01,-1.401762460119779785e+00,-3.479870492522262326e-01,2.760415800937340514e+00
-3.438860044616842693e-01,1.427481897638865016e+00,3.509498501441579155e-01,1.447272251207873950e-01,1.650448952736887520e+00
1.316804251765893108e+00,8.642593128822456672e-01,-1.394676057487831633e+00,2.048574560098931574e+00,5.049180948849385508e-02
6.420896066770981347e-01,-7.211512521929662745e-01,-1.737586967510923674e+00,1.031314890027399400e+00,2.355796215512772740e+00
-2.373691516410071367e-01,-1.248777775559310577e+00,1.753239633236279627e+00,-8.369728305587467165e-01,2.628902644781322406e-01
-7.180105708674442422e-01,1.512251590487399877e+00,-1.036038016736191780e+00,1.976634610750517274e-01,1.017296346999410739e+00
-2.981437615714630507e+00,-1.033020596683135839e+00,3.348464665354612180e+00,-8.998702886901489562e-01,2.980155773355419591e-02
-3.649918745462360725e+00,5.820991909284345400e-01,-1.462281957606691218e+00,1.992993253441235346e+00,1.354252823474873635e+00
1.616967407203392160e+00,-2.991122689272395774e-01,1.790852144875176188e+00,-2.019495252632428350e+00,-1.548062486807275651e-01
-5.940003952048509284e-01,-1.370115776337526237e+00,3.226151255214890767e-01,1.380915546596581667e+00,6.025781305288171463e-01
-1.106825418104138592e+00,-3.802162871101334024e-02,-2.128091931306244078e+00,-1.347474745888930014e+00,1.993534522155661737e+00
-1.451835821653557623e+00,6.744198923058777329e-01,-1.548411818470764922e+00,1.212808718232995853e+00,1.412306064707531839e+00
5.839491889058706642e-01,-1.322779663414332674e-01,-1.112640830213335041e-02,2.215704677106537512e-01,4.928903403124689220e-01
-1.019984569857764312e+00,2.506523182197854527e-01,-2.195487203515158470e+00,1.769866327515358551e+00,1.553620176132631370e+00
1.362486857737297052e+00,-6.279110903096413177e-01,-5.196694471702323348e-02,1.049840793478336476e+00,2.312843213085335137e+00
2.174660701422733933e+00,-8.204306101039309240e-01,-1.074766105797652083e+00,-1.994976021095014040e-01,1.228099149307483762e+00
-1.495904012930829197e+00,3.503593952383083354e-01,-3.446974019585368865e+00,-4.830210265592798091e-01,1.264829022178364903e+00
3.988917274620565889e-01,-3.074594793699228501e-01,-2.002080769162384311e+00,2.906317554834694228e+00,1.065799599064456427e+00
1.940892461732657281e+00,1.226977996034713358e+00,-1.920843151591926645e+00,1.241203539144350776e+00,2.397602257803452819e+00
1.978533499403680729e+00,-1.023083929895159505e+00,-3.577065207751773279e+00,-3.826815471904843058e-01,2.411312916119515037e+00
3.139763326870578242e-01,4.333248188105693344e-01,1.438800422189764783e+00,-1.185756435146280374e+00,-7.780376092764308416e-01
4.025426839673597712e+00,-5.502789825132291535e-01,-1.894041295503917643e+00,1.919680096236832112e+00,1.229766716094105927e+00
3.150418603019605079e+00,-1.859600044238600480e+00,1.828833079613546797e+00,-2.010542980551285552e+00,1.385406216412667035e+00
3.809744874407612336e-01,2.336507862330617913e-01,-2.173316538064439030e+00,-6.488036489318024236e-01,1.617139052008818023e+00
5.690693059863577430e-01,-1.759209675373123005e+00,-2.004741489484731520e+00,2.916118359746995736e+00,-3.755850041405535134e-01
9.255619927266045543e-01,-2.045989662767135897e+00,1.621423993947051834e+00,2.594447860582172805e+00,-1.284027773620026291e+00
7.325107874013443432e-01,4.990525916742549195e-01,8.880267654777385111e-02,-1.646486015355703936e+00,-2.994987980014456319e-01
2.078626701653168318e+00,2.457232971474447025e-01,9.622408375657788282e-01,3.674225431223296923e-01,2.512125999308037372e+00
1.875073516413687580e+00,-2.688024095748866096e-02,1.341120215527144666e+00,-2.407836776115513722e+00,-4.408741646704019690e-01
-8.595026554307894084e-01,-4.012956269116170760e-01,9.129726154358244194e-01,-1.756860516155714258e+00,-2.136079848937855186e-01
2.486900181975719271e+00,-5.958736609029005038e-01,-1.113207893399461801e+00,1.297931538033364696e+00,2.198372969132775800e+00
1.119031214643069649e+00,5.201617765750807254e-02,-1.525075746438306679e+00,1.788049193306666673e+00,5.583575493150167990e-01
-4.478496297647593938e-02,-2.749901051460428847e-01,-1.184552705504973158e-01,1.339586256769439432e+00,8.584624843494070845e-01
-1.888022309210847016e+00,1.022692670806105708e+00,1.275678743827042272e-01,5.158482344120696172e-01,1.304253172918181658e+00
2.487997188185739450e+00,-1.952995274408629633e+00,-2.028147738755320117e-01,-2.532307690696680158e+00,1.810446368557919739e+00
1.624143241514027114e+00,-6.816934501645285360e-01,-3.686573470614990633e+00,-9.297182605022751289e-01,2.030804362172008659e+00
2.019529720730868505e-01,-5.097312164077318908e-01,4.770857574261280210e-01,-2.105186929813013030e+00,-5.410863126963927350e-03
4.434957549988072234e-01,7.505810966242519866e-01,-1.184676149618553831e+00,2.032914428481716218e+00,2.261260407248481652e+00
2.626614769216528256e+00,-1.958101747608328447e+00,9.813128252792965300e-01,-3.578733544136021849e-01,7.852560754758086681e-01
7.046820635116997078e-01,2.590354726091240178e-01,-2.090935429860543593e+00,3.503727358535982717e+00,1.787866088717332325e+00
6.797742454459523298e-01,-6.383487179221736252e-01,1.618350519902044482e+00,-1.682915672250877570e+00,-3.474961270649168377e-02
-1.885677571795818519e-01,4.229893081886418882e-01,-3.179169542632686030e-01,1.558556839548501660e+00,2.726300140276773920e-01
9.921104704089367399e-01,1.530369725899724642e+00,-1.502847860199546526e+00,2.866833724052120225e-02,2.926244613655180071e+00
2.050182714349079838e+00,-2.714769997659614020e+00,1.934386971198454708e+00,2.919646404266645900e-01,-1.015532338582222582e+00
-1.028061990832241923e-01,1.063843294315401478e+00,-1.750986975530542944e+00,-2.201977168084123804e+00,8.158539415501968595e-01
-6.824784791274520757e-01,1.543155103945254458e+00,-8.751310046172541268e-01,-3.543820664159030187e+00,5.453993181885413710e-01
-2.077147065410695603e+00,-8.975508066247319672e-01,8.104575929356662156e-01,9.640935794383771462e-01,-4.210303286565220127e-01
1.356976679594112944e-01,1.150287548301984097e+00,8.789202843037501323e-01,-6.141019725012413222e-01,-7.332775525791365157e-01
1.058481888098619095e+00,1.100137678820715781e+00,-5.486395287414280730e-01,-2.843042509846611665e+00,1.261366841188260590e-02
-1.415802501360746257e+00,1.812262881892459987e+00,-2.022443836439177911e+00,9.626888188566049553e-01,-6.040666257510100001e-01
-2.487112854687039132e+00,1.081762935182347229e+00,-2.467078722869016083e+00,3.013265153148661835e+00,1.180731952171015564e+00
2.026279561953938657e+00,1.524953458475762115e-02,2.546686694907666304e+00,-9.060172442675921145e-01,-2.697438746751561478e-01
-4.028857438841859651e-01,2.758116427025525397e-01,-8.353154733092497120e-01,9.634237182598739402e-01,5.341984651389297678e-02
1.195717501653178472e-01,6.026293354113730905e-01,-2.788513344365787461e+00,3.166809340028153841e+00,5.348134141756691884e-01
3.161770269574737391e-01,-5.294895141647880665e-01,-1.889427707227498532e+00,2.840788764434495128e+00,1.490212205962715197e+00
-2.424828042116784488e+00,3.329921084790408714e-01,-7.609335516322643933e-01,2.723302429703862160e-01,1.298466064628663652e+00
1.606208859478970741e+00,5.888016098189180481e-01,1.471525216901528044e+00,-1.282187747500024511e+00,-2.903945910496963378e-01
2.159213733788774903e+00,-2.487949860492532916e-01,-1.837785622343334868e+00,3.148131343086339129e+00,8.679017983745358489e-01
-9.555459717241474582e-01,1.207316828093105476e+00,-1.663998770825154239e+00,-5.162938312616788261e-01,7.783250175922260539e-01
-3.728614230409560415e-01,1.982680947332118304e+00,-2.345593707794261795e-01,-1.602147004535505292e+00,7.055615249034458136e-01
6.034099916243053086e-01,-2.557667299423995289e+00,6.620371046654363045e-01,5.700520618302494791e-01,4.898895741624659239e-01
-9.066935527678576801e-01,1.332952983110073999e-02,5.666235078093784239e-01,-1.171252245317931040e+00,-1.739183007860575447e+00
8.440951466419641669e-01,1.548877398902910985e+00,-1.321168798090357477e+00,2.324984191570630188e+00,1.019713201527327362e+00
6.311027233738847331e-02,-2.421543926744667452e+00,-1.843108870367337282e+00,1.117189293696574826e+00,-1.387610139923538544e-01
-2.933405443738074325e+00,8.991170729940887174e-01,-1.012024568900848909e+00,-2.465762414854466122e+00,1.011767407121088258e+00
4.880084805430242589e-01,-8.719444837495946565e-01,-2.684569808570380633e+00,3.258772449183080067e+00,2.658011429704652873e+00
1.875101602209289897e+00,-2.321294820222767452e+00,5.614450857230998126e-01,-9.700218418380430752e-01,5.788364884485196482e-01
1.033905560854368799e+00,2.718025757772679282e-02,2.947162885049011916e+00,-2.663786633568423490e+00,-4.925502649950079803e-01
1.989821215835690937e-01,4.862893217714908123e-01,-1.341202587971043636e+00,8.619255001995906884e-02,2.362462631363879684e-01
-3.386442302598172027e+00,3.482796364398313971e-01,-2.788624904627388990e+00,3.087240630579141332e+00,9.290936135358903725e-01
3.259766242266319392e+00,-1.319724884678046495e+00,-1.457753793255679664e+00,1.383763962662964975e+00,1.955024036015057476e+00
1.186131647850388049e+00,-2.339209632131349775e-02,-1.872492632583968364e+00,-2.415373593640287586e-01,7.638758637166620513e-01
1.383419180330587972e+00,-4.816034761321444368e-01,-1.715639219603319443e+00,5.474560119705124128e-01,8.950032722395523388e-01
3.824396603550996865e-01,-7.844627768209744278e-02,-2.074846572904172071e+00,4.724648727074514526e-02,1.111194435554081261e+00
-6.903778210678952476e-01,1.001494203716339682e+00,-2.079451020539742956e+00,6.138748177318220645e-01,6.470576318935272742e-01
-6.276307912024792213e-01,6.498510511433488457e-01,-9.752090444546661629e-01,-3.134437125481621678e-01,1.426288853012975366e+00
1.229095923801266643e+00,-1.040711446186646238e+00,1.343691272666888148e+00,-1.549018365667562902e+00,3.414031707385225545e-01
1.714838568834933685e+00,-1.034176544087167082e+00,2.853655783462774598e-01,9.329703359782060001e-02,1.142036853843809485e+00
1.298473907555186324e+00,-7.254838921694689580e-01,1.381262245459532467e+00,-1.553491028190181478e-01,7.409353936700414645e-01
2.012721875454744902e-01,6.028632336330294050e-01,-1.567434811349468715e+00,8.689291200628939116e-01,8.579692398956267896e-01
4.751055516119528477e+00,-1.955988698196121867e+00,-4.746189426697910996e-02,-1.848954364498243685e-01,2.230106632308633152e+00
-4.670820077802406711e-01,-5.613686716554394662e-01,-2.752167853830865596e+00,-7.084646664481133449e-01,2.243688671251269362e+00
-1.558304792079803658e+00,8.127297924107674820e-01,-4.373561207448449228e-01,2.040238872556090932e+00,-3.736644125071518774e-01
-1.142778764965032945e+00,2.853872860619950658e-02,-1.879588980862573422e+00,2.791715435022504632e+00,6.380338113126520216e-01
-2.414894138727552431e+00,2.924982190259544645e-01,-1.820583339186202076e+00,1.814913225998021407e+00,1.605547514642701179e+00
1.118041499103871628e+00,1.280762295752427615e+00,-2.008072888086344931e-01,2.645265922261527680e-01,1.606114378340107507e+00
1.436154461290033435e+00,-3.277100602767556436e-01,-2.901359920768908918e+00,8.105721339150554483e-01,1.080523695185231947e+00
-2.789560221677522822e-01,1.006983292105929767e-01,-2.899579876105580212e+00,2.542011012057918684e+00,1.857428266781420367e+00
1.513833114757346276e+00,-6.298680103501970162e-01,-2.339725376920590350e+00,2.116401993668084902e+00,2.185939144303313597e+00
2.711391546898129334e+00,-7.116472051927578146e-01,-1.288413598895964407e+00,1.978095697037727696e+00,1.988715096786632941e+00
-1.134263315338274403e+00,2.845863595065170060e-01,-6.089903833298035973e-01,2.400135367919398632e+00,1.680212880047663671e+00
6.964326411266096306e-01,4.319572391017989510e-01,-1.765188787581370100e+00,2.600629580768926363e+00,3.599887882361106906e-01
-3.095973394018084690e+00,1.209560168646273803e+00,-6.754771044290867055e-01,-7.345971999125178176e-01,1.584316127169515642e+00
5.243429062267713769e-01,1.390044245578848092e-01,3.029300660093021236e+00,-1.019465759558737750e+00,-1.002707048568233894e+00
-2.386771840560952374e+00,8.760222196157347874e-01,-3.783036186823318658e+00,1.181638167925539662e+00,7.123965884006890903e-01
2.836188401876045706e+00,-2.227049977492674859e+00,5.506459060947761497e-01,3.196618199199942056e-01,1.567664080985977426e+00
1.570877088001680466e+00,5.647379003085665206e-01,-2.703258528206551770e+00,1.116899015294405606e+00,9.683765106040881365e-02
-1.480277364471450641e+00,9.796801842820073158e-01,-2.816581450182162882e+00,1.888802111123412342e+00,6.863349209088684955e-01
2.495080368990584052e+00,-1.287306180509166342e+00,-1.773052027975651868e+00,9.596890161430360333e-01,1.627428060012134914e+00
-3.433002502330311234e-01,-3.655699155837721093e-01,9.670539540107083720e-01,-2.075392499214323561e-02,-1.351050571039031922e+00
1.049740910001355498e+00,-2.819373971297898240e-01,-1.928829249884349339e+00,-4.022981211949160363e-01,1.525509409128497751e+00
-2.177530470890685521e+00,6.772414204819117156e-01,-1.907085491657666054e+00,-2.298559151162816727e-01,3.320777528181744209e-01
1.937863425953066487e+00,-9.661709575673717021e-01,-1.905461980745708495e+00,2.258888813250236272e+00,2.207102917922497909e+00
2.818404487566498418e+00,-1.205567312863283558e+00,4.954340509137268311e-01,1.255750794840611029e-01,8.609982733626068141e-01
6.249231916721307289e-01,-9.676942740717959790e-01,6.164744332665939019e-02,-1.197168892222741921e+00,6.131582915880111617e-01
-5.431246489534597988e-01,-1.582167723348453015e+00,-2.839547664971386887e-01,2.921770146824561376e+00,8.785762217800126006e-01
5.256520788060778937e-01,6.789583190390540146e-01,4.977526183962399653e-01,-2.491360545996363918e+00,-1.393333136142160367e+00
-4.721188423765189102e-01,1.695844934324359121e+00,-2.066918330957234318e+00,2.025253776171766606e+00,2.344474902322717380e-01
-1.542613245950758216e+00,-8.590639288229003911e-01,1.590360613873824880e+00,1.358382864099318965e+00,-2.444817571987727423e-01
-1.213793631261843586e+00,8.358080479364410342e-01,-1.693329920045481440e+00,-6.527149400019105485e-01,9.154704297719715722e-01
1.232154256950384719e+00,-3.995934796470577144e-01,-3.263215019335060862e+00,1.314189153559166323e+00,1.115596898647834179e+00
-9.045194321010110450e-01,1.796531764296961931e-01,-6.381646068093296265e-01,2.567930007179283436e+00,-2.169962589127506503e-01
6.498463857426048929e-01,-1.313407856898537451e+00,9.596455463339124137e-01,-1.399356502959899107e+00,8.012123953206313764e-01
1.496698699775533381e+00,-7.069331823525446534e-01,-1.708253512275342612e+00,9.982996745968213403e-01,1.669641351526411244e+00
-1.269975487744541498e+00,-4.483392636998029257e-01,4.720740133116319015e-01,-5.871636043146953865e-01,-1.248765996857021721e+00
1.912634264205965717e+00,7.404613626974613227e-01,-2.392578701147036746e-01,2.015666574748003370e+00,2.222378619490254170e+00
-7.032243453297853941e-01,3.832061865606943285e-01,-9.922899702446132952e-01,6.093650722326200420e-01,8.634188946433862810e-01
1.608038484077113583e+00,-9.949296961412703588e-01,1.143460123536551576e-01,-2.482223640410935461e-01,1.086153210681653603e+00
7.885841805261234461e-01,1.287627742838759297e-02,7.782104193799143088e-01,-1.328147264579465636e+00,-6.626928662264297554e-02
1.206760086616650129e+00,-8.038551894796429342e-02,-1.041120220780443750e+00,1.585310907572419659e+00,1.425308890902744707e+00
8.036260347274368776e-01,-1.045048181440964896e+00,-1.412711508833302876e+00,5.761458354132817927e-01,1.377434619038619079e+00
1.039312530093089437e-02,-2.205382446804061036e+00,-6.336851220028638654e-02,1.271126353845745793e+00,1.009333804397491985e-01
-2.401058099863738748e-01,7.757570492865621947e-01,-2.240584534609245893e+00,-8.924848268254419459e-01,6.063951573957033769e-01
-1.059991666717108316e-03,1.652195833805518266e+00,-1.821125832042622461e+00,3.429481653190245005e+00,2.024233326558015911e+00
1.218600490130122393e+00,7.198061078422444969e-02,2.070758361543739934e+00,3.045347235119510998e-03,-8.249005392000205994e-01
1.144196762856567684e+00,2.073710122425816704e-01,-2.233892397646753292e+00,8.650752374760904972e-01,1.242294224854618268e+00
-1.189363109609825830e+00,6.576373611145237552e-01,-2.906977619580707994e+00,2.823150043357189443e+00,1.023267621198898247e+00
-1.975851601318537210e+00,1.027272737857662266e+00,-3.286014337201786262e+00,-2.280625360247041655e-01,9.161072132004465240e-01
8.248635315999294226e-01,1.569188270634633842e+00,3.899227668664419499e-01,-4.994195216064807319e-01,1.337025065202629426e+00
1.426739607045456104e+00,-1.282822949740054286e+00,-6.145533745242919288e-01,6.489804128874213651e-01,1.416760689744240298e-01
-8.453270087890697448e-01,1.118147066379352239e+00,1.463535231931095693e+00,6.709323954643087173e-01,-5.772378446682723263e-01
-8.772048045471038114e-01,7.104766860515489002e-01,-1.951683712537453652e-01,-8.791222708004038378e-01,1.797373126884876715e+00
1.826475728586501202e+00,2.051597676142066451e+00,8.085804284579825030e-01,5.095026705685695712e-01,1.319308807001009054e+00
1.358429612923121033e+00,9.382975288768629074e-01,-1.297708990636422755e+00,1.403475084750762658e+00,-4.189628821016700977e-01
-6.636110611477952226e-02,2.189073600138042308e-01,-1.579096558483132018e+00,1.957121860163127280e+00,2.097369654850782528e+00
1.004147784193390791e+00,-1.242338229991025944e+00,8.920506902470587418e-01,-2.590991382187968206e+00,1.324774452226897825e+00
2.315106527625424349e+00,2.366935947247132077e+00,3.833231974023905697e-01,-9.799137836445654948e-01,1.316361994902970789e+00
-5.397330783889829897e-01,3.446391939225481454e-02,1.208123033699813886e-01,9.749423168523857486e-01,-1.338573747406888836e+00
2.096667479927421418e+00,-8.848893444367259553e-01,5.354154814293544673e-01,-1.666153029439983335e+00,8.747311770371751782e-01
7.027219623462075404e-01,7.858874566739183498e-01,-4.542581876812266106e-01,4.899413098023984725e-01,5.306396878994534827e-01
2.292479263888461016e+00,-1.709239104834151535e+00,2.259143622850807276e+00,-1.182853721950101189e+00,1.404127065039788569e+00
2.142723995272983295e+00,-2.130290315553240443e+00,9.642010300283136992e-01,4.212403681849313797e-01,1.172226328874648171e+00
1.302241675701283796e+00,-7.894744546097088866e-01,3.090913295869354371e+00,-2.608964635150921474e+00,3.950195249489165117e-01
3.556357560474552315e-01,6.821025966260204632e-01,7.024494681489592551e-01,3.925006708318625748e-01,1.624146488745357164e-01
1.467571812677190390e+00,1.869853734308403848e+00,-1.259348182990440268e+00,1.070707980883989219e-03,2.239364206083918063e+00
-1.333508490073304298e+00,3.363828830202551523e-01,-3.231650470215428506e+00,4.781669910216496677e-01,5.279114374943884025e-01
2.244377005341113396e+00,-1.304478762492000676e+00,7.399405680140316299e-01,-1.006753693079510237e+00,3.634747695622249086e-01
-3.448556670290807702e-01,4.089130756260594794e-03,1.423737805356616093e+00,-1.623428166186652088e+00,-2.455937355663188049e-01
-6.856156369888805058e-01,-1.774402671138304965e+00,1.975905640821948417e+00,-1.234732737333730013e+00,6.139893824531041933e-01
-1.719520410801779864e+00,5.821787289680318001e-01,-1.081201457965406343e+00,-2.442102244666165767e+00,6.580427749639118362e-01
2.023043465524304807e+00,-9.291759986430793150e-01,-1.295237422071758626e+00,-8.565794646378546151e-01,1.215645848831582443e+00
-1.657860793484209339e+00,-1.874377133992179534e+00,-4.931807967204669962e-01,1.304957149608896305e-01,2.424781885832925643e-01
1.077240222882068998e+00,6.946456942367530418e-01,4.881155876044646069e-01,-1.233611463963015131e+00,-1.651478555562218009e-01
-4.753080287332663301e-01,4.845770217125860424e-01,-3.713785287217947761e+00,-5.685611033427253602e-01,9.053681145467509239e-01
-8.473324413020709711e-01,-3.865794915821799682e-01,5.476558334524634919e-01,-4.676020594477234282e-01,3.502827562015288443e+00
-7.732860598553803477e-02,2.308336191767070833e-01,-3.677613294871043159e+00,9.092169665383773580e-01,1.381517911265428555e+00
-8.898659838045537285e-01,7.870047064271618042e-01,-1.724119083511184813e+00,2.462694471587669298e+00,1.412455301627472792e+00
-8.773217249378503224e-01,3.442530663158677173e-01,-1.065347413900598506e+00,-1.937214650107091041e+00,1.537589993194783400e+00
9.072820069778244623e-01,6.330143142460357142e-01,-1.431468392759146280e+00,1.431964828043218452e-01,1.114891141008869102e+00
5.122878063305446039e-01,1.960228970731798803e+00,1.594537177189220500e+00,-1.059915326341759334e+00,1.762147213931261724e+00
5.867152760671612288e-01,-4.609575966604789049e-02,1.637400955127119362e+00,3.003463411015352857e+00,-1.194978204648236564e-01
2.484960758398978786e+00,-9.327728605454580491e-01,-3.083734536389921566e+00,1.790098717184089860e+00,1.823815319285405856e+00
-8.494127204521966235e-01,1.868039671656511302e+00,-1.193899980785703807e+00,1.122111998247895315e+00,6.043616622698327889e-01
9.594844608012617071e-01,1.182557563460773009e+00,-3.706478174573157869e-01,-1.098336967008144649e+00,6.160884072277658108e-01
1.936507417439975676e+00,-8.962076395288207653e-01,4.274938969209830297e+00,1.880103995104666970e+00,-6.345778319669170831e-02
2.582464879035435423e+00,-2.329878496017766809e-01,5.490089553143673307e-01,-6.572891658737427534e-01,-7.888259786290648945e-01
3.243894131703366490e-01,-6.942937495277752558e-02,-1.010638574169345993e+00,1.072653230016167303e+00,1.275294783207544302e+00
-4.266360065371322952e-01,2.405762651998113011e+00,5.960309094541019204e-02,3.196570631971396015e-01,1.548514351826800528e+00
1.717491899417053824e+00,-3.089249143386906815e-01,9.717153746415597704e-01,1.401451054064156487e+00,2.063130188049776270e-01
-4.549327632504738261e-01,-8.392999528784381713e-01,2.125341942751944657e+00,-1.453862675180410680e+00,-9.409518327526267267e-02
-4.929548839815522943e-01,7.834399476897107029e-01,-2.431527714983208188e-01,1.759588720589958522e+00,2.624510662586282961e-01
-7.925669585448696930e-02,2.677417772005130647e+00,-4.397737458503725438e-01,-1.399380749699826509e+00,1.789749171281311391e+00
1.391380059521917900e+00,1.371070874968346731e-01,2.446370005503652578e+00,-3.882569828577590032e-01,-8.321465988198648578e-01
1.509614725748524844e+00,-4.258495702278637662e-02,-9.529109944333482574e-01,1.736794736276854989e+00,7.453535980097417690e-01
-1.094377197935600732e+00,1.176178798251159563e+00,-1.941662557365696262e+00,6.474725391109954487e-01,4.494644480846762269e-01
4.205313642427648269e-01,-4.735438853674699966e-01,2.094940083941029041e+00,-6.529850941186422508e-01,1.618412283816554886e-01
-2.019039458406974852e+00,-7.987311223045487907e-01,6.998331296091753195e-02,2.312067184833129119e+00,-1.529549679215889579e+00
7.230876375525110977e-02,-7.950169598475234078e-01,2.204346472874741281e+00,-8.765782715198292552e-01,2.619400142189954317e-01
2.189541091358656377e+00,1.387869891870430639e+00,-9.390272397034306051e-01,1.093393797061696704e+00,1.772855086914222777e+00
-8.736938058127758922e-01,1.662112379380545901e+00,1.600883927216166513e-01,-8.282643485815682771e-01,1.367582072153352035e+00
1.744033964348700394e+00,-4.334501137079239119e-01,-1.630214231863273300e+00,1.119001312482510446e+00,1.440744315789623808e+00
1.293210994142403480e+00,-1.368515253738225024e-01,2.531912777671308845e+00,-1.269005253841190450e+00,-3.440624786685630987e-02
3.804685065590567294e-01,-2.146515944402380693e+00,7.389032929079710765e-01,-1.646799074805640029e+00,8.320429994904302573e-01
-8.119217891052312730e-01,-9.681526215624043363e-01,4.560095239661887678e-01,-1.688316564621290317e+00,-1.266051915676564832e-01
1.157381421209828343e+00,1.061920543807326034e+00,8.078556859530011680e-01,-1.836763102312797047e+00,2.143542251575750512e+00
-6.742219428440190399e-01,2.212702317526296369e-01,2.352542339851019015e+00,-2.874825035567467602e-01,-9.947775160950821371e-01
-8.828243052507156463e-01,7.247184445668348740e-01,-1.707301955512033897e+00,1.225694376841235389e-01,6.076735307509907313e-01
-1.442924173399430021e+00,6.403137290633459378e-01,-3.133075512654680317e+00,3.078265297425897273e+00,6.753644956196112048e-01
2.444436923644966786e+00,-9.340570207218071852e-01,-1.284720931539537592e+00,8.801780558648910624e-01,2.282999831707067884e+00
2.234598740167029973e+00,-1.041932094115253088e-01,5.009267240830097556e-01,-2.400937001251098213e+00,2.783217494592535424e+00
-3.767716031771703999e-01,1.202453513275974606e+00,-1.744556173940090327e+00,2.427528172609798585e+00,1.089996831983310432e+00
1.497005773769150228e+00,-1.608874707275874005e+00,-3.728418717680084260e-01,-1.457584705968849814e+00,1.855118639273138914e-01
7.970716814694482899e-01,5.895424727310891733e-01,2.141224981005481087e+00,-8.979700030099184715e-01,2.191812800669033834e+00
3.215851523364105624e+00,-5.154674995695126549e-01,2.902830197727480410e+00,2.155435534566935152e-02,2.153278961063076480e-02
-3.399196930616987800e-02,-1.632311269953982125e+00,7.721841593773597356e-01,-1.758155480039814700e+00,-3.528022714388403536e-01
3.081247909486419245e-01,-7.987262578661230572e-01,1.237439464123140542e+00,-1.210441741963192541e+00,-7.725618693716995722e-02
-9.154736693586345009e-01,-1.486422223236411044e-01,-2.834433018120988912e+00,-9.668640675829043296e-01,2.024119828130254817e+00
-9.543167084124284383e-01,-7.240522425063911083e-02,-2.339224390877484350e+00,3.488373131654209924e+00,1.082908111825585440e+00
2.732893027935081154e+00,1.919405212383662740e-01,1.880633585877545588e+00,-2.500797390189935854e+00,6.124593586508486620e-02
6.315738339941787682e-01,-2.066063676203333088e+00,3.167359121381778664e+00,6.211057123394658763e-01,6.597373619957731528e-01
1.001101648441648395e+00,1.100695871490929623e+00,-1.224265132639376086e+00,-1.543519267178300458e+00,3.541385803402952170e-02
-7.134233856479963443e-01,-1.332081401612433380e+00,3.081845335435102307e+00,-9.361798795940055040e-01,5.299918166665902319e-01
8.921034996951053841e-01,4.257200483435876204e-01,1.324524620498141125e+00,9.101968658914461052e-01,-4.635320612106831328e-01
4.377388051444370376e+00,-1.217059050616760896e+00,-1.419938950695127877e+00,2.015169018203200046e+00,1.820838322695521594e+00
-3.827830519936540332e-01,-9.290222776317522135e-02,-1.533184751719482541e+00,1.963196446955762564e+00,1.119641920428201320e+00
7.460787146170491102e-01,-1.771619873962603509e-01,-1.300654431110451315e+00,1.442356841087320651e+00,8.315584503642435843e-01
-1.132599641481981667e-01,1.605888452880162465e+00,-2.163685919182257500e+00,2.562687476776787321e+00,5.158944463859045371e-01
2.509428884433849705e-01,-1.029251170890494560e+00,1.588438860606715686e+00,3.139829570701760719e+00,-6.361033897785597357e-01
-1.679839923983361683e+00,1.321444652135922437e+00,-1.540930283674357471e+00,5.395757644086429661e-01,8.765832785370840652e-01
-8.739257566255643761e-01,2.642099765228907993e-01,-2.969398049164515108e+00,2.411527340230708027e+00,1.383838132418570677e+00
9.986809681016951545e-01,2.618899512130744012e-01,-1.088096047346815975e+00,3.023388968240487973e-01,1.670332855595508370e+00
1.767429532994388763e+00,-4.676562674869547687e-01,-2.745949000531061834e+00,4.244397161525141904e+00,1.524308703211568528e+00
-1.804051472723067873e+00,3.513432401832392027e-01,-1.740771934799781206e+00,2.856399687579968538e-01,1.559455913144007333e+00
2.361321203172045635e+00,4.198626076156523612e-01,3.412855163880964549e-01,2.012173796538292425e+00,2.420869260484137087e+00
1.291513311919180840e+00,-7.530475235901723519e-01,2.334786743338095327e+00,-1.992893167909570717e+00,8.848654154384973936e-01
3.381796835903274623e-01,-9.358017256046713417e-01,1.479990614041657437e-01,-5.963860755263232782e-01,4.633956002916366224e-01
-1.374553658904685616e+00,-1.240491080753195696e+00,2.192569596406519938e+00,2.509137594315671294e-01,8.800465745943508722e-02
1.541013644117261938e+00,-1.685297004588541592e+00,7.164287739586349124e-01,-1.806324184277199318e+00,1.082310070912502642e+00
2.036292400100981226e+00,-2.594173680415416249e-03,3.644291042040201489e+00,-2.265244551105201509e+00,-9.013156310124712522e-01
-9.126722887597038536e-01,-1.319120029838218189e+00,6.413620700489335302e-01,-8.695171802251873139e-01,-5.667648069271941091e-01
1.654604880676021073e-01,1.030697271443623775e+00,-6.999193178070428623e-01,5.410283795167087906e-01,-4.073155440367319802e-01
-1.207637386084884079e-01,4.992046809703462595e-01,-1.668505564880609526e+00,1.182635191637321226e+00,6.039419427995563749e-01
-2.699775237464121513e-01,-4.305398120354790303e-01,-2.263803585145785391e+00,2.796833046285141844e+00,1.577488158556243025e+00
2.433288479389527303e+00,7.751400888273124457e-01,5.549827317736819587e-01,-6.076941347261666238e-02,2.284317618829739160e+00
-4.146024362229312754e-02,-6.731073706040205940e-01,1.003423131468203611e+00,2.178954330936516470e+00,-7.428562368014646200e-02
3.934544127634425625e-01,-2.176718267391966055e-01,-1.489694182754122354e+00,2.132340890439537340e+00,3.770766527646093880e-01
-1.177888170482228603e-01,-9.108367181425588432e-01,1.298843126115649005e+00,-2.545874751844512840e+00,7.082264462819019002e-01
-6.147229837558465526e-01,9.524753164003156858e-01,1.311709789975300966e+00,-1.550028089540675502e+00,-2.282689952297876079e+00
-5.850499168198329825e-01,4.093605013561305017e-01,-6.925039892629538674e-01,-1.367681493702808115e+00,6.914155181488726987e-01
7.114521442884758073e-01,1.765373605665246703e+00,5.493551558769348420e-01,-1.527598507174864895e-01,1.441037052832469412e+00
8.715023196271078909e-01,1.442260643691432032e-01,2.111631670653135728e-02,-1.725282290080266012e+00,5.193796559948391511e-01
-4.842129231126455213e-01,-1.914456151011959317e+00,6.654811024618575432e-01,-1.720053529475712217e+00,7.954631071524727037e-01
2.978774265379060537e-01,2.590185602642896545e-01,-3.233259177847062293e+00,4.861698338754676385e-01,1.589281975129254398e+00
-1.240085805744537417e+00,1.059224541811900400e+00,-2.556961105029112780e+00,3.802653201449184728e+00,1.815010148999244066e+00
2.334720777371313005e-02,-4.812101484666383433e-01,-2.846023862492870204e+00,2.667233620524303905e+00,1.438180155037623864e+00
1.571198010004575929e+00,-1.426657970775109530e-01,-1.912164225974550380e+00,1.118110769511604374e+00,2.355755823977045527e+00
3.634951843563273055e+00,-1.614709988830350662e+00,8.317491761875692169e-02,8.085256347613681838e-01,1.453679465272342153e+00
1.576195707890913233e+00,-7.096818146921569648e-01,-1.988212947797589614e+00,8.643671409205805345e-01,1.536160560638729411e+00
4.109439586914380160e-01,-3.226601647603989376e-01,-1.693153651318198283e-01,1.002231604650323460e+00,6.209310442090474336e-01
-2.128069056642749590e-01,6.524832764556277587e-01,-4.648297178559944731e-01,9.338274877235869242e-01,2.058590159956326104e+00
-2.157362628595820286e-01,-5.563892728279780098e-01,-1.514949702074043891e+00,-4.560009668642378555e-01,1.999701615338943750e+00
1.927429442202551746e-01,4.838213205394228389e-01,-2.871640268314011202e+00,4.278269434233002433e-01,9.406174278964549718e-01
-3.685492319399709116e-01,1.745507498635956001e+00,-6.247373464200997040e-01,-1.039348311495259081e+00,6.253285322302668536e-01
7.195909618937499364e-01,6.887474079159967566e-01,4.679794108208561454e+00,-1.960649636376524452e+00,-1.186111192988730245e+00
-5.161807816283313644e-01,-9.791976691193274296e-02,-7.392877163747838543e-01,-5.914560370250505628e-01,7.930566869177926304e-01
-2.842968255726332494e-01,-8.141110918757794579e-01,-1.147600683342374861e+00,3.004491191253110038e+00,2.247172647072734453e+00
2.518479632119796641e-02,1.336732627970978138e+00,-2.250339324536125396e+00,-1.396325763681494081e+00,1.768684516289806830e-01
-3.197957018872822355e-01,-2.546150202658626904e-01,1.464281897095598417e-01,-1.120335755805659028e+00,1.030521730387377710e+00
2.652576160656363591e+00,-6.053431221986271815e-01,-7.244071509945917420e-01,1.616512423206817317e-03,1.693158404121224869e+00
3.423775581218379549e-01,-1.124796411891276549e+00,-1.817481702257970344e+00,3.836585121167963575e-01,3.067719794673366529e+00
6.092512725747041280e-01,-1.154753019441387529e+00,-1.210739952249501705e+00,2.724306509194962089e+00,1.083885253173797913e+00
-1.216751954218234344e+00,-1.625605952590074565e+00,1.419316672462229700e+00,-6.702999158628445420e-01,7.675228652769350290e-02
5.598794499791756030e-01,-5.310787990257809232e-01,-8.501175705353167800e-01,1.040701767122874655e-01,7.483512377854120157e-01
-2.545008658842773386e-02,-1.874014552958556790e+00,1.377532916302394828e+00,-4.080308250256507563e+00,3.106563278431099251e-01
-6.891632977600425924e-01,1.339701785255653199e+00,9.828178306930788199e-01,1.627304243682224705e+00,1.020626835176555947e+00
-1.863066723615927622e-02,-2.065131689376633162e+00,5.294978454749110774e-01,2.366317292243990678e-01,4.084880677917127056e-01
1.755952403169374065e+00,1.993595257539765020e-01,3.958218035238837196e+00,-8.526080301330500877e-01,-4.980210252581007691e-01
3.733765946635059230e-01,2.303768291945150759e-01,-3.222232279642267549e-01,5.643722140659881426e-01,-1.810562467678373810e-01
-4.773917240410803231e-01,-1.137761441788648575e+00,-2.074914743477985990e+00,1.834113404364020150e+00,2.127946331985441031e+00
1.663439147370468496e-02,3.726027865355391877e-01,-3.473797883475560511e+00,5.992189330272662540e-01,1.895238102842401906e+00
8.061383037386482542e-02,-1.008740366628326779e+00,-4.061086612716675592e-01,-2.008920641773206395e-01,6.874216087997140345e-01
-8.554847021231194448e-01,5.194450965598481629e-01,-7.330487567185022257e-01,2.036186447543581135e+00,1.313603314213451112e+00
3.194592531821602854e-01,-1.629345056038131734e+00,-2.003326446104661152e+00,2.345379785468242773e+00,2.583395300014063700e+00
-1.140439715122987918e+00,-9.686697144515862279e-01,-9.780791398460924047e-01,3.460737419248127722e-02,-2.086685557603787933e-01
1.785459644778645494e+00,-1.022062669011125191e+00,5.143481905881128746e-01,-1.710505607436568098e+00,1.055321005774031651e+00
1.475919995214628688e+00,2.212556002688637946e+00,-3.853651637038276512e+00,1.156299107338920384e+00,2.974936770465232083e+00
1.304617595337592029e+00,-8.401793859758612815e-01,-1.588999735584177841e+00,-1.267732684424079270e+00,1.324759056865282947e+00
-1.081042067370698412e+00,-2.257783319471229344e-01,1.131168859308337993e+00,-6.517416017265402761e-01,-3.384309680247754581e-02
2.389884996903600012e+00,3.827316367434334399e-02,3.778607040254432503e-01,7.401673368477080794e-01,2.741001781583434216e+00
1.716291789784822441e+00,-1.929926894893806699e-01,9.973590965185306079e-01,-2.688032568871158823e+00,5.619761384915629154e-01
2.711122761580030183e+00,-7.857116880222608790e-01,-2.002501465301710137e+00,7.806985850871434041e-01,1.537868489803163818e+00
-1.225579332300764879e+00,3.004102203523521641e+00,-5.169981163166044169e-01,2.085756794123378111e+00,2.708178844635071303e-01
1.018263238286785555e+00,-9.333144265226184233e-01,9.783410637477308880e-01,1.205050695251915549e+00,7.886719886820597880e-01
3.123256755002745688e-03,-1.315642361775666513e+00,2.250084085840259540e+00,-1.559746359228804113e+00,4.328119510232907308e-01
-9.073178951513921620e-01,1.199623153589671198e-01,-1.931625775314301574e+00,-1.160115626060651550e+00,1.286359570129190111e+00
-1.319365876530856241e+00,-6.483573735764304180e-01,1.938831714612031742e+00,-3.278424658970153338e+00,1.355409711021950958e-01
1.798936728671456375e+00,9.519880577334713379e-02,-2.000586413597749136e+00,1.574775879826488256e-01,9.860533123980956827e-01
3.070522996095291113e+00,3.984373033426716892e-01,1.763555706431650716e+00,-1.347532738090025495e+00,-4.117950658334881275e-01
-5.201110540243452096e-01,8.640665426830551610e-01,-1.980806337065776246e+00,1.793194027802397006e+00,1.582967483435115952e+00
2.508342160702293100e+00,-1.262998985714183675e+00,1.500223145785017698e+00,-5.126669021031520224e-01,6.300092948241768909e-01
2.799825696509878892e-01,9.654197402266350148e-01,-1.189207528879943077e-02,-4.312937729462367198e-01,-5.784947853990934918e-01
1.827545630969534152e+00,5.071240366761713414e-01,-1.097538127584369416e+00,-9.736334907136693362e-01,1.634178987469026678e+00
-3.479409387886223115e-02,1.429567020131049304e+00,-3.987671348493684320e-01,-9.877442907489083490e-01,4.781223198136029806e-01
-3.112439240858995149e-01,-3.147315705580373546e-01,3.047072058650512894e-01,-6.073599590918481450e-01,-8.381195757462123197e-01
1.882591301794990901e+00,-3.855570958292338646e-01,1.148674646138432731e+00,-3.340669965100567573e+00,4.022817195055365946e-01
2.504067428651895355e+00,4.798131416788746773e-01,1.209761122742811335e+00,-1.874225811697264543e+00,-2.787974794279812762e-01
2.534684141890464204e-01,-1.442329576164153582e-01,1.077821801310584693e+00,-9.296181055248257108e-01,-2.074568144242012746e-01
7.948992108436773174e-01,-8.469019150752113978e-01,-9.487333420174787202e-02,1.767321158998441222e+00,9.466527978456111825e-01
1.819790493497442707e+00,-8.848934275439804820e-01,1.275294933246509999e+00,-3.659591250575366939e-01,-1.509132626225937246e+00
-8.130437298901791454e-01,-1.062662453012129138e+00,7.369722437925897429e-01,-1.151072220358795306e-01,-2.672488218395691062e-01
-1.267030274502093379e+00,-1.113312669910768854e-01,-2.268183807848964673e+00,-7.741354770993646994e-02,2.182174656674037649e+00
-1.723128382114113233e+00,1.453370658695632089e+00,-3.661922477151529076e-01,4.978183974837224746e-01,-7.209325322060529118e-01
-1.628816769712938983e+00,1.013712606855834863e+00,-3.567590793353396794e+00,1.966269620280477692e+00,1.068731011989296764e+00
1.052383739296002263e-01,-7.968143550799069441e-01,4.596443552517307518e-01,8.335532622932919633e-01,6.240832826959854529e-01
3.777448072866636419e+00,-1.277352395669379082e+00,-4.841633585098192860e-01,9.569473066289658769e-01,1.590399355870983467e+00
1.477245398979146529e+00,-2.726445398200478265e-01,-1.222558461221167292e+00,1.942487439370643054e+00,1.699583767156156666e+00
1.946307657113968803e+00,-1.050544595966876882e+00,-2.871611515941907999e+00,2.009313041229767727e+00,1.906872991538869577e+00
-6.282550532294381984e-01,8.005307807723168745e-01,-3.183695831143420918e+00,5.573395976307536914e-01,8.043229906772794147e-01
-6.058795276271455865e-01,5.939964024841054568e-01,-2.279385829356447069e+00,1.666428693235920244e+00,8.042431486313413869e-01
2.204979143996782298e+00,-1.625788796710569084e+00,-2.737063640182227253e+00,2.062286442871495762e+00,2.602006402817142128e+00
-6.663131970383838754e-01,2.093331110944555817e+00,-2.019376889351296445e-01,-2.585068739454060349e+00,6.320931016982078710e-01
-1.984204998356686067e+00,-1.081491851494934986e+00,-1.228056967963555568e-01,2.600197601715513063e+00,-2.314569259619723596e+00
1.132317533580184943e-02,-1.580290712165890177e-01,-1.271352006946618651e+00,2.685564450451904506e+00,1.712798183767423099e+00
7.941486996226609918e-01,9.165304087992293125e-01,-2.522359713554076510e+00,1.686748484985712615e+00,4.011986249702742535e-01
-3.037227031636250407e-01,6.564878485064402636e-01,-4.702550881158198415e-01,-1.753954798127018933e+00,3.125490118660394501e-01
-1.079644112759752250e+00,-1.644682427320051099e+00,2.416799088936552486e+00,-1.560853729891661601e+00,7.069002844016701870e-01
3.374000026426593912e+00,-7.356687033313185076e-01,-2.439617488237060705e+00,-1.060924321594857389e+00,1.811315273581959095e+00
1.507864700992377571e+00,-1.524850424591295273e+00,-2.390228909224082265e+00,-5.315659258177056756e-01,1.748248693216247762e+00
1.683718461839379454e+00,-2.344077876031149532e-01,4.963998222442250752e-01,-3.851395705797980851e-01,-9.828580594420025518e-01
-2.842993996085672048e+00,-1.237241869435119046e+00,1.028525060811169789e+00,-2.187847264688991267e+00,-6.294299234589906256e-02
-1.243065355903939517e-01,-6.950361563734144821e-02,-6.485008701785608398e-01,6.534518173207655156e-01,3.982651858188838712e-01
-3.205915781353769201e-01,1.130118464550804669e+00,-1.726806355369161938e+00,1.414751985156116776e+00,-3.223983277370474632e-01
2.179873456470596604e+00,-1.151880199677974614e+00,-9.883191778171889208e-01,7.603050699250951672e-01,2.370513823685934884e+00
1.283844123663275827e-01,-7.300881319259386881e-01,-3.149935167910371536e-01,1.792044750432216116e+00,1.084384634524486080e+00
3.736538785674002883e-01,-4.273395040771283404e-01,-1.683599481641134821e-01,7.017857461003889075e-01,3.567101464148544898e-01
7.675592754700677478e-02,2.233449801855039163e-01,3.537276125127331028e+00,2.327092767424330244e-01,-1.211266270340064732e+00
1.657745143726566672e+00,-2.585107469017779505e-02,-1.411700342573864786e+00,2.378969521741645110e-01,2.367076239830608220e+00
2.743808557420945871e+00,-8.948202829731290997e-01,-1.920170587550104502e+00,6.751761758138841163e-02,1.270903203464192943e+00
2.402556236057380445e-01,-1.008683459570561824e+00,3.428957999347812535e+00,-3.555429763045582447e+00,2.005781928535002034e-01
-2.097193726536342173e-01,1.418379783412700712e-01,-2.941488127447958512e+00,-6.973580496249689453e-01,1.209792105840171939e+00
-1.669732669826971438e+00,1.561774371084282853e+00,-6.297740835052677566e-01,2.042220714164482143e+00,1.257758583593012958e+00
-1.956284948170528559e-01,7.535152276317655939e-01,-3.253096889843922312e+00,1.571633150851320604e+00,4.414083342720757086e-01
-2.266239835461230645e-01,-1.771349196505792867e-01,-3.661831103547388278e-01,5.332351669163175600e-01,1.512889736779227556e+00
1.307826103883405588e+00,-4.626873802812225128e-02,1.191690334761972725e+00,-3.095690992558944199e+00,-6.214013358520258379e-01
4.058693909304287306e-01,1.182747488418559145e+00,-8.488675275072619097e-01,1.480916593066002873e+00,1.680441257610643335e+00
-9.716001967675083062e-01,1.494993192541361759e+00,-1.353111041165173223e+00,2.616272331459840728e-01,8.056462358613267760e-01
-1.932902369523888053e+00,1.206708433254011448e+00,-2.768496782317463989e+00,1.721804494224975945e+00,1.176132656844724789e+00
-3.273896976992757502e+00,2.221545974619519637e+00,-1.362112383429256557e+00,2.444216962813124949e-01,-8.554014046073877831e-01
-1.955958354581477598e+00,3.145238785270167980e-01,-5.724226722774010678e-01,2.298924754032095841e+00,1.219147383703577336e+00
-1.677994855391253592e+00,2.285971536427124085e-01,-2.763374443726321239e+00,1.808755026496509766e+00,1.287462586205158077e+00
-7.925850992810453688e-01,8.158831847949312710e-01,-5.207647653792701892e-01,-9.546185964524684930e-01,3.868199289453392309e-01
-1.032013024010401292e+00,-1.608801992545001669e+00,2.306837872692059310e+00,-1.449147968568875955e+00,3.012830765831993052e-01
6.788330164416478407e-02,-2.012923839965501394e-01,-2.349846065653134364e+00,-1.555498401265231312e+00,1.319042417072049167e+00
3.782116739632295221e+00,-1.552515337310784949e+00,-2.493614805451340177e-01,5.215970843588255690e-01,1.538105484133774237e+00
-8.856492423042481299e-01,2.796430605326618579e-01,-1.456416102882036157e+00,-9.749539876282745654e-01,1.217928506193747706e+00
-9.547727127741867381e-02,-2.418589349049534487e+00,-1.505615357587072545e+00,3.269949112375228895e-01,2.187218409816539921e+00
-2.207305902459339164e-01,3.973008070316070839e-01,-1.143553824074591940e+00,-1.942177430194314880e+00,7.175658174735674022e-01
2.226103757539020567e+00,-2.597201238511186450e+00,-1.819791163064365058e+00,1.693906202640741654e+00,4.158346729821847276e+00
-1.860276684296403360e+00,3.059514352315233499e-01,3.218540213573580777e-01,1.697972952485341525e-01,-1.532416955325211161e+00
-6.943545999340344776e-01,6.310946465894029522e-01,-7.933857457328535867e-01,1.631840024783914878e-02,2.046771933419072820e+00
-8.300005838743107489e-01,1.492048064689081022e+00,-1.615304452174457950e+00,1.549821175074441726e+00,1.010339903476257239e+00
-1.810799995494675629e+00,4.139346787686735696e-01,-2.904297222464942152e+00,1.020711159756791941e+00,7.524964784373101567e-01
7.531236507448770823e-01,9.778678245013529002e-01,-4.592847307001408641e-01,6.787578819032356048e-01,7.749615933906269793e-01
-1.777692041475212648e+00,1.101884246772504516e+00,5.925485791931432988e-01,-2.250243384611413378e-01,1.029950534476340440e+00
-2.337561033606617045e+00,-1.374993129799582769e+00,3.400021292457865663e+00,6.841917646670722108e-01,5.087651969465664115e-01
7.983863076419809301e-01,-5.980911469156753313e-01,-2.057305568863128098e+00,-1.095697312218459896e+00,2.512715070231679171e+00
-8.617455137918014207e-01,-1.962304594174283170e-02,-7.968735599401166603e-01,8.111217928894600693e-01,1.460813206013893861e+00
5.836045059532033452e-01,-2.501509968674285878e-01,-2.625811502577308332e+00,9.666369567285519881e-01,1.703121003209726814e+00
1.990291645942081189e+00,-8.914135329553972420e-02,-1.006920569910126240e+00,2.999109830352212569e+00,9.835712945821523112e-01
1.878200520587997246e+00,2.521181584378228147e-01,-1.238732357125009287e+00,2.169735810814070298e+00,2.248829149179493392e+00
5.099033692715678745e-01,-8.542411703661590971e-01,-2.192586304529748453e+00,1.407703425627216509e+00,9.896005570839390142e-01
1.594192807106839638e+00,-8.284818080028095721e-01,9.291841409715073663e-01,7.654048738854144496e-01,-5.253641284267998035e-01
-5.021890833658391173e-01,-2.090730214992200797e-01,1.718114332163906521e+00,-3.226860377224227250e+00,3.027804053185847999e-01
9.135626924995594589e-01,-1.532663806262221762e+00,1.097138565546529776e+00,-2.494129770165738780e+00,7.385864952192400246e-01
-9.564386121763879256e-01,-1.008692949914043346e+00,-3.097410464014794806e-01,-1.659177789848035767e+00,9.557305193495166939e-01
9.794430223815183689e-01,1.037532382071748860e-01,3.026858064596560371e-01,2.822744189077619481e-01,7.842528876285563832e-01
2.683114419848395826e+00,4.319125547478287475e-01,1.030242305269917891e+00,-3.033311408883546889e+00,5.353281290599110065e-02
-6.019850855713432258e-02,-4.792746048622854582e-01,2.217232399356028338e+00,-1.621000282663195735e+00,-2.272130727986447774e-01
-2.139449463335757695e+00,6.048909858777555826e-01,-3.198859831185521418e+00,9.836423311263922109e-01,1.144091105682403242e+00
2.683632816670218357e+00,-1.788585649034270197e+00,-1.604853102655668939e+00,-4.758351242105944845e-01,2.029266988538001470e+00
1.225921202258871023e+00,-5.054091282867496926e-02,4.550742189675816007e-02,-2.172941115194579886e+00,-3.422621005850751130e-02
3.308292850946317198e-01,1.507766591723883831e+00,-3.620539835371736181e+00,8.613624767601641974e-01,-3.263210971077169509e-01
6.211885661768733469e-01,-1.603929528593071585e-01,1.114465399882036856e+00,1.530694944487377640e+00,-1.231916707502642483e+00
-9.029953247578221820e-01,3.274155405745422520e-01,-7.230178536632542174e-01,4.289597253410093458e-01,5.542872620088963309e-01
1.599580406730203297e+00,-2.962652075553205422e-01,-4.900899786066104102e-01,-2.012478395461384739e+00,3.240839778309219099e-01
-2.830480482245435470e-01,4.197053419609460545e-01,-2.067373855526977167e-01,2.456336022657155560e+00,1.622411157571994167e+00
1.236891595657247711e+00,-1.379386470709225820e+00,7.489735536198245391e-01,-9.036835195677270782e-01,9.382737909884559802e-01
4.797971731585803923e-01,-1.024799590121084680e+00,2.865628498435715876e+00,-3.323735419361295129e+00,1.053158594302756601e+00
1.897735297553186706e+00,2.509310197345566984e-02,2.203829583156537986e+00,-7.700285378570965733e-01,-4.365359447671448567e-01
1.307207842713975499e-02,-3.556353923178348087e-01,9.304821953223987308e-01,-2.129156742313432993e+00,5.427477504473554593e-02
-1.488178861480772941e+00,1.180992075770468386e+00,-2.151115756432238957e+00,1.192006130383712614e+00,3.346996977162552955e-02
-7.834367284334222692e-01,-1.676308901109105076e-01,-1.884233049306677898e+00,1.789765709558466034e+00,1.029097794269052901e+00
8.847067430601373017e-01,9.546018703749764578e-01,-9.102544248499401247e-01,2.896496143822226976e+00,-4.480889391850780834e-01
5.096309281439310723e-01,-6.678231855934635419e-01,1.530560216335652424e+00,-6.059522260691652118e-01,6.543009558831338612e-01
4.330196550337311878e-01,-4.741321268799476019e-01,-2.121446134800381689e+00,-1.348470421844418343e+00,1.341770368424446191e+00
-8.242750432839071051e-01,-1.369549453615336976e+00,1.060485228260236612e+00,-2.139435155891344476e+00,-1.632417943555918294e-01
3.683804527651120875e+00,-9.144005634922393044e-01,3.024354725968211310e-01,-2.164029492504780272e+00,1.022095889563261251e+00
-1.885458181273787392e+00,8.432934978596751119e-01,1.805381464055044738e-01,1.887040347498489812e-01,1.639346507238459427e+00
-7.053842322615325733e-01,1.341893360820985981e+00,-2.762634444883375728e+00,5.019459299021868048e+00,6.861890527572348519e-01
1.755174343893244782e+00,-1.050373051645565159e+00,-7.029335100444402684e-01,-7.771738888960459946e-01,6.565204819525598534e-01
1.638461139384742304e-01,-5.893376890503405630e-01,2.399281944210380324e+00,-8.729544662603246907e-01,4.557327003335165383e-02
8.862240073257610096e-01,3.554975189622177623e-01,-2.331783101453112739e+00,7.595922732335688154e-01,4.320077394333364795e-01
9.324966034621628985e-02,2.111524143384872765e-01,-1.825765810659290000e+00,2.190537414109443137e+00,1.353890868837605677e+00
3.246690013084571058e-01,-1.248241956564587696e+00,1.335952540887923146e+00,-2.637331520611152058e+00,8.382770996758538429e-01
-1.134769799784012712e+00,-1.347092431880423380e+00,7.632836816021395521e-01,-1.444002127299043536e+00,2.753689803611225062e-01
6.616760419645283386e-01,2.522491127474897343e-01,-2.916257207812961383e+00,1.934939632111856156e-01,6.706342672424201456e-01
-3.940978447319318789e-01,-8.423935916830576076e-01,4.416884727862872007e-01,1.182649677764674889e+00,-8.615060823778468713e-01
1.323787274589888652e+00,1.678039282935210208e+00,-2.136370428474857697e+00,-8.162859355617584356e-01,2.644563908399862218e+00
1.681766089566248068e+00,8.693955386708418498e-01,3.018964488250777567e+00,-1.351094605156237805e+00,-9.727495832950878718e-01
2.538237499948303721e-02,1.010000441544542049e+00,1.309440641382031423e-02,-1.111006015628435595e+00,-2.710466052967246409e-01
-2.539722343366145996e+00,8.142461544298056353e-01,4.986104867151524012e-01,-6.733934097062975743e-01,1.365717947742404847e+00
7.407304147114928128e-01,-5.396259785253291197e-01,-1.854475128405941753e+00,2.656659735374313769e+00,9.188655064587362142e-01
-3.330717842251792238e+00,1.117416804463892577e+00,-8.203197817238532252e-01,1.276042874250462589e+00,6.722115694626814575e-01
-4.145425865047041580e-01,1.683433398523152213e+00,-2.099412365940939829e+00,1.149005238115751393e+00,7.303278601175703377e-01
6.035531639578994856e-01,-7.088296549085144893e-02,2.604613291083636817e+00,9.196767962000990115e-01,-4.906266639800740403e-01
1.536210242137050486e+00,-1.187208584088554897e+00,-1.114519402528131309e+00,8.389420107087544043e-01,1.373561487652434021e+00
-4.267649688019772292e-01,-4.499354673649118563e-01,2.721044473254471630e+00,-1.293502969322885887e+00,4.480793931785193029e-01
1.671832270025365164e+00,9.099025883672453574e-01,8.089736257821441567e-01,-9.368426003402546831e-01,2.382688617075663373e+00
1.551546383792284711e+00,-2.898378905482785206e-01,-5.628090605624715970e-01,-2.248998682255646031e+00,9.557532098375178808e-01
8.235660004093838804e-01,4.979648954515541459e-01,2.777403741774984169e-01,6.056532444761488776e-01,2.853018680006549790e+00
2.654825969411413134e+00,1.638083518734434196e-01,1.267706273409093809e+00,-1.831377556007870222e+00,-5.829501635836649154e-01
-6.792793005681843077e-01,6.857717365084937677e-01,-2.347926197628493195e-01,3.016158297355837625e-01,2.424250119698700523e+00
9.248121238091354668e-01,2.119044481457260432e+00,-3.431304411892997508e-01,4.346898896988729555e-01,5.246664330555199651e-01
-7.437888837205555159e-01,1.032777897533385225e+00,4.925767483506142685e-01,-9.594856828199603838e-01,-5.348568715600544587e-01
7.797354381887890984e-01,1.224101563755649602e+00,1.028982987672803828e+00,1.070221851048537065e+00,1.946641251264392469e+00
3.073684418717620659e+00,9.051632652891490605e-02,-1.258721900248938486e+00,1.045491303114777892e+00,4.295985311540030938e-01
-3.528555875324573821e-01,8.262763158371065897e-01,-2.557935564562382691e+00,1.032793918324358851e+00,4.253854410751983783e-01
2.271406055604157981e+00,-9.279710916958813227e-01,-5.256530017265431676e-01,-1.822639885878344357e-01,1.154841447221745643e+00
-1.600106037324073860e+00,9.802595823263471342e-01,-3.122349005951282841e+00,-1.820088427903029604e+00,7.721413487205075477e-01
1.001388953898800782e-01,7.554016553582046933e-01,-2.293688375491321096e+00,1.714918257788401901e+00,4.616721823643735734e-01
3.746686563716148832e+00,5.116105593032513887e-01,-1.141884148143684774e+00,1.924755801506421005e+00,3.322486599283060560e+00
5.195232859700186223e-01,3.100374254835409626e-01,-1.617006873644405651e+00,9.948783733681639818e-01,1.240711903812761197e+00
-1.486558000593982687e+00,4.019644313430797977e-01,-3.405532965787109401e+00,2.758922402325174161e+00,1.032539058396176435e+00
1.376332953504466383e+00,2.982786760415477301e-01,-9.966801085151097972e-01,-8.031297478742318585e-01,-3.418198600100570417e-01
5.400068470481695915e-01,6.907713420066867727e-01,-6.287952294185159552e-01,4.518210325617611489e-01,2.066665117905840177e+00
-2.477385900978656963e-02,3.231618151001940387e-01,-2.329717336370772607e+00,5.132966460211274118e+00,9.974519118032608711e-01
2.881769396202821021e+00,-1.380365023298086413e+00,-5.022820263078369152e-01,1.334932601297992072e+00,1.240844147024255495e+00
1.035655317473545001e+00,-8.935826390602273628e-02,-6.450237643305753998e-01,-7.818789682712297129e-01,1.653052963597638980e+00
1.806584513595042241e+00,-1.301175405949543951e+00,2.444385645475346536e-01,-9.484523741466603930e-01,1.473633968057153965e+00
1.471239818008595046e-01,2.999439475875939065e-01,-1.727768953153006937e+00,-2.714598742969674960e-01,1.377008159819704591e+00
-1.333004275504793501e+00,7.784501857039540784e-01,-1.356451329387000415e+00,8.772595604385957646e-01,7.991269501753004434e-01
-1.150067781653209886e+00,4.750765115942616190e-01,2.276679655582276585e-01,-5.701951522979060716e-01,1.432619626740264440e+00
4.400457281099312556e-01,-7.083821365501224987e-01,-1.594904193649146151e+00,3.038534612755637632e+00,2.584041006633064796e+00
1.874086635558968039e+00,-1.199384253208210405e+00,-2.764633555952360933e+00,-1.003050481209927902e+00,2.409564888497543578e+00
3.254285119405744275e-01,-4.168465015085968117e-01,1.215894819431586171e+00,1.033424716753619688e+00,-4.099164051545134413e-02
1.819749626926133956e+00,7.530955751088165284e-01,-1.131826864172418068e+00,1.092880142790426889e+00,3.483677464198883023e+00
1.101013073180813207e+00,7.536900021149328666e-01,-4.959319596330261093e-02,-6.284053746174300681e-01,2.568661796191779700e+00
-1.951290772022752362e-01,3.626470877244056812e-01,-1.944375242699725614e+00,1.139826610622415970e+00,1.712780524845525676e+00
9.851079252443292189e-01,-3.977394440984096113e-01,-9.625445936130077040e-01,-4.744814495888189376e-01,9.837693988815847668e-01
-1.314410414900348822e+00,7.546215258862585262e-01,-2.685152746006532976e+00,5.779676676165895755e-02,2.697473508267477227e-01
1.713422702550534860e+00,-1.873496873073494884e+00,4.501347656120864293e-01,3.935636562752708456e-01,1.504429967801965029e+00
-1.338113920331988949e+00,4.681631776698554070e-02,7.548146590073441242e-01,9.303573345569119413e-01,-1.683919006763582082e+00
-5.932421061852702904e-01,1.158519610614798384e-01,-8.347858055821095746e-01,6.848739203204224912e-01,8.633192337004165218e-01
-2.890811288255776823e-01,-6.173064479141896488e-01,-1.261258477596939986e+00,-1.846879428848053895e-01,2.084135371136668802e+00
1.405376918286380672e+00,-7.320658588416482093e-01,-1.058976981828846586e+00,7.432001598310922219e-01,2.603082102004980136e+00
3.074767820601509882e+00,-6.947701589864826444e-01,-1.410879777049283135e+00,1.063347110088088465e+00,1.241910741818122776e+00
-1.269282621421519375e+00,-1.758028603413927859e+00,-1.319584715104413553e+00,3.023897853854206730e+00,-4.030236832566360672e-01
4.954135982118127446e-01,9.292123555832246806e-01,-4.549292502063225219e-01,-1.203803982590089916e+00,-5.467473944302030375e-01
3.420037040200814893e+00,3.695463866602958780e-01,2.196937654649455673e-03,1.029140158525976290e-02,2.890851169800019882e+00
3.472229284530108928e-01,2.011886988466354165e+00,2.083076578621420871e-01,5.199052495042290056e-01,1.192132971454989532e+00
1.214730063353686385e+00,8.150618707051943135e-01,-1.738422775753756477e+00,9.998153580282989061e-01,2.825369268940993162e-01
-1.879504496248917356e+00,5.972432236414471074e-01,-3.550919054715699463e+00,1.147141497637972352e+00,8.812313074438475891e-01
-8.379966160960667931e-01,8.363495418994094655e-01,-2.374985335718095669e+00,2.333048305391072219e+00,1.553018447653833567e+00
1.823405700189320910e+00,-5.862459648292916992e-01,6.485762516474411488e-01,2.022208037314244145e+00,4.857708848813700464e-01
-2.283273377076539212e+00,-1.406012731989783715e+00,2.776602440235839353e+00,-2.247661544903423181e-01,4.673360675223439675e-01
-1.546796304254768328e+00,-1.352294841626272559e+00,-6.910634818287865189e-01,-2.110919569708308519e+00,-2.154586955878952104e-01
-9.262345915782237427e-01,-1.728769555054415319e+00,1.071280700889606807e+00,1.369676218263238709e+00,-1.708396726100877006e-01
8.629554741579094079e-01,-3.187652041714438278e-01,-1.556348141693576714e+00,5.495751000221016369e-01,1.038935988608079786e+00
-7.818514090093153790e-01,-1.065939367416134619e-02,-1.649005299375902123e+00,7.748067762717363305e-01,9.839374913635028364e-01
-5.119405300016921512e-01,1.040497128247433734e-01,-3.484653072358472325e+00,2.063014973364607041e+00,6.647896956851906403e-01
-1.776701108195371637e+00,-1.581238561026066636e+00,1.691390467026825384e+00,-3.538598567671282780e+00,1.037619555991762255e-01
-3.468015541429063653e-01,1.067722626176960121e+00,-1.297466163102150460e+00,1.629274914862043122e+00,2.032996433022709049e-01
-2.187821523159819703e-01,-4.569189322123319852e-01,-7.752367914413352823e-01,-2.822015528017121078e-01,9.551465057355095212e-01
-2.418346258023207351e-02,-2.144126474502050961e+00,2.574451797966275102e+00,-1.198407192456635295e-01,9.901141288451181799e-01
-1.082665683164802051e+00,-1.069240220518495738e-01,-2.106934017978181473e+00,6.529562030061599742e-01,2.007571082046577970e+00
1.344988330174029745e+00,-2.160399615369366089e+00,9.084301778514662917e-01,-1.314787540311949998e+00,1.992977906109424602e+00
-2.386447707417531650e+00,-1.445818668663134909e+00,3.426531911174968137e-01,-1.430221141953053277e+00,7.139296688107111821e-01
-1.495156417286593875e-01,1.466650890696093557e+00,-1.647887928969426152e+00,1.467489768463394184e-01,5.540110981661124923e-01
-1.061047943994019471e+00,6.766741372982819636e-01,1.138300841155099885e-01,-3.142294190051455605e-01,1.383818565353611696e-02
2.635136651129939001e-01,-4.128896972560914813e-01,3.073060121954482860e-01,3.280173382732970211e+00,1.033655329844930915e+00
-2.578552513590727902e+00,4.779116309361109982e-01,-1.067753069307609159e+00,1.909791064955699502e+00,1.149210028666389327e+00
3.372863052226209302e-01,-6.104206312918221133e-01,-1.224124715411686104e+00,-6.184909581942208412e-01,1.381473339561292368e+00
-6.805040066949784583e-01,-3.553583630700749563e-01,-1.245637730885906347e+00,2.884067467124575845e-01,1.107159620965283864e+00
-5.982229542126062949e-01,7.213510235622188072e-01,1.530116957632028374e+00,-1.068414101447035414e+00,-1.113376381530095660e+00
-1.483584163966055858e+00,7.980298756744725885e-01,-6.604960765184439975e-01,-1.912779974150326634e+00,1.948598313744071220e+00
1.191231537491632686e+00,-2.618193754602887724e-01,-2.299103523844475472e+00,4.121854299869097460e+00,1.222966831332727766e+00
8.386406711945116887e-01,1.680646689170402164e+00,-1.356838839642017458e+00,1.651772701057755866e+00,1.455447523838559576e+00
8.881696253012569819e-01,6.272509038768830925e-01,7.334261692381859321e-01,-3.373083942976466965e-01,-5.926773607311794922e-01
2.334399695894580073e-01,-5.675720929845278206e-01,-1.794092138439876472e+00,1.276211116943534840e+00,2.855659057095462749e+00
-1.760923831999505751e+00,9.865780647958848348e-01,-4.067385223153998197e+00,3.841574820667512657e+00,7.205531427237008568e-01
-4.209475108363630591e-02,2.327133893253532815e+00,-1.757709293460389732e+00,2.957897035219902993e-01,2.892373446437008777e-01
-7.966409185348464206e-01,-1.863719387170423847e-01,-6.923949394394381951e-01,3.505764849134158645e+00,6.691842679118356063e-01
1.723190324333935930e+00,1.039688384865588011e+00,2.524327275017116401e-01,-5.680161947090942576e-01,2.886372652467114719e+00
-6.590330141140348097e-01,2.579177849456684712e-01,-4.747987080815434524e+00,-9.283313858521768935e-01,1.314400441166846178e+00
1.315946786053464823e+00,-9.070666116823145053e-01,3.719199107133812632e-01,-4.070787803728856957e-01,6.379837781690748111e-01
-1.552340390622181321e+00,1.082589681142890115e+00,-5.799004453462459630e-01,3.374819262590659452e+00,9.865448145118538292e-01
3.515913274858784021e-03,-8.970106376514386248e-01,5.635335068270783676e-01,9.817969863576772038e-01,6.251079297259870549e-01
-7.953594565488325552e-02,-5.421595767994249471e-01,2.987499872249816057e+00,-1.322398003058054439e+00,-2.710941175403377423e-01
-6.548163853165297477e-01,1.039740603069571501e+00,4.865789423185648666e+00,-8.600456405856414799e-01,-1.162714012455125179e+00
-1.703947380538382461e+00,6.031528326714276078e-01,-1.635322226034755300e+00,2.455163456021928869e+00,1.089262460196810167e+00
-1.617333717655147440e+00,-1.636192257026022334e+00,2.251854301283821858e-01,-4.961396977776509898e-01,-1.698690399046463018e-01
-4.035071706708692751e-02,3.579140473395279187e-01,-2.895966374611618654e+00,-1.574051758086045805e+00,9.240160073086052250e-01
1.846302323471292750e+00,-7.829118884884997964e-01,-1.258052108727783391e+00,-2.646020845824847978e-01,1.065791723614872399e+00
1.584130062374269343e-01,5.028905575186457533e-01,5.045611462026080574e-01,-2.047563019126469985e+00,-2.067892012612263519e-01
-1.076958680043716754e+00,-1.080878524389340178e+00,9.567225891031473362e-01,7.347984822251629744e-02,2.335147142667933773e-01
5.605725785128666816e-01,-2.043824188557178179e+00,6.422737957623035898e-01,-1.128135065665766046e+00,1.134378751788048367e+00
2.212041406391532572e+00,5.444505854703527437e-01,6.867841024703813524e-01,-6.619605296821167162e-01,-2.667583656857747121e-02
-2.409030314143232321e-01,-1.278056820221121104e+00,1.629179705740304351e+00,-2.563442284350966549e+00,7.439133750458304384e-01
-5.046769561759258949e-01,-1.711222537909832697e+00,1.517961892717589079e+00,1.674755008698007863e+00,4.655408803538443330e-01
-1.792158971972612980e+00,2.182450965870568638e+00,-2.226257489971007253e+00,-1.354731123178301910e+00,-5.730030077303809311e-01
-5.234425068335262221e-01,-1.088876921039951817e+00,1.911411333034131577e+00,1.691865952272040285e+00,4.644121354154075454e-01
-2.996197916483883117e-01,2.237518032032448367e-01,-2.163122118476951794e+00,3.177923737374925839e-01,1.783072898192208600e+00
-2.688440137936326302e+00,-7.033991746705948733e-01,-6.760400555452730220e-01,1.035458251771860017e+00,-1.102940812417152916e+00
-2.276032120827609084e-03,-2.417007192610650668e-01,-1.744286981169157480e+00,8.390992979807105900e-01,1.879428410055067777e+00
5.438349704067583223e-01,1.731074126982649897e-01,-2.498687410884063986e-01,2.496679741943986564e+00,3.111201310243744134e-01
1.141020945295268207e+00,-4.059841230032728426e-02,-6.708812100196785977e-01,5.289823056565059467e-01,4.680137365971320795e-01
2.803500319628901671e+00,-5.176636651487506180e-01,-2.367991458092796098e+00,1.877104964907241325e+00,1.103051780477405597e+00
-5.045689493472376164e-01,3.881262866745517348e-01,-3.616222535108049030e-01,1.238337278227289451e+00,1.411798127827040172e+00
-1.125833180129249822e-01,-2.406024881547035588e-01,-8.756521645084354155e-01,-8.620188807349079552e-01,1.029899074497738765e+00
-1.392075252392043216e+00,5.977781769367300768e-01,-2.193755188594690986e-01,1.438463205833658831e+00,1.962555722959556492e+00
5.875595148602013040e-01,6.856755451661222800e-01,1.862292871098005786e-01,-7.909982952143999047e-01,-1.661068612727178984e-01
-7.158933353818035528e-01,1.917288731549649405e+00,-3.821978459499173475e-01,-1.334932579917530227e+00,4.616019370352940632e-01
-1.455216793423176336e+00,1.803228421438420881e-01,9.654857331826217637e-01,1.645605373191814547e+00,2.415633369099979610e+00
1.053512902681711605e+00,-1.317741048492378386e+00,1.319834917363789328e+00,-2.152595187495614848e+00,1.080666558269382183e+00
-3.463604450146162694e-01,-3.788459024319416057e-01,8.945042720713275441e-01,-4.581561463759177832e-01,5.030290893201883051e-01
9.015609768586636541e-01,-1.011590152718855329e+00,1.695837211455210936e+00,-2.293753605811730711e+00,4.062692945585569260e-01
2.021463411511645880e-01,-5.420081753462897556e-01,-2.489830244377426283e+00,-1.589262648011354750e-01,1.666489086965955657e+00
-1.418569166361367540e+00,-8.248266974782795247e-01,3.423919855982930360e-01,-5.655516505247577541e-01,-1.002259571585956799e+00
-4.480238792462974962e-01,1.596192696151597312e+00,3.502930505359433955e-01,-3.259354792162522108e-01,1.025846314791212466e+00
5.756374651034554812e-01,4.630185627904030432e-01,4.728319001761915885e-02,4.803711107193275875e-02,9.589868562996689549e-02
-1.676748829085648929e+00,-1.443133942476193754e+00,-5.131589248798458236e-01,1.811933913611256219e+00,-3.394922365591392932e-01
-1.922264862368495253e+00,-1.219366597898746463e+00,1.737577049528849837e+00,1.225845504549565312e+00,-2.355705879430838312e-01
1.459368495331983873e+00,-5.934049689161696728e-01,1.598093116116354517e+00,1.448118086751485123e+00,2.935354383606357809e-01
3.514272302733882913e-01,3.237346696076572328e-01,-1.763919564350338476e+00,1.513684676434407517e-01,1.204286247446852309e+00
-1.910701591054657422e+00,1.644674822095225197e+00,-3.199218598465347618e+00,1.473170500997928123e+00,-4.233088764288102102e-01
9.646249014466357075e-02,1.255766023158991995e+00,-2.422260003400579453e+00,1.387272459755783283e+00,-4.919432328848205582e-02
2.373494330873975322e+00,2.121965890301434898e-01,-9.054592521663686888e-01,4.872309340608208528e-01,-1.829193734384803038e-01
-1.135993638175954334e+00,2.494333286722732745e-01,-2.311682381578315404e+00,3.140307042261700765e+00,1.111324335549259912e+00
4.267123491463065132e-02,-5.891502530274608102e-02,1.164849260470772530e+00,-2.338608377424433282e+00,2.372115070020992533e-01
-1.544528308365839653e+00,-8.338032784290088095e-01,1.160844737555758677e+00,-1.961505036914883426e+00,-6.666471660060226956e-01
-2.793519431074469317e-01,7.977928590170151324e-01,-3.110246746337303581e+00,5.482610501981599604e-01,6.671489993121871853e-01
5.468935602348946601e-01,6.021769281605731106e-01,-2.349954877773388517e+00,2.217214701148246370e+00,8.731175873475967020e-01
2.835656643910713370e-01,-1.502644544613342681e-01,-1.117023942344480991e+00,-9.585708802507814097e-02,7.382456431707460354e-01
2.376277480968062683e+00,-1.880103480665439974e+00,7.732175088040171840e-01,-2.985669506092512915e+00,1.484289060261825277e+00
5.603927755598909766e-01,5.796693250712170453e-02,-1.083783501844115982e+00,-1.094667754320444164e-01,1.318964515659208914e+00
-2.658230448168026783e+00,1.182545455259863321e+00,9.507053360598312075e-01,-1.473062652742207934e+00,1.663342287720853019e+00
-1.909649534232760182e-01,-1.217223218533162621e+00,1.097984177224734514e+00,5.743283231676808986e-01,7.342326325329833203e-01
2.514854003337338106e+00,8.226519148138636273e-02,1.416322451120468173e+00,-1.336258821155162479e+00,3.709542330676786070e-01
1.190298141046787883e+00,8.129964402605297513e-01,-9.586241583839227864e-01,7.401192008651491516e-01,2.126019773726405937e+00
3.326446307397404212e+00,1.430777424129561215e+00,-1.862429623748459662e+00,6.792927078042474420e-01,3.278878344243358001e+00
-6.241908795116521969e-01,8.015671271274011911e-01,-2.144304218978897225e+00,1.678849819204760063e+00,5.240311725451395342e-01
2.011681905543271753e+00,-3.993550338210651862e-01,-2.767607647309355823e-01,-1.111479230694253917e-01,7.370987705126592626e-01
2.199699880014386877e-01,7.957737615290843766e-03,-1.339426723718178724e+00,4.011243492883472817e-01,1.229085931618565608e+00
-8.180511580889114898e-01,7.908411643058335105e-01,-1.225021052393347798e+00,2.110610050763214396e+00,1.380792475393394003e+00
3.242909548525273244e+00,3.146544415808752992e-01,1.541055654822779397e+00,-7.026038712298402489e-01,2.454388507602070391e+00
9.134924475169059477e-02,4.518942893563663854e-01,-3.096295667532009688e-01,1.570511081591718705e+00,1.676030589377678126e+00
-6.061940328773554043e-01,1.902728496816770587e+00,8.495498701061723890e-02,3.092621673803029880e-01,1.696949847953356905e+00
-5.901576568642149523e-01,-1.374253912382382481e+00,1.401460773237769075e+00,2.083029137392298225e+00,-4.642600259534390705e-01
-2.008348370555167683e+00,5.573164333499137646e-01,-1.841970064606856194e+00,-3.803883720943579405e-01,1.703015472510175599e+00
4.422343471047884833e-01,-4.248186591677449164e-01,-2.624804511286235265e+00,3.819823485107581185e+00,1.944129899603270539e+00
-2.976267035411755413e-01,3.352663823459898218e-01,-2.140578111787502902e+00,-7.703160079684905348e-01,1.072647830022663618e+00
-1.176028650828568445e+00,-7.773129166968649750e-01,7.312403665278767173e-01,-7.349166589480733425e-01,-3.578220464596861827e-01
-1.593944558403106448e-01,5.392128560506795898e-01,1.990004487448215453e+00,-1.499825993038773175e+00,-9.044883002194210597e-01
-1.922484659057898337e+00,1.201906293992565988e+00,-1.728479931978315509e+00,1.998635305970361209e+00,7.107050536490093773e-01
1.821435577207264789e+00,1.861846727772041854e-01,1.141463513604247693e+00,2.222561001530884539e+00,-7.240896586849199235e-02
1.789782217452637214e+00,-6.455835784960302082e-01,-1.894091089581068976e+00,1.522640282655467692e+00,2.023327304742287058e+00
3.614226481795242751e+00,-1.167971843845873270e+00,-3.240092975927328922e+00,-4.463503178488930079e-01,2.004739903593911077e+00
-7.539016598272550995e-01,1.323427268878173635e+00,-1.227511525832249983e+00,7.125824343997828603e-01,1.135398454107030330e+00
-1.206464816750904667e+00,-1.042743014907733912e+00,-4.456095337701753145e-01,-1.072973203948155207e+00,-2.764171720693019418e-01
5.636000248086374675e-01,9.774875996330919525e-01,-2.200428792566858860e+00,-1.183988216520138526e+00,2.038678799281722576e+00
-1.376655740427081831e-01,6.306778494176032979e-01,-1.339052723744761142e+00,1.776284097428764142e+00,1.227614635728981218e+00
-4.697767568914452685e-01,-1.072891596856469176e+00,-4.599353043257074503e-01,-6.310348262153098187e-01,3.680591697178619448e+00
2.652412963378663058e+00,-9.255255019672297134e-01,-2.332515024071866616e+00,-1.374236459970822111e+00,1.722844822927820152e+00
3.096224577779477016e+00,-7.821250056692409247e-01,-2.461936355765424800e+00,1.130619163136221239e+00,1.330327348337264182e+00
-2.620640075459622631e-01,-2.249782403655957719e+00,1.135275518228900049e+00,-1.742332637600759071e+00,1.053472356563299073e+00
-6.677332222923761940e-01,-3.725512099101838115e-01,1.278913068551070120e+00,-7.287689924438366385e-01,3.534520545479176712e-01
3.481142038902363400e-01,2.077574219955920787e-01,-1.485790058409348635e-01,2.078957842998978567e+00,2.097932756603969828e+00
-3.802462455467328084e-01,1.144636537787926123e-01,1.178515620395659269e+00,-3.304520287574495896e+00,9.584102121936290963e-01
4.966359095317929850e-01,9.108623848811380277e-03,-2.185494104772141899e+00,2.018929000426052056e+00,2.384947225699117990e+00
1.443862924200544073e-01,4.472928133922425276e-01,-2.667488823034513956e-02,1.270827299825203038e+00,7.388515504506087961e-01
8.344705698066816613e-01,-4.274088022770322626e-01,6.584728760613665077e-01,-8.179946248390749242e-01,3.883474666437443101e-01
-1.297492205746770599e+00,9.837781028666570116e-01,-1.025787684405968125e+00,1.956413141938260658e+00,1.271116990531977686e+00
-1.989527653391849338e-01,-4.391897938027002346e-01,-4.737074417945011717e+00,9.572783751303994837e-01,1.813365194969838390e+00
-1.435158373311875568e-01,-1.219717201713517607e+00,2.671955660903220231e-01,-1.433029668405825907e+00,1.504151160742041027e-01
-1.364332508956503487e+00,1.829380867735227234e+00,-1.839407086790645574e+00,1.833957673681828382e+00,-4.389371749477671836e-01
1.364396261698713309e+00,-4.851764812703731611e-01,1.557871632447742183e+00,3.170630047721833655e+00,3.635785256648276786e-01
-2.085545716684377826e+00,2.105353678038201615e+00,-1.963865934079194409e+00,7.735994210526971893e-01,5.814668104446042429e-01
-7.068967206016452121e-01,-3.797162259009933538e-01,-1.249099343653539140e+00,1.450807983784065502e+00,-1.597242373218160427e+00
1.576856621929096702e+00,-2.196469170577882934e+00,7.070861882039451984e-01,-1.144371815929310809e+00,4.505898434382893947e-01
1.124048651789494757e+00,-2.035813755816046622e-01,1.566555235006939162e+00,5.321908888189570419e-01,8.134780457145897314e-02
1.876303150890769711e+00,-2.176350147182513961e+00,-8.613557334261647824e-01,2.378966395338686812e+00,1.569422046783800706e+00
1.069733779395334539e+00,-5.196227116304963367e-01,3.879717191349703054e-01,-3.162967416397357567e-01,9.622444785644856946e-01
-1.221866543174076059e+00,-1.121195304880990395e+00,-6.620676399591628458e-01,2.223318002454350850e+00,-5.153522389705197382e-01
1.066359108179659287e+00,4.808702497133645060e-01,2.444586058570677178e-01,-8.980603933301645192e-01,-2.006063347173212552e-01
-2.001694941269361649e+00,9.158676558351565022e-01,-8.723320484337632186e-01,5.606562427152605999e-01,1.252145005152428547e+00
2.213574851667431814e-02,-8.399286193286108482e-01,1.704641705337058832e+00,1.113161438838986550e+00,1.862249591719543629e-01
4.145764885087480422e+00,-8.316229989984494919e-01,-3.779614638064916043e+00,-1.475250680669818681e+00,2.213528423278628754e+00
-1.062306696959939067e+00,-1.551440231285024784e-01,2.869416493884579644e+00,-4.905671099717990868e-01,-7.342617986988444478e-01
4.124567674828102382e-01,-2.253896400653393195e-01,9.428700285859390462e-01,-1.505622432601330329e+00,3.766423557715843362e-01
2.145972862898415379e+00,-4.922157463165980906e-01,2.924731140684101227e+00,-2.942694377543572104e-01,-3.662195486070493056e-01
-4.521438429704949247e-02,-1.312966579039730464e+00,1.890920384697195589e+00,-2.438531653517187259e+00,5.954807841238982657e-01
1.571034180182753870e+00,-1.228454219222417487e+00,-9.617985042935164319e-01,7.283375106405610699e-01,3.010837609635263146e+00
-1.715020990432166492e+00,9.927606688095584886e-01,-1.773728660557391645e+00,-1.283776940949503231e+00,9.655406427199698660e-01
1.178310078689641660e+00,3.266747087093208046e-01,1.673656376640613175e+00,-6.623993007358519591e-01,-3.769593414551202226e-01
1.713344706699246878e-01,-1.001554460991957995e+00,7.422749752616630836e-01,-2.252107192141679093e+00,1.753318159383865371e-02
8.216281221285366421e-01,-6.689831889977678747e-01,-8.949746366317598012e-01,1.181308152869249062e+00,9.192613834489018476e-01
1.265149635408349571e+00,-1.125264903276287587e+00,2.016434849708824029e+00,-3.683306001264673224e+00,6.991343804531394701e-01
-1.660892566281966021e+00,-9.158047685778988312e-01,1.372532492105754898e+00,-2.009750857150914838e-01,9.718028963901059747e-03
7.149151435395193488e-01,-6.471175786501007776e-01,-1.301678983321837180e+00,2.101616089131224552e+00,1.826213871538004074e+00
1.548244385685551894e+00,-3.565022525210130300e-01,2.151437405122956115e+00,6.960158425083577960e-01,2.080607857724222631e-01
-3.661970823302950206e-01,-3.269409965700594278e-01,-6.015948377723885354e-01,1.745457651737777560e+00,1.167985864662386408e+00
8.906771539499710455e-01,-1.288602159082037568e+00,-2.696972172989295036e+00,2.336254562169399751e-01,2.799169733090015377e+00
2.317704389643779006e+00,6.385808040475872138e-01,8.462989392890453155e-01,1.452253006928029277e-01,-1.104670067550309609e-01
3.836352902177798896e+00,-3.094218445170223930e+00,-2.246492058096740130e-01,1.127847110728664282e+00,6.399962515743484737e-01
-2.531291556649161834e+00,3.915873159475130594e-01,-1.604358463974466797e+00,-1.015960515858413737e+00,-2.260817218912817061e+00
5.773694966751918844e-01,-9.678189035081689040e-01,1.294238091350952136e+00,-2.071068959283886457e+00,-1.016983512678855117e-01
2.487429052947831121e+00,1.100904113091584646e+00,-3.986160457964809112e-01,-1.425190440537067449e-01,2.245458423332517661e+00
5.336730293910063594e-01,9.534926291132854725e-01,-3.393038203398893948e+00,2.266507796704665179e+00,3.634900046920977457e-01
3.278780839498293687e-02,2.143812313620510057e+00,-1.504886465967755882e+00,2.824252380624707737e-01,3.102870773238559643e-01
1.256099309797645169e+00,5.402501983853529310e-01,-1.412436099629264863e+00,-3.120176187700353099e-01,4.223793944687955770e-01
1.031802309092093139e+00,-1.118908366369155249e+00,-1.200009815639183852e+00,1.696210021390058831e-01,2.812350952661565984e+00
5.559355354260853144e-01,1.455252666183272758e+00,2.259969636672604087e-03,-2.214277142866501791e+00,1.584110258825370376e+00
2.262382255935144304e+00,2.050254942025910410e+00,-4.977679683995506199e-01,-1.465783503301144819e+00,2.663600411231151988e+00
2.445928114504099415e+00,5.633682468873733029e-01,2.527083704288383137e-01,6.568779464890366349e-01,-1.551623546178880764e-01
-4.506155264341416000e-01,-9.811189491726800271e-02,-1.743540128796046584e+00,2.061793503427677532e+00,8.647960722237240105e-01
-2.010583413179693579e+00,3.316402713710892569e-01,-3.446991533214372794e+00,1.105025919949524482e+00,1.347759063320756123e+00
5.251555933903193640e-01,-5.482433511882547350e-01,-5.654600633062618620e-01,6.339117954973861879e-01,1.146615120740790639e+00
1.564308399925835591e+00,-3.588110492177972732e-01,-7.098163506899142217e-01,2.907375641167163849e+00,1.548348769104646472e+00
-2.983756130533376627e+00,8.417979394640809909e-01,-1.432151231999487351e+00,-2.843544698315243480e-01,9.326565352718551027e-01
-1.761949732137046976e+00,1.447437681588321867e+00,-1.822391578259933587e+00,6.220286441845472858e-01,6.478107171472571313e-01
4.890882148344839475e-01,3.897495970805303078e-01,2.736667195468301728e+00,3.437974176944920135e-01,-8.861777875436029905e-01
1.265565883408992676e+00,6.905973859973900675e-01,1.875754971942187765e+00,-1.863350852814259051e+00,-4.055072932670098496e-01
2.560234178755600887e+00,1.452574444898348194e+00,-1.429879531057316022e+00,2.173245935976708232e+00,2.848821708902188998e+00
2.599817898915263825e+00,-1.270411815560854585e+00,-3.343688492246893240e+00,-3.960236320377967800e-01,1.862650516029583425e+00
1.244459646575611256e+00,-3.701066261789198175e-01,2.068302396716305003e-01,1.823688795629815340e-01,6.124383520486340604e-01
3.238015970453246517e+00,-6.565512809930955651e-01,-2.300591338580408873e-01,1.483686020409238138e+00,1.853025284805363881e+00
-1.121024953443455985e+00,1.081275224411454294e+00,-3.054378522341139046e-01,1.307585958458921338e+00,-3.860312701581427586e-01
-3.287034264950005058e-01,1.162609630357997581e+00,-1.275806669847784569e+00,-3.713242988019509472e-01,9.581597366840288732e-02
6.480099905137470806e-02,-2.583184119318034377e-01,-6.097453198482494230e-01,-7.730332177181271636e-01,1.225415752670480085e+00
1.945551752110899812e+00,-4.597597809248653022e-01,-3.963712036931472671e-01,1.831773363263485166e+00,1.668947164560272256e+00
2.577580856817256905e+00,-3.529149801458121294e-01,-1.059079454858700364e+00,4.262647628315665571e-01,9.143951512669015180e-01
6.676832418289231352e-01,-2.152994699323344252e-01,-2.993423871873854392e+00,1.586281802809959895e+00,9.311773642828500286e-01
1.870480720152848608e+00,-2.208084315222622607e-01,-2.348737423984324391e+00,6.654108090818933174e-01,1.996789601448802465e+00
1.045593167606987395e-01,-7.853362698333059555e-01,-1.254171196539015209e+00,3.065947555017332959e+00,2.678518043058827569e+00
1.462649376096480935e-01,-1.189579544375113374e+00,1.728392058720292779e-01,-1.728678300751964603e+00,9.108070532360368343e-01
2.345508847918990281e+00,-1.082446985617064206e+00,-1.112116297031397583e+00,1.245060329070988292e-01,1.819350998061209479e+00
2.632498746703690884e+00,1.467557348531231654e+00,4.896491830075634377e-01,3.060113966550209730e-01,2.706224515866012315e+00
2.497635767987078093e-01,-5.245734439821105877e-01,2.148969351278381623e+00,-6.099498357371009316e-01,4.640533484891100624e-01
1.674046766685605148e-02,-7.379931798244800112e-02,-9.406726950058503789e-01,2.949377935969143660e+00,8.971926598310050460e-01
-5.353703010551269514e-01,-2.545052140552610975e+00,6.366630944306600481e-01,6.088330291520221982e-01,1.686644988545004331e+00
1.758080788221960677e+00,6.972430226274664022e-01,1.367835324001131170e+00,5.565374616107670036e-01,-1.072194365397003857e+00
-9.267350188183555160e-01,8.824328261749158075e-01,-1.081200331365574030e+00,-2.153067168580629076e-01,7.696475870551640064e-01
-1.771359799063735974e+00,1.764801783259014600e+00,-3.638977844456651844e+00,2.433330635299185474e+00,-2.297526075582333460e-01
-4.080392247249069460e-01,7.086493843519922065e-01,-2.716991209252070050e+00,1.502216748198417773e-01,4.525635376313666969e-01
2.156356892317150997e+00,-1.642090352694235644e+00,2.909924992412789457e+00,-1.088120279614451791e+00,1.353957762375504137e+00
-2.121086661783994298e+00,-1.657734710914198217e+00,1.678197496058093208e+00,1.240784101214568613e+00,3.658195162890921504e-01
-1.358910846868739419e-01,3.757467218834114053e-01,-1.473169977966799937e+00,1.223887991572987666e+00,1.548716087139427322e-01
1.263542935159235547e+00,-3.955914551829674553e-01,-7.327687248573253598e-01,1.587863412301860233e+00,1.900007493453012675e+00
1.007663269569177178e+00,6.347658108535695343e-01,-6.147594664059030656e-01,4.590419986699743937e+00,-4.613714932765141663e-01
3.313182628738542412e+00,-4.547691985854795949e-01,-1.965436012003210386e+00,2.045799479133707521e+00,1.915562559881910376e+00
9.313202597187362208e-01,4.187336129001393847e-01,5.166808723243276891e-01,-1.717553094013609005e+00,-5.835620658701673458e-01
-5.506547773916211641e-01,-2.444593593744882332e-01,5.504207953266160303e-01,1.756506096769076208e+00,5.787243720533675750e-01
-1.253096875079945605e+00,-3.393961182172657298e-01,9.055522640624050767e-01,-2.867335832166165055e+00,-1.133991513332127665e+00
-2.795104253609806966e-01,8.263198605767337890e-01,-1.276071108099044560e+00,1.151049536818401720e+00,-7.833470207626103132e-02
-1.630070674261289820e+00,-5.638012588473605424e-01,4.946237092248627620e-01,5.237011426111275181e-02,6.163811983957927509e-01
-9.357811297075451229e-01,5.300872199870728663e-01,-7.042945731208022364e-01,1.769540106023953507e+00,1.652026337279887791e+00
-5.424670570456980867e-01,1.381421363519154788e+00,-1.399099753949846647e+00,-1.205126139254813822e+00,5.231196716922508205e-01
2.810970438951790329e-01,3.083161372856479260e-02,-3.088725925468318589e-01,-2.687006861134573654e+00,1.836093506379395945e+00
2.708186098739133740e-01,-6.664419765388766015e-01,-2.772367209332271543e-02,-6.161722035412871001e-01,-1.511488069844992843e-01
-7.812239939364393759e-01,1.798726830358002848e-01,-3.705699829777623577e+00,-3.064778739489570913e-01,1.240925709744208350e+00
2.544333304730741485e+00,-1.258917423605220520e+00,-9.235929989747200253e-01,-5.615594311187656063e-01,1.830248334398221877e+00
1.371827898350221453e+00,-5.267899097788871776e-01,2.964125003824782389e-01,2.797809307112970600e-01,5.195358973061446894e-01
4.968263205201547961e-01,-1.317247033278095836e-01,-2.633132514254774570e+00,-4.520945196815869815e-01,1.133141363821018821e+00
-5.816748022494797610e-01,1.678427174180512349e+00,6.878534111472534018e-02,5.138810188069214968e-01,1.288399450466817253e+00
1.612315551928286794e+00,-4.625296496330232321e-01,2.215383645106908883e+00,2.102139814594038425e-01,-1.374588877088391836e-01
-3.472613821334728179e+00,1.023390044934037624e+00,-4.128899772052736061e+00,-9.043338489132902724e-01,6.737362044760467628e-01
1.834055739262526963e+00,-8.418059161883715280e-01,-1.347076787131737952e+00,7.322743973227826553e-01,1.378027124828000494e+00
-1.001490336495658440e-03,-2.398810091837574598e-01,3.192082732363674680e-01,-1.451236798469321965e+00,-1.905621459655835181e-01
2.571545734982827458e+00,-2.323509901997481419e-01,1.461225123654550817e+00,-3.217514633740173213e+00,2.945060181985207137e+00
2.010583861366431968e+00,-1.606174739982931587e+00,5.459810724064786402e-01,-5.378118980128941962e-01,9.262466125540550488e-01
-1.914686882274119872e+00,-8.197985575442957584e-01,1.539010832200975232e+00,8.255915607024985059e-01,-2.892272766091128489e-01
9.973436051518000944e-01,-4.382663179518254681e-01,1.102827380246127031e+00,-1.620664937579344045e+00,1.324915217703458437e-01
2.224714099254169852e+00,-1.045246292919101760e+00,-2.760500115446644198e+00,6.673469615416413037e-01,2.452932874915374484e+00
2.211569353243282521e+00,-2.993214259200888128e-01,-1.308600278595678956e+00,1.806412996674369165e-01,8.657973530738732881e-01
2.071437220374408028e+00,-4.319485340464878087e-01,-5.285492306671899509e-01,1.535734338468116578e+00,2.583641517507357932e+00
-1.089247699707422967e-01,-4.541118177077509976e-01,-1.693463791054426570e+00,5.313907115335563258e-01,1.078421646703661141e+00
1.283832498526118027e+00,9.705101688279573757e-01,-8.410308385644815754e-01,2.996674723151190989e+00,1.627434764844944981e-01
1.703658952674388605e+00,-6.485705946154082246e-01,-2.712168954795411757e+00,3.823956792295176044e+00,1.396409285206497319e+00
-6.401673888956377345e-01,6.097711412443361789e-01,7.353902836361114748e-02,2.944365872174456999e-01,6.025103459497160863e-02
1.782093306328802473e+00,-1.076386565877331725e+00,9.352945912974366394e-01,-1.325980789891882727e+00,1.516400871592337607e+00
9.895404668397158598e-01,-1.507782311196200986e+00,2.171619199228141950e-01,-2.218487152368120885e+00,1.163587770641950403e+00
9.545174349649816481e-01,-5.048967469813641085e-01,1.080614159389259088e+00,-1.963000348567437436e-01,9.925534099251787090e-03
3.235383204879369590e-01,1.237027834427713024e+00,1.782857317568188327e-01,7.489912352325189815e-01,1.289113813750764503e+00
2.066682443483101039e+00,-1.344682067602735787e+00,-6.348970382561327508e-01,1.187422363381744894e+00,1.739047250829443891e+00
-1.436093312812858125e+00,-1.300288141646996465e+00,2.005803519152804526e+00,9.644478575306100199e-01,1.056290265372015202e-01
-1.745035653010263754e+00,1.119017682867216923e+00,-1.189868300654340016e+00,8.252556845568428390e-01,5.720940693770585339e-01
1.860700206352192243e+00,-9.676420224094411937e-01,1.743449081298283077e-02,-7.324423082713181765e-01,1.062057625085583101e+00
1.349714702702485392e+00,-1.902309717790400256e+00,2.399276426993669720e+00,-7.299117898918365821e-01,9.458904153532542436e-01
5.997092261315186690e-01,-2.254686485037005195e-01,3.388697904547952611e-01,-6.371633838804360295e-01,3.759457587898281661e-01
1.041542135219377663e-01,1.836221668348811731e+00,1.077236058929662565e+00,-2.544735637129740269e+00,4.171525131573269540e+00
2.218584937498803367e+00,-6.497047458989321234e-01,8.036619349029705539e-02,9.874821375584014183e-03,5.025949508666718302e-01
-5.323659929671161750e-01,7.482009108196628622e-02,3.993386948182797713e-02,-7.422248854574575727e-02,-1.401629412229447480e+00
-1.055242681819946293e+00,-1.428649788438818957e+00,2.909319885519149329e-01,2.066102445698277112e-01,-7.184181283484627478e-01
2.370147294635276403e+00,-5.289528011665396434e-01,-1.887671751344637050e+00,9.825655663111412252e-01,1.303370465732494043e+00
-7.622957897232394142e-01,-2.564753486123223958e+00,-5.113248783514776630e-01,2.184859307418165475e+00,4.707791768919158404e-01
-1.071216694199349506e-01,1.340641095873307931e+00,1.465058071911158888e-01,7.564249661336841513e-01,-7.081354925172664849e-01
1.435019149959700702e+00,1.516239998674945855e-01,-1.378864880228902079e+00,1.132539248340183935e+00,2.033233567038552625e+00
4.337168695311506283e-01,1.600516610504980175e+00,3.658172717919574435e-01,-1.800093727048732162e-01,1.402806390879105081e+00
-1.661645218389547374e+00,-1.049891078518179421e+00,1.971915308777550502e+00,3.863547116729920461e+00,-4.753871034788564875e-01
1.874692698803012814e+00,-5.629999580575754115e-01,1.302561228642607816e+00,-2.286521459851953431e+00,6.792285403613516070e-01
2.184347636897703282e-01,-4.197398440141923009e-02,1.577166786694736533e+00,-1.876428485573756522e+00,1.951130967674191696e-01
1.029864811991064277e+00,3.734215062950042574e-01,8.289690063959123112e-01,-7.501695409701931716e-01,-3.511807298658742305e-02
-1.278454964424712959e+00,5.297722262635460311e-01,-1.206882793947439358e+00,3.661477802747948873e-01,1.393219151371180464e+00
1.796757393254670987e+00,-2.799911914724100837e-01,-8.066998036251894488e-01,5.841318137709279323e-01,5.517697080171611868e-01
9.556791455776230126e-01,-5.101577936237373656e-01,3.528994944101039311e-01,-7.590294975473810268e-01,6.834858512511861051e-01
-4.909850746693161794e-01,-1.027784300368859816e+00,2.335713783138362754e+00,-1.105163181863468624e+00,4.200530373116856397e-01
-9.626744034726139043e-01,1.982713290219140778e-01,-3.396461448782704950e-01,-2.884000403738400387e-01,2.283442788030951576e+00
-9.902672140400028411e-01,8.219219596216095769e-02,-2.306356227839136963e-01,5.922479300017546855e-01,-5.379331097522783711e-01
-1.176839153141870931e-01,-2.758821315034411525e-01,-2.511058459964503609e-01,5.523384024828492667e-01,3.568824768353473509e-02
-1.414102602174257317e+00,3.498661589815242889e-01,-1.435102717509483483e+00,-4.166622955423826546e-02,1.058503769015124218e+00
7.833874669745570785e-01,-1.211967515661312778e+00,-3.109451571172067830e+00,2.099180679002555117e+00,1.927781143293301636e+00
1.565949084836150806e+00,7.943610781831561551e-01,-2.177461148211508490e+00,1.383894592977731541e+00,-8.832047130636222487e-02
3.656454041647245745e-01,6.406354369334622822e-02,5.968520687330391983e-01,1.934036559668031785e+00,-2.714601724230170099e-02
1.837658263715242102e+00,2.588664806764995330e+00,-1.007716331370873908e+00,2.169629987093141255e-01,7.121768067569140825e-01
3.089960072335638852e+00,-1.342410735711299319e+00,-1.201796696102280571e+00,1.438379737232690303e+00,9.791003116591046052e-01
1.140150348410016612e+00,-3.227557523083090518e-01,-5.243058558603622687e-01,1.055955316088392215e-01,5.586026286346703618e-01
1.612729195313604258e+00,-7.197603430181059858e-02,1.809934657672402247e+00,-1.254740052404705875e+00,-1.098532650085983775e-01
3.615145255637906563e-01,1.473006182723983315e+00,-7.620295779634935762e-01,8.644933633058266009e-01,1.143721085693395922e+00
-1.408838187069661574e+00,1.905616274272810662e+00,-2.305446147770210175e+00,4.034887502377492829e+00,4.452563323187547772e-01
-1.538566392799662896e-01,-2.317760513794097921e-01,-2.108510735471280650e+00,-3.191603845575579079e-01,1.138523185666698634e+00
1.014382419379170064e-01,4.440159178178005317e-01,-2.262041975452637299e+00,3.810532837330935507e-01,4.727134368043758306e-01
3.536798383494023756e+00,-1.016670627135238814e+00,-3.667534231830295255e+00,8.252675930028878781e-01,1.832152829322629906e+00
2.060074613725194848e+00,-9.119454976494619780e-01,-8.919132875333568578e-01,9.890183196756674455e-01,1.962658231191906744e+00
-1.301269473473963378e+00,-1.545779503566643731e+00,5.267065566598244652e-01,-3.089439854722434431e-01,7.097717327184549507e-02
8.574610118669188097e-01,-4.712223254678665207e-01,-1.387088373821899534e+00,6.349139484914450016e-01,1.750354341421757720e+00
1.757242991731964743e+00,1.702025491237477151e-01,-6.034244239533586018e-01,3.515607924770314696e+00,1.964889933848977810e-01
2.155211599101182207e-01,-1.323662463044652293e+00,9.667902868753022183e-01,-2.459653509513197278e+00,-7.094876280854540695e-01
1.833770715939098128e-02,2.245184657496863412e-01,-1.725588651568808363e+00,-7.956191846930238398e-01,1.652999598050340246e+00
1.358701699568603871e+00,8.322900620005311279e-01,-3.762059453207804438e+00,1.622344014950291236e+00,1.146625448121158630e+00
-3.201122505049365241e-01,5.918649903206190110e-01,-1.610984770685668810e+00,2.594968533522186149e+00,1.451434552813418488e+00
5.645793825778852026e-01,-3.186635962712171533e-01,2.589014077433054339e+00,-5.996902147975508024e-01,-9.269882874005805906e-01
4.559970840065296072e-01,1.331343185108597449e-01,3.852153828788482670e+00,-6.476984083393112490e-01,-9.909217956898899171e-01
9.310327681203753869e-01,-3.233819174201124080e-01,-1.040075913285986253e+00,1.066943124361515949e+00,2.993503346897077311e+00
5.291582025190423311e-01,-7.874117743612466525e-01,1.790115480518084334e+00,-1.370063904180365943e+00,-1.594560064028469615e-01
9.370807237504203968e-01,6.626004680785028134e-01,7.012919744597467808e-02,3.583065257229498535e-01,2.013279599910298590e+00
1.178758770303638181e+00,-9.131274045659969474e-01,-7.940175994227181011e-01,-2.925141512915954145e-01,9.293672538407896644e-01
9.070060478883501531e-01,-1.745560460019421445e+00,7.104260375714974707e-01,-8.495351939577917566e-01,1.059304581494685094e+00
6.175098606245149613e-02,9.765377588211966442e-01,-4.797635306112394971e-01,-2.296572317407087116e+00,-2.817892311635332714e-01
3.376427422191571104e+00,-1.788104094645347253e+00,1.092271125548986976e-01,9.922570506013352887e-01,1.816030046224297312e+00
6.373586593119745514e-01,-5.404988834275130660e-01,1.931111269207130832e+00,4.676172120087708772e-01,4.299549094580762398e-01
7.594629359817367531e-01,-9.415457882403210910e-01,3.845782528778919129e+00,-2.735781870030157936e+00,-6.082669990588707165e-02
-2.268953990896029893e+00,1.534391896803564803e+00,-1.633132719059747995e+00,-2.176486709811644715e-01,5.859301599947988048e-01
-2.278036585091920863e+00,5.469940942192028643e-01,-1.151760804080432354e+00,9.889242373901899752e-01,1.394806693121653840e+00
8.035482130215991781e-01,2.554208444525289945e+00,-3.754945356296357506e-01,-9.907947308141273890e-01,2.059073054828518767e+00
1.114953004853042273e+00,6.874870327618648469e-01,-7.090311304596166320e-01,3.189590897976104955e+00,1.549792312025109364e+00
-2.024278465933276872e-01,6.448158850743745951e-02,5.023718040737430890e+00,1.519808643011884008e-01,-5.963585544060632238e-01
1.422096037916222633e+00,1.947029826682788456e-01,5.032430257569235899e-01,1.145826123108632189e+00,1.848376112295548435e+00
-1.328324215723795110e+00,1.031988427966133326e+00,-8.429708714959162075e-01,2.987085517364411746e-01,1.768596668646422509e+00
-8.961895662069992996e-01,-3.569982822016802837e-01,1.842469315047813083e+00,1.284500917933478759e-02,-9.225252025765937613e-01
-1.066797669895399592e+00,1.426486852729571542e-01,-1.168823300458385450e+00,1.838310136769401026e+00,1.399332195652363886e+00
1.419778275318250849e-02,-2.472306413104541079e-01,8.675583820560788251e-01,-2.631397627761179692e+00,2.239047281900805597e-01
-2.621414177376999000e+00,1.406187741923811130e+00,-1.650060978981219062e+00,2.061921718255299574e-02,1.206713407534798055e+00
1.760587475952739123e+00,-2.216028171135063785e-01,-6.602256357713301993e-01,-1.246304065632428459e+00,4.524860095016025041e-01
5.497331242725663758e-01,1.603957680585774981e-01,2.095706069019455775e+00,-4.683942961889615564e-01,-3.845841333455248812e-01
1.611455754843172494e+00,-1.112959666457925267e-01,8.147332892714829189e-01,-2.138559253770209612e+00,-7.764005413709607062e-02
-1.518733248733799002e+00,2.835702852730301871e-01,-2.778219765620945303e+00,1.469084446280407352e+00,8.228138531613325979e-01
-1.665727337209589098e+00,5.913331979784148817e-01,-1.631850025664883130e+00,3.216202949018402091e+00,7.076315751157769007e-01
-2.063075413619765541e+00,8.606338757811158313e-01,-2.476044553361359313e+00,2.588192995600537394e+00,1.030948574313057087e+00
-2.318609750052884166e+00,1.034358196503606608e+00,8.793403190080142373e-01,-1.373383525053157861e-01,1.207876350115699493e+00
4.044010499140452630e+00,5.441026774858579440e-01,1.231626811698138591e+00,-3.310465532771256214e-01,-9.962731118743374248e-01
5.087664400128745212e-01,-6.665775200071736295e-01,-2.830723157565153691e-01,-1.039975769900722380e+00,1.128448048182708163e+00
8.156320220851759339e-01,-6.394696477553682423e-02,-2.005762291340447145e+00,-9.418299049076986895e-01,1.537275811174152018e+00
-1.294493474436106295e+00,7.375307503290235989e-01,-8.323247621485305725e-01,1.657441849297498271e+00,9.186947162355181273e-01
1.245502823484778032e+00,-4.560594582495420268e-01,-3.896743033031913939e+00,2.349233888329841591e+00,1.251200651105368378e+00
5.566082645099630355e-01,5.360846558550987906e-01,-2.218931021557164485e+00,-7.889021759954607527e-01,1.316513293934516327e+00
5.737336166243882651e-01,-6.570922080145334965e-01,-1.494553144187976024e+00,9.618152426614585693e-01,2.651144874463514434e+00
2.246996473224800894e+00,2.718303426023226388e-01,1.599908411928470775e+00,-1.823767553224423743e+00,3.403241531694660704e+00
1.008009990896361341e+00,-6.649955376577987298e-01,-3.154332887554025966e+00,2.376325432768786161e+00,1.642223397364628301e+00
9.954387483646266466e-01,1.524804765744172674e-01,2.467262084002095346e-01,3.572038343306005448e-01,2.373011587099671527e+00
5.699617221578083814e-01,1.385519459716530455e-01,-2.139758976317216899e+00,3.087697501870101391e-03,1.021680678618864802e+00
2.424959039748655787e+00,-2.750498899051226354e-01,6.990707304067353967e-01,-1.001805735558658927e+00,1.993216780852689052e-01
-3.021628707576083928e-01,2.404378948106994096e-01,-3.513594903816202653e+00,1.466348526105603511e+00,9.915464779642989557e-01
5.575359463260149973e-01,1.572741327488035079e+00,1.415540553377408806e+00,-2.732424418286170109e+00,1.398511672134009620e+00
5.444973633846561523e-01,-1.867070443593671358e+00,-3.629053577760723570e-01,-3.318836887309590256e-01,-8.676519942274810715e-01
-1.790267609838836482e-01,-5.646247284001165712e-01,1.199107516992310218e+00,-1.256709555962549407e+00,-9.390802957727604205e-01
-1.239585240056708670e+00,2.783978994765969328e-01,-2.335038560822724651e+00,-2.565913430751531887e-01,1.137730256899303516e+00
3.136528740763385503e+00,8.476700571493240854e-01,-2.785393394152272384e-01,9.629421489796052835e-01,3.294736786012899987e+00
-4.899808849730726834e-01,9.856577615710688800e-01,-7.863175424301667160e-01,-1.290701953971702842e+00,1.412410241546367295e+00
-6.434004200394355388e-01,5.337438436128567609e-01,-2.763595920198373523e+00,-5.240251418951848983e-01,8.358907224278007142e-01
-1.609613934136220559e+00,-8.812216116321132109e-01,5.492893487429363342e-01,5.038419115789583014e-01,-9.832076081405074497e-01
-2.476930758911151109e+00,8.637393184462176521e-01,-2.548034412254057468e+00,-5.503262068992511580e-01,1.345680008683157958e+00
6.299273991885998569e-01,1.395457669542757628e+00,1.456636667146089970e+00,-1.123056268144443148e+00,1.731085760262321749e+00
-2.582603432852438874e-01,1.443350663862299932e+00,-2.877967062213503180e+00,1.144836114933440285e+00,1.629637142995714605e-01
9.034662233397130482e-01,8.498791923695332429e-01,-9.215043800388674766e-01,1.053197819602232910e-01,1.877595232777528933e+00
7.197457189014908607e-01,2.053479033911399104e-02,-9.145473591530117741e-01,-8.615519978343003649e-01,2.242732152793102784e+00
-5.634872313316605652e-01,-6.456333712764232569e-02,3.538307259402664773e+00,-1.730505401427545609e-01,-8.373115161167419274e-01
-3.622990150097561424e-01,1.059217383729353257e+00,1.096243361533151717e+00,-3.647592532505657736e+00,-6.315848820366104510e-01
-4.259156989286558836e-01,2.536577220959413542e-02,-8.002503836222818467e-01,-1.223001138509102637e+00,1.985185048564005683e+00
1.095428369329181084e+00,4.403436649001386538e-01,-9.822557278242127765e-01,2.040119800871217137e+00,-1.483076717905262853e-01
-1.321662752770552451e+00,7.981704944818887038e-01,-2.389109410792383592e+00,2.404273938785277842e+00,1.295068017661942017e+00
-1.538134355629538597e+00,1.407052519751889275e+00,-2.098745134223421793e+00,2.071502062347009954e+00,3.375294087453110103e-01
9.962564326492595601e-01,-4.721510274761400727e-01,3.832264680214433339e-01,-1.212665702888826136e+00,2.783412273102551904e+00
-6.552165972971966124e-01,1.128411158345372645e+00,-1.294851168327727287e+00,1.352710406765447626e+00,7.357640065881712044e-01
1.150371338134262622e+00,-2.022691067379875085e-01,3.255543506684299704e+00,-1.169765560832202844e+00,2.071500480628318819e-03
1.503819037593684405e+00,-5.287638189492338547e-01,-1.278267634915767115e+00,-8.229492169281349412e-02,1.106275265993430068e+00
-8.814473675360648963e-01,3.621936289853593394e-01,-3.666281553299667983e+00,1.795774180021316724e+00,1.102527893505712786e+00
1.358575894877595669e+00,-7.880841069989095171e-01,8.511624458757843792e-01,-1.875500943756987837e+00,8.176031361472816394e-01
-2.508445708906856808e-01,5.041561265285684490e-01,1.699270187099235496e+00,-2.346970045278483852e+00,-9.879928881511417238e-01
4.778871032350041625e-01,5.880537154904652564e-01,-3.089200075762740028e+00,3.650916143418093895e+00,7.876145234891205327e-01
3.969160417263034590e-01,9.767571563100174714e-01,-2.653024173358384807e+00,1.996852264439618274e+00,4.837121253131748677e-01
1.312846638462799476e+00,3.116809930810234830e-01,-8.486956082602733487e-01,-7.831962122669133830e-02,2.034599683483152788e+00
3.017418376743282060e+00,1.167372002383415985e+00,-1.304226475945143848e+00,5.003029724631642416e-01,3.323898376314918579e+00
3.707001599736133302e-01,-6.873433379772738716e-01,3.428808728864123800e+00,-1.143316264568682072e+00,-5.559610199504727568e-02
-4.229732492468383787e-01,2.524249506029266343e-01,-2.546410871176699509e+00,8.925921896571596958e-01,1.239717259550933814e+00
1.269393723451274880e+00,-6.440142185676905884e-01,3.253291783401038639e+00,-5.302283358739365848e-01,-6.930339400115281823e-01
-1.911659039024839579e+00,7.759933138094761151e-01,5.723588997189191230e-02,-3.038259238683610475e-01,2.026656939302445615e+00
-3.074444639597977424e-01,-1.100528761201340799e+00,2.462371287496913919e+00,-1.423960896203781079e+00,-8.044704304050909194e-02
4.128025811334866679e-01,-1.855887889727551032e-01,-1.175547164996835203e+00,2.322987489489899637e+00,1.031469785292420838e+00
-4.388666738137253498e-01,-1.069286019252527337e-01,-2.136628624920265729e+00,1.102295784261700051e+00,1.391198049352629029e+00
2.101105829047256179e+00,-1.244949919552002848e+00,-2.909989034735645852e+00,8.839003436515527889e-01,1.946115760001556172e+00
-7.226023253218156750e-01,8.190771853713834094e-01,-1.759782805889623658e+00,6.651308850768947734e-01,1.147944058643469267e+00
1.511040238424993909e+00,-1.188454610727435634e+00,-4.544348803961194561e-01,-2.663331955806461426e+00,1.355937388619121053e+00
2.894608576780460574e+00,2.243271415900188970e+00,3.528328730921946876e-01,-1.224689774250743213e+00,1.297606057902408683e+00
-7.308245270841865482e-01,-1.070009918811583027e+00,3.460836209349911208e+00,-1.636854313164235020e+00,5.299941510813458434e-01
-7.823651601809966660e-01,2.063501546055002966e-01,-2.489910037083769012e+00,-1.290198176107077099e+00,1.669523578284471288e+00
2.467007460361293258e+00,-6.088676615741733800e-01,-4.216790646374104945e+00,2.425372223171856634e-01,2.290821795811781136e+00
6.396909450631907967e-01,2.517844507847781244e-01,-5.070969418640977056e-01,3.876675745665498773e+00,2.181073386212178278e+00
2.934844191989004480e-01,2.433821761888883994e+00,1.331759921899061228e+00,-3.643119421419690251e+00,6.031373216172950524e-01
2.050233874516368182e+00,-3.660472070448171356e-01,2.633077132375317930e+00,3.810607869681563731e-01,-3.329596074376092174e-01
-1.080014954746333355e-02,7.853223911656025125e-02,-5.148222393510393236e-02,1.826945524830541956e+00,5.100163574036642444e-01
-3.314418860753447493e-01,6.926298030849457887e-02,1.124272159738165661e-01,3.797681730442732939e-01,2.016801012079407762e-01
4.123555829024232455e-01,-4.794721322746652858e-01,1.112225612836470034e+00,-7.424036253872736690e-01,1.014210172008286781e+00
2.405638150120791074e+00,-5.754007454107573638e-01,-2.386038498676426922e+00,-5.975118339917173671e-01,1.829345090228063242e+00
1.474190344639552119e+00,3.148372844077018673e-01,7.793417839384941814e-01,-9.034089307491033338e-01,1.411784988334550128e-01
9.871769167565982439e-01,-8.160801054605989480e-01,2.054648789685584287e+00,-4.353456067918231476e+00,4.288134848705209556e-01
-5.541974997858133412e-01,-3.851457053742614045e-01,2.041522081082439155e-01,6.465396811903415530e-01,4.380632635846360978e-01
9.138258778935434146e-01,9.705955895918423337e-01,-1.282302805102635723e+00,-6.735577964181675981e-01,2.212321952645118550e+00
1.833551017599978294e+00,2.677979828014592778e-01,-1.207486912333127993e+00,4.675108042172727851e-02,1.450834044415612034e+00
2.988802619437036512e+00,-6.076515702572430344e-01,-3.514024692918238379e+00,2.228425712667785774e+00,1.707755246916891290e+00
1.903000848634777142e+00,-7.846752653106908726e-01,-9.223409864026405058e-01,2.569855746555000930e+00,1.249524203335721229e+00
2.704966309062063701e+00,-3.005307057341925603e+00,2.709344170638283700e-04,3.061943866493431754e-01,5.179946207580338191e-01
8.245826882334489349e-01,-7.597730136578898508e-01,7.569148563148413444e-01,-9.828594627061678635e-01,1.501604179983191401e-01
4.334591839601814045e-01,-5.700952383784717581e-01,1.168262877370277231e+00,-1.178289080331003102e+00,-3.986968833878735685e-01
-1.507954867112553110e-01,3.522677578007765153e-01,-1.468312471963258314e+00,7.631287657249105072e-01,2.298077783557113563e+00
1.571902392015698702e+00,-6.234667908411644088e-01,1.123429986366254907e+00,-2.110167426798718715e+00,2.699013993155129354e-01
-6.145113916842789292e-01,1.062162851734069102e+00,-1.399375225058669514e+00,5.488569266646823319e-01,1.075394641694983999e+00
-7.476475879733973651e-02,1.517949801514841823e+00,1.265383476379259520e+00,3.757961553564101997e-01,1.659390814866513963e+00
1.965822630448178066e+00,-4.505113649978718104e-01,-1.688752579879878812e+00,3.494478521450336217e+00,6.040258302653497280e-01
1.130177341911500655e+00,-8.105176493159346185e-01,-3.165704830305388739e+00,1.559103734420153931e+00,1.537069031823419252e+00
-1.794079055967274794e+00,9.195658960879067312e-01,-1.743699834135786331e+00,6.631603761769544469e-01,3.654345058546435432e-01
4.201646750659115970e-01,3.030967560970012631e-01,-1.865185074260661935e+00,1.104137437621050655e+00,1.144128163271345811e+00
3.225283779683318919e-02,1.032140231467211372e-01,-1.965876486890349550e+00,2.297392025578831376e+00,1.295396779320212577e+00
4.994835256301620730e-01,-8.333525577912474780e-02,2.033007024439382526e+00,-1.722720406702394236e+00,-2.494579992315770767e-02
2.276645205883799150e+00,3.557320517228397261e-01,-1.077503821413094309e+00,1.632977760106083309e+00,3.565150151137143730e+00
1.579843492941978678e+00,-1.806780429389618081e-01,-2.507647748937571031e+00,3.785937526569600031e+00,1.641281328034600362e+00
2.055746604664534960e+00,-8.578700383002783036e-01,-2.068379295792576400e+00,8.008159042370275316e-01,1.625307604862660904e+00
-5.580185345822248344e-01,1.123013509273709243e+00,-1.695999062487986819e+00,-5.129668178483205443e-01,1.334088778801630903e-01
1.838890508882625507e+00,4.186658025629720337e-01,1.667394837298147303e+00,1.372875897966991721e+00,-6.620019242204439047e-01
-4.371103257791201235e-01,-8.296452723776968075e-01,1.154232751623847975e+00,-1.067683576149904390e+00,4.937971895785626675e-01
-7.666912531334535430e-02,1.098655141951281555e+00,-4.538323020089484738e-01,2.868657861676475740e+00,2.360579854671186251e+00
8.073922719116949365e-01,-3.720632215127880893e-01,1.308078894330423791e+00,1.448856618327043044e+00,5.226456021476650893e-01
9.056775918071112708e-01,1.584836237382621027e+00,3.229926421012718762e-01,2.081465234341815407e+00,1.768578471911511851e+00
-6.722575144336828679e-01,7.468081756009131711e-01,-8.730880394740824224e-01,4.090091925008674245e-01,1.999454296887496874e+00
-4.764241727422403594e-01,3.618249069672398871e-02,-1.218068525577537642e+00,-1.158990661272528033e+00,1.488827494325239087e+00
9.175253021395397557e-01,-3.733334830025290541e-01,-1.663847840883247997e+00,1.531534138939775858e+00,8.139951454687441856e-01
-1.572576275139315749e+00,1.642291756735017483e+00,-3.737602066648936905e+00,2.138976928147778622e+00,-4.877944033613492714e-01
1.134051439878133172e+00,3.654683702582253169e-01,1.467687998185670528e+00,1.620190204657800948e-02,1.774230961840516652e-01
-9.401673387569824403e-01,8.603627596442081638e-01,-8.103666280650843046e-01,1.550391116536904201e+00,5.168117619195096157e-01
-8.795330020153430128e-01,7.287790904039598283e-02,-1.058114987420817332e+00,1.140740910986241197e+00,1.281667312946166204e+00
1.934061989972399309e-01,-5.895885181032551881e-01,2.341504760551697650e+00,-1.458019725650573584e+00,3.639764592081028427e-01
4.738113202090665776e-01,-9.896720126567302156e-01,1.677025463317140419e+00,-1.798882468890404596e+00,-2.255495463304199033e-01
1.252189478968298575e-01,1.750189226553057475e-01,-3.040790829323352540e+00,1.733934448028774389e-01,1.306761174084605681e+00
-2.098694019672951772e+00,2.398047710871561711e-01,-1.215575812802898170e+00,2.059762992953602989e+00,9.656477786480179848e-01
2.153644558127160380e+00,-7.416595042328719689e-01,-1.221371910152393880e+00,5.751064733035788912e-01,2.062805380044767212e+00
7.482016996412454990e-02,-1.059984110847329575e+00,1.389866497996110173e+00,-2.213957123977165153e+00,-1.943513417535130960e-01
3.173840359714038328e+00,-6.720748619972150006e-01,-2.494656760345899560e+00,4.737255667016444516e-01,1.751662281901277929e+00
1.112931832485184458e-01,5.095571172152589812e-01,-4.209080917840486435e-01,6.733468691985371457e-01,9.690344457864601413e-01
3.630338461627202751e-01,1.742737012578925437e+00,-3.245056291806465154e+00,-7.928965087310078097e-01,-1.707506984281448315e-01
2.792132624000267516e-01,-4.258161808282065475e-01,-9.897754960201819996e-01,1.038346462123383995e-01,6.220404057336756942e-01
1.312452796969689084e+00,-1.366391840450245754e+00,-1.985638194280401336e-01,1.389017337976132582e+00,2.713374355287465178e+00
3.052707556451926263e-01,1.554641830580394846e+00,-1.211332764939127671e+00,3.308458480018348635e-01,1.060306742969246319e+00
-1.000478743519889857e+00,-1.078947068235920070e-01,-3.163451921073418660e+00,2.849306522913058526e+00,9.019747518159981770e-01
-1.181647635026767063e+00,3.970625022995071252e-01,-1.377587906592940392e+00,2.462441693437747325e+00,1.586820021727731067e+00
1.959330182419581456e+00,-1.191964054625230807e+00,-3.773943544277635453e+00,1.153715290926447867e+00,2.265723180961977778e+00
6.869118972044263582e-01,-2.227372174169343078e-01,-1.560854333611570999e+00,2.778244222118305906e+00,8.110665104374413792e-01
1.484709829035611328e+00,-2.203897033251263904e-01,-1.430278460807251850e+00,-4.086476669384788707e-01,1.022546392856039210e+00
-1.616176087749086054e-01,-1.921593558102759336e-01,-2.093241662054957652e-01,3.814513431180398761e+00,6.903060402544973773e-01
2.282480974669787610e+00,-2.400856189623103987e-01,-2.058574405171138544e+00,1.242714258031935470e+00,1.766063755807068425e+00
7.997860044748827946e-02,1.083395445907881616e+00,-1.564831138621701534e+00,1.026110181103995433e+00,1.793484404247281727e+00
-1.042388511412997154e-01,-1.458053536115249349e+00,3.374471519064613734e+00,6.752115163357180760e-02,7.698680835925957311e-01
1.683496761344320802e-01,-2.678956998060913475e-01,-1.507671746050039063e+00,1.671782711515397146e+00,4.911579463367217180e-01
2.460339888094418281e+00,-6.838860549944101308e-01,-2.659767353658328393e+00,6.280652959663309831e-01,2.503440760183197167e+00
-1.204031152335534038e+00,8.687399302195648598e-01,-2.157529600083713195e+00,-2.814759133758024667e+00,8.244488659680475617e-01
-8.809256078986840155e-01,2.257911282638317974e-01,-1.241480425447905045e+00,2.958134288470634643e-02,1.977724011483812383e+00
2.141529114747804829e+00,-4.273036959988971706e-01,-2.376892075563326934e+00,2.278942301468103615e+00,1.059948364764252249e+00
2.544488394743564363e+00,-1.627063082167360120e-01,1.151287519634880407e+00,-1.520813561042316131e+00,-4.722071720785669946e-01
-3.320690967262673321e-01,1.950580820653422753e+00,-7.859028071554319261e-01,7.443262185654109242e-01,3.061790846499630181e-01
-8.520108485693551614e-01,-1.408845142543647677e-01,1.779946403570948910e-01,4.472322789829025896e-02,5.310537490704415609e-01
1.646017668300612025e+00,-2.022284338900641742e+00,8.491134746683814960e-01,-2.364101745660216025e+00,1.748274873024800335e+00
4.358254645414385564e-01,-7.789903548158036983e-01,-1.954216690984687643e+00,9.489082147734271278e-01,2.419482698759874761e+00
-7.299942204129755696e-01,1.562818925169178197e+00,1.167407192279527717e+00,-2.007778454061004858e+00,1.554961654411431526e+00
1.487640548097673987e+00,1.162556117950406476e+00,4.360463158357166802e-01,4.470869389857788367e-01,1.836869418461333670e+00
-5.679176219323556207e-01,2.478561766811675948e+00,-2.830579270002496983e+00,1.925257496780587774e+00,-3.930877576201430301e-02
9.748441435044093994e-01,-3.932356287709401488e-01,2.895000759157784209e-01,1.365478460382475223e+00,4.430642092810325172e-01
2.195426327307197667e+00,-2.584824439526728912e-01,-1.355894231679455109e+00,1.507694459724850944e-02,9.239116574982415564e-01
-1.489489373993363452e+00,-4.411907207229294192e-01,2.475458244390372542e+00,-5.224947461632708512e-01,-3.435698259238351149e-01
9.941126687508472504e-02,-1.939436711037714423e+00,-1.782216432044111620e+00,8.840658381187220805e-01,3.078616153104208664e+00
2.018379770743225610e+00,-3.636200973383676427e+00,-8.593091472035356837e-01,-1.854267408524459704e+00,1.198296982738668248e+00
-5.880930948361043908e-01,-3.413920305365869545e-01,1.876198369394718179e+00,-2.794573188565313338e+00,-5.138882197940717322e-01
3.030495344588706619e+00,-1.317814198243626000e+00,-1.233719562599424169e+00,2.460221172913146681e+00,2.358863084020057954e+00
1.175604909398375364e+00,-1.026109303194064459e+00,-5.089887314380956429e-01,1.095783563513256009e+00,-1.187895842340095820e+00
4.346551738190523873e-01,-5.433665054985789000e-01,-6.377569469575207206e-01,1.291251975732258250e+00,8.296092913913204470e-01
8.421444870263097293e-01,1.808468172098921078e+00,-5.854842753581682713e-01,1.936374998807715020e+00,7.120641682208104228e-01
6.836684228499114724e-01,-1.999044932790160045e+00,1.067417780298689500e+00,1.988547984156872950e+00,7.738248053484368949e-01
1.341426758341258685e+00,-6.874557038311589485e-01,-1.985958825775829162e+00,-1.861267962516586216e-01,1.686692602459618051e+00
-1.281064873650725966e+00,-4.462551033166441972e-01,-5.100380802855664086e-01,1.518101255737492217e+00,1.033749377297832339e-01
8.540459720333792859e-02,9.842862613132389304e-01,7.999102060895202371e-02,-1.005360734078287521e+00,1.218289595012505000e+00
3.333245604211505786e-02,2.829078946054902066e-01,-1.233470365855939832e+00,2.517523624536303628e-01,5.325120832701681906e-01
2.714464272903881703e+00,-7.187154515421805279e-01,-7.509573533529707579e-01,2.597391288989090441e-01,1.488403391139956344e+00
-1.014489653582864914e+00,9.009041173585270457e-01,-3.872209353878908189e-02,2.702043688154333267e+00,1.342346297992481396e+00
5.323142832231185784e-01,2.121527145832461603e+00,-6.883848096442677367e-01,-2.484490491425252134e+00,2.272938374743479262e+00
-8.606505068233412103e-01,-1.824610850256598860e-01,6.118615764392276724e-01,1.017444242039746261e+00,7.433043630985666228e-01
-2.260423728679911815e+00,3.342439210982113829e-01,-1.970962908079995524e+00,1.214150158136371171e+00,1.399635953769434060e+00
1.742453942067207162e+00,-6.472833921902043652e-01,5.776725771436792556e-01,-2.963863091455623544e-01,7.343040093668263824e-01
-7.648176864011524412e-02,3.822002735440662158e-01,-6.752198335106864846e-01,2.634550388631458961e+00,-4.177972109385763577e-02
2.877727742644596853e-01,-3.935884228779594762e-01,-1.323945929726846549e+00,1.677374260901258740e-01,9.897184698444654316e-01
2.569750762349418127e-01,4.255756371539432675e-02,-1.093815686410952503e+00,1.872801300978848449e+00,1.081922145635550336e+00
5.288411318142383077e-01,1.092302644106646126e+00,1.873603121396803406e+00,-2.754126561747702429e+00,-8.759054301764341854e-01
4.807874382690014770e+00,-1.360938482067513444e+00,-1.348721017527698240e+00,-2.985798541289919061e-02,1.334897579432277492e+00
1.579850598852426291e+00,-1.119372263036263471e-01,-3.722603282527477297e+00,8.078032980179934430e-01,1.589958333915443944e+00
-1.635491591835393388e+00,-5.863199845283511014e-01,-1.124563819485002503e+00,1.740248336692106212e+00,3.125990563967651958e+00
2.801124570536869918e+00,-3.274597912724413161e-03,2.024462560350139828e+00,-2.699935891053792503e+00,-2.386262188389047800e-01
3.127326989983519212e+00,-1.652609762389975367e+00,-1.687746758789997248e+00,1.148502065091702162e+00,1.917675956585092045e+00
-8.860170414588643961e-01,4.262436288234062731e-01,-2.142815120593951406e+00,3.166483177311549269e-01,4.421853131570996909e-01
1.762274995673045463e-01,1.211916536725439641e+00,-3.075244493748161556e+00,2.941496834975076524e+00,4.664226894250396160e-01
2.629139232361441536e-01,1.073808412987939498e+00,1.142170799639419698e+00,9.101052066856446521e-01,2.371203966753989256e+00
-3.555423966500802502e-01,-6.591092628713121071e-01,4.000706370856141447e+00,3.010947485776663823e-01,5.166879993901118961e-02
1.232232878601000614e+00,-3.438256465636059245e-01,-1.549715084627232731e+00,9.959112935748453133e-01,2.494655685515862142e+00
1.149780648115746873e+00,-8.313371332399495106e-01,1.287447142612069939e+00,-2.555616064006930976e+00,-3.530344881065183849e-02
-9.893776974784380673e-01,-1.053627471559761331e+00,1.111893006430896946e+00,-1.814556224967788234e+00,-5.606987445298914352e-01
-1.033065130423527656e+00,-7.061671360678608567e-01,2.215942562491276302e+00,-3.123170485786565198e+00,3.910977644205171355e-02
-2.560226720640113030e-02,-9.904407780613322387e-02,6.952088407363390399e-01,-9.653588325325082042e-01,2.456540915835759842e-01
1.806579209426276700e+00,3.541500654671824178e-01,3.112573169638873871e+00,5.493313724602110204e-01,-5.382494511280462302e-01
9.425784621327821799e-01,-7.020771102187082224e-01,-1.374408864884900217e+00,7.099382126320015196e-01,2.549045406779957723e+00
-3.564830282359410241e-02,-3.729711997053279937e-01,-4.378796727401147448e-01,1.554010383602122847e+00,2.434971734204234295e+00
1.293201680011956345e+00,-6.784566674556559152e-01,6.758827869259514953e-01,-8.014133696158223241e-01,9.107689633465058110e-01
1.210124712725621610e+00,-1.074265470675466183e+00,1.952762339314088713e+00,-9.309033525939756082e-01,8.288943140183372416e-01
-1.363281115015482658e+00,6.584666708580635408e-01,-1.539411590399499374e+00,-8.332148093819895518e-01,1.448169561393545912e+00
2.211521220324575321e+00,-2.079973946652935446e-01,-2.210734061877475121e+00,3.306035618648626162e+00,2.370213092826783274e+00
1.746068830061458854e+00,-1.077490578686917999e+00,4.547083596838490394e-01,-1.133907271728192168e+00,1.524168689687232625e+00
-1.897395490853534206e+00,3.555725993421672837e-01,-4.047998781811754654e+00,1.748526559785371415e+00,1.279484246729339914e+00
6.576065220843241299e-01,7.947548230286428650e-01,-1.885261013205257408e+00,1.300394824964457019e+00,5.726394010756652442e-02
-1.081764354822087215e+00,-5.380743844743807180e-01,-6.180473361179250613e-01,-3.102408844326963733e-01,6.914138224585590908e-01
7.936139828373822702e-02,1.659900007142026679e+00,-1.441955350553526749e+00,2.935169342105651502e+00,1.824036615492357072e+00
5.360740787688602627e-01,2.552819562785236807e-01,2.965005690186048426e+00,-7.679683001822498190e-01,-7.044421325138420231e-01
-1.970413523305542203e+00,1.254416057653515271e+00,-1.211275954924470044e+00,-6.087327008227960690e-01,6.194556372768684760e-01
1.493218144962669136e+00,-2.548084559552331596e-01,-9.588738547466773010e-01,1.743798658510153921e-03,7.284570976314865831e-01
1.823322838878237873e+00,5.311159481817455674e-01,-9.359314181119854359e-02,2.575003344520772508e+00,-2.640714284883760588e-01
2.855452381359337544e+00,-1.607032329858914046e-02,3.144557852806621590e+00,1.637729201088619302e+00,-4.460036004782597097e-01
4.412649124437917347e-01,-5.999472048111267330e-01,2.273886104398282981e+00,-2.643815637758581971e+00,-4.123709544212800227e-01
3.439142519861831948e-02,-7.499559853219354144e-01,2.895632132588009000e+00,-1.756875955683105506e+00,3.659390007116460897e-01
7.629635435940069765e-01,-1.608014958770825453e+00,2.237246136991671630e+00,8.395189153738802368e-01,-2.726482904697948850e-01
2.726533477523317428e-01,-7.597509696639778154e-01,4.264898356804117663e-01,2.413987267189405816e-01,6.641999196378555181e-01
-1.042072073377666941e+00,6.095060627176659418e-01,-2.734699790698611466e+00,5.649935243629466974e-02,5.511587967421940348e-01
1.668555049359692788e+00,2.288774558150824534e-01,-1.312216098911388240e+00,1.645279655452704048e+00,2.341392412686477797e+00
-1.245492224404444181e-01,-2.141083024474189633e-01,-8.384502886915090603e-01,-6.471818873629455737e-01,5.586744108338389525e-01
-7.060205533728385330e-01,-6.179351133576871380e-01,-1.586634611296938502e+00,6.499235362254373038e-01,2.930523906881527196e+00
-4.128904609018349547e-02,1.208936515380223176e+00,-2.738438615524063202e+00,-9.429736766345120369e-01,-3.662929684487912230e-01
1.924689586262540830e+00,-3.198986288416643675e-01,-1.133053604960399863e+00,1.121354403401277455e+00,1.343428021101865877e+00
-1.459482945618495897e+00,1.339400862793056923e+00,-2.000944617183171736e+00,2.989057869257299993e-02,4.319147895502273293e-01
3.485531142230828827e-01,-1.094870542461659602e+00,7.626458585846473959e-01,1.800436082199381227e+00,-5.679737278557409619e-01
1.481291844069739572e+00,-7.963292546975873076e-01,-6.077052301770675680e-01,9.482411128836338854e-01,2.503858705851250477e+00
1.899514957772632906e+00,3.081738997599162699e-01,2.579793072544248833e+00,-2.430752810539244191e+00,-7.092501026008648513e-01
-2.510970666712838195e+00,-1.125055883270495771e+00,1.088569351967201726e+00,-1.672507741021108885e+00,-3.814621138812599455e-01
6.313973137868240659e-01,-4.796514357469994216e-01,3.106090229510326539e-01,8.117350616211247427e-01,5.514909300644259549e-01
3.528061244886965264e-02,-4.258700068955273976e-01,3.627164602017673989e+00,-1.509222139706458021e+00,-3.363881927380023562e-01
5.602483157568685090e-01,-1.012262675156225672e-01,6.415708909766830725e-01,-2.393820409062533905e+00,-1.226123066074535917e+00
1.315831348486214747e+00,9.884093213821084634e-01,-1.857753068439490951e+00,4.285163343676123837e-03,-9.023196462054261513e-02
2.764337339113917213e+00,-4.345202493112284015e-01,-6.957705731354666412e-01,-1.237606603869751742e+00,6.141076583214190032e-01
4.696013133072109991e-01,1.950700311796864095e-01,-9.049153347642922007e-01,2.206190448304638174e+00,3.142986104912768308e-01
-3.134154454702782200e-01,1.176274232144902232e+00,5.387952066072414503e-01,-2.652920960897054981e-01,1.628001157204600702e+00
-7.452008839518539096e-01,-3.678835204589307462e-01,-3.095942996442556661e-01,-1.946288039995486496e+00,6.743547346516529650e-01
6.033149693416199888e-01,-5.678492312635229355e-01,-1.924925542613793006e+00,2.013822886795391121e+00,1.573850784472786479e+00
8.286855739580556435e-01,1.244814425842134753e+00,1.269221457507838213e+00,-2.093178424780964164e+00,2.005362992558108903e+00
-8.306741082343884752e-01,-1.613409008751568674e+00,6.201695028250895358e-01,-8.418217875597011624e-01,-1.269705512776363454e-01
1.531022030585242000e+00,-1.263521613154089673e-01,-4.109480706002237582e+00,2.622728019101827623e+00,1.009564574691727667e+00
-6.851231826489101451e-01,3.795556714361391637e-01,-2.479510269827167157e+00,8.968280511629392882e-01,1.699435534278396887e+00
2.139978696379584155e-01,-3.688552949279874649e-01,1.481660461689121577e+00,-3.651098921672478959e+00,3.088802555610644651e-01
2.690650674583860980e+00,-1.472136097756764128e+00,8.489567383286367175e-02,-1.161238360653130686e-01,2.053096265032822387e+00
3.987089874651614796e-01,1.228764786740966120e+00,-5.550075521703424775e-01,-1.862674357910566014e+00,-2.515485672021701147e-01
1.085320378465921776e+00,-2.561092174156259782e-01,-1.732387111810131053e+00,1.422730340372502011e+00,9.805858592083787073e-01
7.694650501928783637e-01,-7.223947940055139849e-01,2.033531291422689069e+00,-2.889285804090956589e+00,2.650273023702621744e-01
1.063903940175587426e+00,-1.473058911375775937e+00,3.209433031999147090e-01,6.474707327449464866e-01,1.147123998684326240e-01
-2.375156494771958338e-01,-2.096403664165845671e-01,1.444319405842513726e+00,2.211315297698635551e-01,-7.661528200653933141e-02
1.060014932065990401e+00,-2.236100655326438424e+00,1.293930531941303252e+00,-4.510958419891084148e+00,7.666877347233127526e-01
-1.518079944663761838e+00,-3.996756545795784876e-02,-3.159845906971550100e+00,6.757268026331467725e-01,1.059044454803286683e+00
1.759273213970488747e+00,-3.350795686163137166e-01,1.975226513287234309e-02,-1.904569796820072547e-01,6.112346817897641449e-01
7.354860703184118442e-02,3.188949217859584628e-01,-2.105559558124054487e+00,1.737091148557755815e+00,1.060879533196874558e+00
1.500520162771427302e+00,-2.289090232856653695e-01,-1.860068892658280681e+00,1.442099956831291330e+00,8.339981242833025554e-01
2.006710752958273059e+00,-6.708348076537409277e-01,-2.945707435102861815e+00,2.473129238750769510e+00,2.036781181356678960e+00
8.992339339246938623e-01,1.380096476388959825e+00,1.023738979547536565e-01,-1.295215089378393802e+00,1.816851014033591838e+00
6.977357730262956359e-01,1.295675510773090178e+00,-1.511681660514975767e-01,-8.442922970477606537e-01,1.944489498250183690e+00
1.186231286990355738e+00,2.268898927357442030e+00,9.486141468425248746e-01,3.446626287599300342e-01,7.800025690189320571e-01
-2.918283007842128463e-01,-5.496027250132449193e-01,1.933133036079741185e+00,2.726744586125446901e-01,5.550312506234272858e-01
1.113556735972494716e+00,-5.068579885199173685e-01,2.525931735033662306e+00,-1.789507064527703584e+00,-5.832941172612884362e-01
3.326260566015188935e-01,-1.142155740003828468e+00,2.306826965832534881e+00,2.839252203680260322e-01,4.431119292942978238e-01
-5.099098873365015550e-03,8.466468990800130046e-01,-1.527789293978459639e+00,1.174791679776598485e+00,5.121899395201326977e-01
-1.921009624825402273e+00,9.553184404002192931e-01,-1.544281804180199114e+00,1.020473119748420254e+00,1.234961029998170368e+00
1.575318288294619506e+00,-6.151174665887654269e-02,-2.401201858865043004e-02,-6.018443023422868077e-01,2.288881984814542747e+00
3.499729961561093283e-01,-1.371627855475404223e+00,-1.708901570816280691e+00,1.073834138082099043e+00,2.945239096081165187e+00
-2.388236402522470603e-01,-7.207910045612215821e-01,1.820784956837261381e-01,-9.349541736147876092e-01,2.902968601209081179e+00
1.447902976918786777e-01,9.090375844108607994e-01,-1.377986299906267753e+00,2.407235831344598509e+00,1.262369480867460814e+00
3.739232755060417079e-01,3.745021418768307853e-01,1.846261107661575585e+00,-1.635416321124311789e+00,-1.320954325089350956e+00
3.041946529107790176e-01,6.665488751647768995e-01,-1.241924363397296061e+00,1.425348723114932881e+00,1.057801952537451573e-01
-6.191242784835181423e-01,9.437840172311040554e-01,8.042026064496771154e-01,6.602296872457125154e-01,1.858231854908581226e+00
-4.460618333099755639e-02,1.317720401557125554e+00,-6.445569166403972705e-01,-2.167864501026036006e+00,1.524967289952082972e+00
2.620704909503278390e+00,-3.190917461068768640e-02,3.783448582319501319e-01,-2.461191333080062549e+00,2.930495309527050285e-01
5.580298584421483632e-02,5.876625530384050888e-01,-3.866820072161114563e-01,4.226663126525636027e-01,1.753873125301044666e+00
1.846434043868146357e+00,1.742915604420422482e-01,3.229554108572215698e-01,-8.397962555512077376e-01,-1.056214901063345923e-01
2.798547295975937210e+00,-1.274254676304833467e+00,5.860525700794410042e-01,-2.541333135026527135e+00,1.310270306132628404e+00
-1.432140781597973866e+00,6.338442625382345597e-01,-1.025770780128437032e+00,2.705593194378713928e+00,1.404941408871182462e+00
3.332358407563656977e-01,-7.213912501116296339e-01,1.589542885579519504e+00,-1.862947970194301694e+00,7.588143095408784733e-01
-4.230865414817530645e-02,3.574056255189598796e-01,-5.799777904144278740e-01,2.604443605584848331e+00,6.609740940704744716e-02
2.808207290644032295e+00,-2.341715116684234044e+00,-5.320723283506917367e-02,1.424051118926877191e+00,2.005829391557237162e+00
7.941658322511588874e-01,3.587593780510562325e-01,2.648274216906044032e+00,-1.146462999150525963e+00,-5.398213222150458623e-01
1.286861129311814844e+00,-1.910188906292365763e-01,-6.523171515595719283e-01,5.083101518765331672e-02,2.072086208703153076e+00
-1.020981948268963713e+00,1.449638205938658109e+00,-1.127088987383655816e+00,1.373335665140801076e+00,-6.817508363231816748e-02
-1.047688990252622632e-01,-1.703594075036167110e+00,-4.712026436709405020e-01,1.930457963647308484e-01,-8.685066940284087433e-01
1.993052491288670458e+00,-8.472858232454640870e-01,-1.951324167371522922e+00,9.216926907636709965e-01,1.404704252930704333e+00
2.218306897583451676e+00,-9.038470853671830563e-01,-5.355727913427018594e-01,2.040850145168751961e+00,7.503694929715416517e-01
-8.216472833308541279e-01,1.145098635961412814e+00,3.565346273344695671e+00,-2.146617448778663118e+00,-1.181976717523811615e+00
-1.821176653364245945e+00,1.908506029043199048e-01,-2.658171681192380564e+00,1.184199942674460049e+00,1.667084690757570486e+00
1.126630278502598115e+00,2.415673015117007771e-02,-2.408780007393311884e-01,-2.984223206893562574e-01,-6.531405305084148072e-01
-2.126809060428012099e-01,1.777609850145192683e+00,8.962133525156895653e-02,1.370449362575155483e+00,1.783796466569337991e+00
-6.073023472953540391e-01,4.186810944138773249e-02,2.041972202198763409e+00,1.701835775975724330e+00,-5.469331779524606585e-01
-8.757528568242544109e-01,1.447507969786915982e+00,-2.244527460034126509e+00,2.353827710280129715e+00,6.407618713294702673e-01
-1.125153811151867078e+00,-1.450148068362402842e+00,2.424155359304493995e-01,4.051477241696603837e-01,5.905380398618278459e-01
-1.464533464445178845e+00,7.008710763842574964e-01,-2.177768256690356896e+00,1.173206048213278452e+00,1.544249811456781529e+00
-2.769702225855011246e+00,-6.422671062856705193e-01,1.418144176634871689e+00,-5.505820666714827949e-01,-2.489048673271950562e+00
1.132060559622791507e+00,-8.110769036522533781e-01,4.354257628179323270e-01,-7.936704611683161881e-01,8.650615659519520495e-01
1.190390672955100149e+00,3.231018082417955295e+00,1.504514309613916634e+00,-1.723633060947307172e+00,8.994859987067218565e-01
-8.087920747787610276e-01,1.330467912495339355e+00,-2.587112143622070093e+00,-5.465091345798472888e-01,5.654250124747819406e-01
8.597387464931721679e-01,-3.031988984170001511e-01,1.786535371237024439e+00,1.040015968181592809e+00,-3.583288723555937416e-01
-6.507440319875290591e-01,-1.075779175042431035e+00,1.699256196583982081e+00,-2.720619786445531041e+00,6.507420646920880625e-02
5.231127513852847910e-01,-5.799858119887212338e-01,1.221116385887094591e+00,-1.977085510466282336e+00,4.800062947148080461e-01
-5.857955544314900065e-01,9.098978213947611637e-01,-1.541018416894976761e+00,8.112662045682003109e-01,3.490043428876644094e-01
-3.227938551183182625e-01,-6.431258792039682426e-01,-1.109062990427387652e+00,7.178331869755305572e-01,2.591009293238845768e+00
2.769379050678396847e+00,-8.103406805645545496e-01,-5.090713516546263584e-01,1.023211922054411804e+00,1.047816587362986329e+00
2.463023635190489946e-01,4.393194667353074734e-01,-1.149527318515623397e+00,3.299061684899644575e+00,1.578287957100510175e+00
3.378437667769885189e-01,-9.511294917601750831e-02,-2.010015581161320064e+00,2.974295330574246776e+00,1.095772745825504435e+00
2.864898677664038384e-01,-1.922395388375059966e-01,1.126699357891480791e-02,2.417640431652051447e+00,4.647475751766585450e-01
-1.465108975013996950e+00,2.520921645393990329e-01,-2.350902780898364686e+00,1.276637229159804932e+00,9.070721839431782341e-01
1.057530633400562969e+00,-6.471616167971937505e-01,2.957879934081753870e+00,6.900232807785964262e-01,-5.552459322158829202e-01
1.555326032760852684e+00,-7.169715748696766644e-01,-1.804460778649568109e-01,1.164783958153329024e+00,2.075755029437610588e+00
3.314230982842027551e+00,-8.453467982159441618e-01,-2.113759041219469559e-01,2.262549302454598177e+00,1.040529882527273076e+00
5.099128582145593391e-01,1.181781997573211118e+00,5.100752776913004549e-01,-1.550366654134953004e+00,2.053978241861385889e+00
1.039051633845177458e-01,6.528259131490139477e-01,-2.225665335716127124e+00,1.070320264218090900e+00,3.078681806802337495e-01
-1.805140532101686457e+00,1.148939455598054993e+00,2.830892663536581644e-01,7.665601091761129471e-01,4.149251197595874574e-01
1.228860723326642201e+00,-7.997592002339316553e-01,1.445749115400298601e+00,1.023906608307615151e+00,8.800192493132172888e-01
3.235815640360635292e-01,-2.223733815338762854e-01,-3.019177907203830280e+00,-1.126283088292342249e+00,1.208748764363595019e+00
1.289392198252714561e-01,1.349500718706150293e+00,-1.722507613000242355e+00,3.646115434156727009e-02,1.250295649160425349e+00
-5.908883031744389669e-01,1.232735304167020374e+00,-1.122578798965507607e+00,-4.006558101745157918e-01,1.478812531059725544e+00
-2.067997389423636978e-01,1.356726334008697965e-01,1.221842517013294049e+00,1.407754377125039813e+00,-2.519772872048312573e-01
8.780798084883272292e-01,-1.555630201538787949e-01,-1.042294778357664153e+00,1.132502274285498434e+00,3.386283339722488961e-01
-1.212889869347709287e-01,5.515881608533981101e-02,-2.809401120513269845e+00,2.894943806126724972e+00,1.554131187192400843e+00
2.290454245735859651e+00,3.125263827920846116e-01,1.821581652320679368e+00,-2.754209434741992091e+00,-5.589847984087510380e-01
-1.687135317391287526e+00,-7.307033021554137919e-01,-8.789872733316443920e-01,1.080169976232420614e+00,-5.787806270349689086e-01
2.858866566769008521e+00,-1.531000190378167258e-01,-1.312958410199577708e+00,6.574205592720232527e-01,9.008545828506890896e-01
7.776446814125019813e-01,-1.520082259947902914e+00,6.177973875905271584e-01,-1.274484215285122124e+00,1.239393334203373165e+00
-1.794224133906345831e+00,-2.215901616018472353e+00,8.032975780888723660e-01,7.659983842098808671e-01,-6.900578218002423325e-01
-2.523540958904105791e-01,1.267707630470199742e+00,3.516896000230644859e+00,-1.134271123630116840e+00,-1.311543890818143598e+00
-8.117336726159100069e-01,-6.477859521588162639e-02,1.313060606881318426e+00,9.045459636970765160e-02,-1.030494366590934296e+00
-2.441985636063159770e-01,-2.811949383053570228e-01,-3.428077167582668672e+00,2.072632803613468688e+00,1.468404891471773333e+00
-1.348990746225403825e+00,1.078179677231599465e+00,5.759664944140493459e-01,4.510647519335944100e-01,1.901070336039922148e+00
6.908110366218069842e-01,-3.344366811193152933e-01,-3.022956753267741270e+00,2.438574826708986620e+00,1.543522069248590256e+00
7.474138917395716231e-01,-5.566131323024159361e-02,-9.850736165967168834e-01,2.669435981904429767e+00,4.312529015127800069e-01
1.975520646230482402e+00,-4.676612928557708493e-01,-1.737255156694177849e+00,5.942062902014433323e-02,2.454101830677854146e+00
-5.649601913902040362e-01,1.548191622501917442e+00,9.409485294781392284e-01,-2.627364509266488124e+00,1.521824478715464224e+00
-8.913533014563128631e-01,-6.799616407823378950e-01,2.423916395518559419e-01,1.686019571699080011e-01,2.973919501808233168e-01
-1.799296306809612944e-01,1.708740418839889585e+00,-1.832919966367850373e+00,4.204652531542145688e-01,4.158379578504731167e-01
-1.539662290963871971e+00,-3.817716476812770821e-01,1.418272939074363137e+00,8.098629780491404251e-01,-8.539141478855365452e-01
1.919478846409404360e+00,1.244354697876008053e+00,-1.764905296702584447e+00,-7.550669667445717437e-01,3.685207488107938190e+00
-1.497524548774496367e+00,1.256757846055472250e+00,-1.443102856733999628e+00,1.927017326999933555e+00,9.526749057439427570e-01
2.141490678505471479e+00,-8.208895990101703344e-01,-2.876341996748129848e+00,3.983508542298920929e+00,1.641072425975484306e+00
1.506889461731391489e+00,6.213383320060037462e-01,2.540163527034245750e+00,5.304151306750597428e-01,-8.388586654897007833e-01
1.635131302445587576e+00,-5.846788192038601117e-01,-1.525958332151783337e+00,1.786216376372355974e-01,2.686178716472913841e+00
-1.431289756859181583e+00,-2.105153380162619325e-01,-9.630063447860742754e-01,4.360300239618381646e+00,1.941004799424720151e+00
-2.105930493337620835e+00,-1.288171692109617350e+00,-1.747307565628969384e+00,-1.373924051311707473e+00,-5.300032207231784032e-01
1.216681614833672320e+00,7.032022506034444342e-01,-7.314822532594522642e-01,2.231712179102826710e+00,1.561992500853171206e+00
9.964628072142122095e-01,-1.016183736989061392e+00,8.366643662437253104e-01,7.136968809988576412e-01,7.689697135085948876e-01
1.371897609389346240e+00,-5.752107831127087900e-01,2.547311125608980209e+00,-2.225549361111895053e+00,-2.988253246303526067e-01
3.298048069194560838e+00,-1.319997148653510255e+00,-2.210290265973253732e+00,-5.776946526687316563e-01,1.848805617247511801e+00
1.317819459441472274e+00,-7.245710522031471035e-01,1.955881146706379470e+00,-8.670183249478403686e-01,2.424147821527284918e-01
9.960194407132333394e-01,-6.464614421933478905e-01,-4.242699613475176545e-01,2.253868467372685203e+00,8.898221727953311566e-01
4.965991912618308302e-01,-8.023276719561184267e-01,-7.135173878459273311e-01,2.413118018241058316e+00,9.508723535148571049e-01
-4.539963306118541819e-01,-1.558440034558023157e+00,3.041233990318565339e-01,1.322101388871906646e+00,-4.794858399849774022e-01
1.415556670393233851e+00,-4.249941005457696375e-01,-2.135635828718309703e+00,6.558571019351737696e-01,9.890408138456476816e-01
-3.412727730568193341e+00,1.705434724926167434e+00,-2.549595807370066414e+00,2.624855521258644409e-01,-1.152688250788800328e-01
-1.328821385182384684e+00,1.965232851976910888e+00,-1.776629282856596381e+00,-7.150660668772454986e-01,-3.118785942253605725e-01
1.540003230491815867e+00,-1.295593814332331117e+00,-1.992994227906406346e+00,1.115136115067689060e+00,2.426623233241142152e+00
3.775435502787903852e-01,-5.721861419114233627e-01,-7.786638671417536184e-01,-6.214098666291530959e-01,8.401143184179151735e-01
1.704202353061320174e+00,-1.828100271911053676e-01,-5.734499733151598999e-01,2.480828049701701232e+00,6.326974493662425036e-01
3.370664380346873656e+00,9.299731292926368686e-01,-3.573353790021732701e-01,2.111155897740505161e+00,2.722296430569013381e+00
2.180456719230779328e+00,-4.416930671075586790e-01,-1.927786725004333901e+00,3.602027337158638876e+00,1.442648291635350244e+00
2.544840424568510784e+00,4.465392284853305083e-01,2.181633291154059684e+00,-2.033589308779367055e+00,-5.113732913800689284e-01
3.239718510181331945e-01,2.818499643504877028e-01,-7.514492247827253557e-01,3.024178346066377920e-01,-8.189239347472110353e-02
-3.319304579329143690e-02,2.170435212338115705e-01,-3.023562771022435314e+00,3.355611672141342261e+00,7.771117888734140333e-01
1.518598412976729817e+00,8.148981850175676112e-01,-1.280824894828392457e+00,1.440378178883462645e+00,1.552677206668776622e-01
1.891078185708751525e+00,-3.295579164708833941e-01,-1.091435013880476923e+00,1.612201692608557835e+00,1.197642587537572023e+00
6.684606648375197580e-01,8.861968357135264762e-01,-1.404599215126585587e+00,2.568845333679229626e+00,-6.607166762111038594e-03
-6.750533167172987348e-01,-4.626685674515293445e-02,-1.633864188283410845e+00,1.702267986011777090e+00,1.797624626020869698e+00
-2.001486760180507751e+00,1.088996239898127882e+00,-2.542049612646644974e+00,3.306289741138098037e+00,1.939148119847398100e-01
-6.321040856053961043e-02,3.099507163652608088e-02,-1.219607201883531111e+00,-1.223344238181284016e+00,2.751858323277800888e+00
8.688319250593246057e-01,-2.251110182538806903e-01,-9.746865781829205932e-01,9.872754661961418154e-01,5.540068621477528543e-01
1.150113822753111581e+00,-2.783828397894205220e-01,8.108872235709490006e-01,-2.051257521204781220e+00,2.885675927805465335e+00
-1.075543697072893767e+00,1.169371346859266581e+00,-1.660439713759654490e+00,1.356880927368539158e+00,-4.797756778339801187e-02
1.666482678285183372e+00,-2.187828193567164625e+00,5.309966572084098280e-01,1.074352308895785368e+00,1.720237291608273100e+00
2.377927039948989574e+00,2.343003729225705267e-01,1.479016919646936490e+00,1.467180340276698747e+00,-3.737359327490333283e-01
1.375641873334451537e+00,-1.198021346636166662e+00,-5.264476264898764191e-01,1.033029908803756447e-01,1.136559470385210213e+00
7.186207223929587107e-01,3.281577715853801203e-01,-1.701713534126051641e+00,-4.056671850134080382e-01,1.391590115731300648e+00
4.250346176612103122e-01,2.664657977987701654e-01,-3.768857469511114999e+00,-1.919188195252097273e-01,9.286000129877522991e-01
2.214511959375049965e+00,-7.166506255108660017e-01,7.193941120298600334e-01,-1.696188367126869601e+00,9.655438851897151231e-01
5.434723909519457719e-01,-2.590037088956622657e-01,-8.389057788266061078e-01,4.147965033467568841e-01,1.163031260494171271e+00
-2.245765411772063791e-01,9.061868099018691725e-01,-1.253889870969535636e+00,2.660125735583642737e-01,1.751654702821623388e-01
1.445046357439883633e-01,1.621890821179785336e+00,-5.147761946692617219e-01,-2.277361825767977521e+00,7.990749513893629086e-01
-2.162273048566061284e+00,6.692127918597612357e-01,-2.770365556517249583e+00,4.317297000903704829e-01,1.238414319985730039e+00
-8.225471232127394838e-01,-2.645042407101600435e-01,3.000705815699097889e-01,-7.924553982366050464e-02,2.708900727658729579e-01
2.667947750441672650e+00,-9.545188988177563116e-01,-3.420486779999397875e+00,1.249139200178622344e+00,1.636573920321350073e+00
1.243692659589166638e+00,7.950939305156834447e-01,-4.459192165978665967e-01,2.363304287301414064e+00,1.571590886467577830e+00
3.780581109133723805e-01,4.000419987488589846e-01,-1.975146486916319111e+00,2.456057558247779493e+00,1.217414413076612911e+00
2.070645664592455637e-01,-5.684291199895884217e-02,-1.585180467659780712e+00,1.947045378076706079e+00,7.341231120491504836e-01
2.102467737537796921e+00,5.838545316008962871e-01,1.576068811038819906e+00,-3.215232618948696164e+00,-3.300127193627329092e-01
1.825874500247590015e+00,-8.709866459463798671e-01,-1.987903121082890578e+00,7.009053636485358396e-01,1.930517795226148525e+00
2.037214697505867367e+00,1.386026544326397492e+00,-2.552753821328299200e+00,-6.381078772571737723e-01,2.827953288237395668e+00
-3.132837999499465953e-01,-8.134020278646555968e-02,1.217272617551037883e-01,-2.175373971657659222e-01,2.451607229313977898e-01
1.477990487198563851e+00,6.673302827976993479e-01,-2.585405858228309040e-01,5.327994650814040778e-01,1.201515053621301066e+00
2.267839382980215479e+00,-1.547835727784377502e+00,1.780860154980859367e+00,-3.053540223702278400e+00,1.043955148924753829e+00
-1.987006444685574635e+00,1.212560068881927355e+00,-2.698211175264332073e+00,-1.301315778706880755e-01,5.094613209840554990e-01
1.237260020690518658e+00,-6.785274285321178933e-01,-2.550909950744982169e+00,3.954772649329855838e+00,1.693008035542352019e+00
3.120801578901520656e+00,-3.166952137965268754e+00,5.052435122290007685e-01,-2.056718719469105228e+00,1.429508861106691953e-01
-2.179957424191095505e+00,-4.655460810830643892e-01,-8.900181879312407673e-03,-5.377572735086800781e-01,-1.979411719266651826e+00
-2.727837591071202716e-01,1.128928369412813687e-01,3.483112063962571892e+00,-1.579024345403962082e-01,-8.919313483363208173e-01
-3.713653862363932578e-01,-1.144146969369419786e-01,-2.220889496229662363e+00,9.793477680031552612e-01,6.995275493861405902e-01
2.641423769899756024e+00,-1.282519456895105714e+00,-4.763740629248403025e-01,3.252913755543781260e+00,1.247946073125027588e+00
1.726981025298748307e-01,-4.556138961916463698e-02,5.666246293484820118e-01,-1.248203653009363201e-01,2.571717559895380312e+00
-6.766967715211502643e-01,-3.983855444139447477e-02,-2.891799862644673702e+00,2.500560306985121883e+00,1.268870651222083978e+00
5.281460521708766898e+00,-8.948147183762517054e-01,-9.467728652680448276e-01,1.458011470214724659e+00,1.635133827428421061e+00
1.478980728825629587e+00,-6.384790293831310581e-01,-2.582889024417069468e+00,-1.332396001141745057e+00,1.460172187670952582e+00
3.389232056921533953e+00,-8.371893434387887023e-01,-2.998081065521662758e+00,-1.774534819843151645e+00,2.515822508471235786e+00
3.377396935183467175e+00,-9.440712509860934576e-01,-2.218104739470471820e+00,6.058342441045660998e-02,1.781767782843103110e+00
-2.513931595584669720e-01,3.687740280038125373e-01,-7.145227998864428498e-01,1.981590466920695848e+00,3.630512417577058115e-01
-7.127534931363529447e-01,1.111802926947722092e+00,-2.359524887581451846e+00,2.677653388695456549e+00,1.093044067805972741e+00
-2.711576403812208991e+00,7.992848174613443879e-01,-2.830799867659397506e+00,1.880321783602909358e+00,1.166283051933481030e+00
9.444483823375862119e-01,1.217544834053915892e+00,1.090282132080916178e+00,-4.610793624594227702e-01,1.327565052003466750e+00
-1.794953436096240917e+00,2.023179502897899162e+00,8.628089239134821842e-01,1.676178632213587427e-02,-1.455018293449362066e+00
-1.474008224449370630e+00,-1.897888409505345875e+00,1.536973586627972566e+00,1.151428276349655277e+00,-2.534949196311319097e-01
-1.537683559764257968e-01,2.608009755610839892e-02,-1.191705041981488300e+00,4.952924348948690714e-01,2.793308625820702051e+00
1.144791844465889330e+00,-1.945925913975426136e+00,1.379427613452301582e+00,-4.675780445705472133e+00,-1.278578104329479714e-01
2.193051804396399795e-01,-3.915381387145004388e-01,-1.994456101095646083e+00,5.670832483738628138e-01,2.648434334793154932e+00
-1.513367814028683700e+00,3.393879062736157026e-01,-6.848325747036299038e-01,3.594047068429968128e+00,1.133712687298819022e-01
-6.078406721822997572e-01,-1.932666871251087715e+00,-3.403982076607917628e-01,8.376227326922461858e-01,3.077169212916868180e-01
-2.025321200698530610e+00,1.504191708911990721e+00,1.423345949698122004e+00,1.974736767741988697e+00,-1.721541640147031815e+00
-3.166135117852871828e-01,-1.474877163927040824e-01,2.298128242180801806e+00,-3.582444285209808177e-01,-3.693314904696346490e-01
1.624238404695905746e+00,7.239496266048103257e-01,-7.814672622113703060e-01,8.129094956964287855e-01,7.658587934640738171e-01
-1.047990417479120140e+00,3.706649342645435552e-01,-3.374287237140374263e-01,1.959379987990933492e+00,7.761875084312692685e-01
9.029101261672618506e-01,3.956742089648717653e-01,-1.334533010374016282e+00,2.221117228280840905e+00,1.000411942710924373e+00
-2.204224442384996596e-01,4.421806674974735896e-01,-9.367522784093698096e-01,3.687318534867743969e-01,1.279163508378714287e+00
7.962620491919060184e-01,2.849135736686938092e+00,3.376096681191983473e-01,8.650020454862817898e-01,1.313989874164633420e+00
4.224897792088082582e-01,-4.642789294277758771e-01,2.927592144835378107e-02,2.351167054192708328e+00,-7.371168222068998910e-01
-2.820525025974284228e-01,5.774403478411389568e-01,-3.009645925450846748e-01,1.191003070102131911e+00,1.963229617860097642e+00
1.812247187863935460e+00,-1.138640029861386793e+00,-5.352386830027255904e-01,-2.100641355494533291e-01,1.037598000177723856e+00
1.217228911284722104e+00,-6.666863101749535003e-01,-1.961521543600089013e+00,-4.137546734495042844e-02,2.332791409157010332e+00
5.800624084264971447e-01,-2.202263680102984830e-02,-1.365755767198090220e-01,7.246780873182361304e-01,2.771277126556089820e-01
-2.510952911717467373e+00,-4.589958491836924059e-01,1.222980790573212406e+00,-2.038413430351134981e+00,-1.775086346874189980e+00
1.021661174247595616e-01,1.576144342750018246e-01,5.102325112089897141e-01,-3.548926607531809330e-01,-3.193957257272161954e-02
4.028132457935814870e+00,6.406094220956441987e-01,1.198855401742045412e+00,-1.722021016783297664e+00,-6.561441653485144965e-01
8.322576131406690392e-01,9.840584520163692117e-01,-1.803093379770696281e+00,1.454698410487477389e+00,-2.032670344389431172e-02
-1.969581626786684581e+00,2.141766480776255144e-01,-2.006362338617710073e+00,-7.913857841161879847e-01,1.325676494806207639e+00
5.866812588153029751e-01,-6.457990783494799159e-01,-1.386088487056702956e+00,4.410280841232944726e-01,2.200797049232712688e+00
5.300322478399330794e-01,6.504703875741207897e-01,1.573379684118902055e+00,-2.296647121419151727e+00,-5.634434850694749475e-01
-1.413236519468182184e+00,4.900456554811177257e-01,-3.776394223656956761e+00,-1.458593096047255955e-02,9.377176591399236649e-01
2.426850623443750798e+00,-1.334651227356259406e-01,-1.017797899896652147e+00,1.411541140818143303e-01,2.632412484204059488e+00
-3.794712872514868218e-01,1.298788382146981446e+00,4.700471332220779175e-02,1.499638312829959519e+00,-1.164869980653546744e+00
3.689908547446708598e-01,-1.870542003813145282e+00,1.663816771807857142e+00,-1.796195644656051194e-02,1.912791840319606473e-01
-9.360488024279299824e-01,7.940819842933302120e-01,-1.648172928292722883e+00,-1.431723787938116166e+00,3.214946526385953351e-02
-2.073946852316229661e-01,3.232296388971070966e-01,-5.859095605356792191e-01,-8.657299407632484955e-01,1.487307346215691606e+00
-1.495449515321538581e-01,-6.678695496754336602e-01,1.810523956018544656e+00,-2.016819728863620043e+00,4.572888124703730073e-01
-1.086302654456169137e+00,-2.128419595222852401e+00,9.312860556064410655e-01,-1.225924563524287692e+00,-3.042824263514660732e-01
-6.609314244330799504e-02,-1.298441426219690553e-01,6.074424662830474331e-02,-1.166161984990214506e+00,3.006283109634551032e-01
2.061398878355378272e+00,6.254499551077891129e-02,-2.619069191898772075e+00,4.043418861146010901e-01,8.971159544072496717e-01
1.056860804776854623e+00,8.285895586889368003e-01,-2.471219266112620883e+00,7.125236723380499182e-01,5.772418317115607378e-01
-3.468845537194128470e-01,6.268954544339087054e-01,-1.857639128564545938e+00,2.768120506163411765e+00,-5.510684943703614280e-02
-8.833967212600398744e-01,3.933651296838990841e-01,-2.167486077517432275e+00,1.499795479361959893e+00,1.202022514695302302e+00
4.850666754613968124e-01,-9.147517702996671440e-01,-2.236778736501758402e+00,3.532374656169555927e+00,1.562369796295213442e+00
-1.537640492781590318e+00,-4.509005892188623354e-01,9.707042610559980522e-01,-3.436833541652806190e-01,-7.918515208568097652e-01
-2.410520443778623623e+00,1.329699550288461873e+00,-1.096305156763332400e+00,2.238161079529616071e+00,3.671196023026004895e-01
-2.732283914760667565e-01,-1.009958696223628993e-01,-3.184979561395242076e+00,1.040713641858193261e+00,1.150507372214390811e+00
1.347140735479345208e-01,3.638359408011678231e-01,-2.422600955634540920e+00,1.891579764834118826e+00,6.024756433269751188e-01
-9.917848462624989647e-02,7.268734296586462085e-01,-1.826506806938865912e+00,2.233736541736734527e+00,6.789422332675238980e-01
-9.232179186567830431e-01,-3.178233867907272192e-02,-2.556331576093087143e+00,2.179351166354210001e+00,1.420486899221984789e+00
1.777734298887633457e+00,-5.796168034792847923e-01,-1.275735153306720715e-01,1.159330878127326825e+00,1.177989245811087438e+00
-7.047028896586975399e-01,3.758180461606794864e-01,-2.657462333103026708e+00,5.585347564321317959e-01,1.128809717790107747e+00
1.168273557120544703e+00,6.900898443822195416e-02,-3.136462842049567712e+00,2.818205838024131715e+00,1.906261915330998535e+00
7.535991682438785144e-01,9.444975517205415061e-01,-1.255580200671464253e+00,1.499228775144194170e+00,1.737163940652602268e+00
2.512871471953409541e-01,-1.886503836588458327e+00,8.693513912201956684e-01,8.023663517112100685e-01,6.790173268177197574e-01
-1.468750869360878619e-01,-8.659489140264197138e-01,9.498340713815129899e-01,5.583742296357072643e-01,-5.988373778078214249e-01
2.139033064327743539e+00,-1.884043778713762940e+00,6.569772782698932723e-01,-1.557228126142438107e+00,1.328273390378938545e+00
2.592183244657439989e-01,-3.486035784753208078e-01,7.868003855571451544e-01,-2.371647079894950494e+00,3.644802194385669547e-01
2.864827500429167895e+00,1.463413364822184759e+00,-2.548324016798298342e+00,4.150223769275556696e-01,3.264771223675878353e+00
-4.548948922784389337e-01,1.014546268784292549e+00,-2.651277455914395453e+00,-1.748305851947260514e-01,1.238445590762593973e+00
1.134218428639301779e+00,1.934098824512553161e-01,-1.009914814590029186e+00,-1.979270376487478889e-01,-3.961253302351464001e-01
-5.030377946978470405e-03,-3.246573117468738445e-01,9.113054449542070667e-01,7.344005255525898335e-02,5.743514149573081262e-02
9.970643884227425868e-01,-1.398942188963670508e-01,-1.754112389713177178e+00,4.430374771604786988e-01,1.810967431398394556e+00
-3.278313337614264800e-01,-1.625893282354931468e+00,3.573495260213974123e-01,6.917258070622012145e-01,-1.023948106190675222e-01
1.679159454684699515e+00,-2.559604775341378091e-01,-2.270270499759703964e-01,-1.739734079149371837e+00,3.723552839944848092e-01
2.527833742407618267e+00,1.059155648851055176e+00,-9.385150832095292550e-01,2.310268760828601220e+00,2.839974979251710607e+00
8.176548380282775419e-01,-2.354616707391470609e-01,-1.667474314409692848e+00,3.045125838130400275e-01,3.709106647552600666e+00
1.449670174012194224e-01,7.705583785291831855e-01,1.347027638159513874e+00,-7.453871166297694195e-01,2.709240657558992016e+00
1.742821413425001298e+00,-2.465097117400910420e+00,2.048814979883704535e+00,-1.524326747377965141e+00,-1.289359429281790037e+00
6.124513488270502126e-01,-3.071741957059321848e-01,-1.998107854293695862e+00,-1.171181206240866857e+00,1.218454701874822854e+00
-1.318894454968078556e+00,7.369881144081828761e-02,-3.654136775310563579e-01,2.808617037122218552e-01,9.979762820670929901e-01
4.291140378551139278e-02,-1.072435301261058571e+00,2.944275893105722908e+00,-1.624035043055949146e+00,5.907905897169328790e-01
1.060540101954269288e+00,4.491944380486773136e-01,-1.088228748447815031e+00,1.548317093480876983e+00,1.701444450314655299e+00
-1.235796328351907780e+00,-2.225344447614046040e+00,-8.975179676644643445e-01,-6.417034090949738090e-01,9.657508621620003453e-02
8.439688256725126347e-01,4.195674987183193316e-01,2.358431822920703524e+00,2.111593574769196069e-01,-5.106034622067032736e-01
2.042448273670810721e+00,-1.575123767695140398e+00,1.264258427033539300e+00,-1.894214859265115347e+00,1.159661225963591891e+00
-1.364694828641342284e+00,8.203185091840333731e-01,-3.017552842417125181e+00,-1.931879741851479038e+00,1.033025505767421137e+00
1.025272885049369753e+00,1.397415459050636577e-01,-2.291930575163396266e+00,3.028548199455705525e+00,1.754747927552235520e+00
-5.764954323269408931e-01,1.898265575939702687e+00,-1.381241015102594449e+00,1.465283839863241955e+00,-3.256031158070693543e-02
-4.698094005384578775e-02,1.205869621240070466e-01,1.135155659626061464e-01,7.129131833169591870e-01,1.104559149929003059e-01
9.600578892266731224e-02,2.150954654044686665e-01,-8.471312160475354958e-01,2.302809598088090937e+00,9.893818072571387567e-01
-1.112195914787333262e+00,1.100813272490695605e+00,-2.940186110528625107e+00,4.759262383296253063e+00,1.500886020786240671e-02
-3.426428819633530187e-01,-7.290789869575547977e-02,-1.285404758144572668e-01,-1.748859936600783538e+00,-1.838032319213983579e-01
9.314862342702792120e-01,1.224469930178637145e-01,-1.216579560165714335e+00,9.540578266749893954e-01,2.003653579344075286e+00
-7.051693009791496491e-01,-9.893952877929809708e-03,1.320725858253088747e+00,-2.388338096135494304e+00,2.634952657037139545e-01
2.360542842569945954e-01,7.637074594767108149e-01,5.166092259052005309e-01,-4.625072401836070046e-01,2.031387491518995336e+00
-2.191000171134191987e-01,-1.573787485735856473e+00,6.217736249734832077e-01,4.027487386141099801e-01,-1.964464849393604551e-01
1.131980861886927592e+00,-6.850079247151903417e-01,2.277752281965031322e+00,-3.290078831321424091e-01,-2.688371932830113664e-02
-8.373133997763674286e-01,-1.050037924097321884e+00,1.560030847161469225e+00,-1.930510293452377013e+00,7.697776005921130871e-02
1.658547689117764179e+00,-1.631184871762332955e+00,1.144437205792188106e+00,8.952607068166198445e-01,8.981097879329750233e-01
1.915921140805081802e+00,-2.332224541713063537e-01,1.901639792592966449e+00,3.145856753142251550e-01,-7.568162961632314278e-01
1.859739799659405168e+00,-8.420934520664423717e-01,-2.755626507410383397e+00,-1.336197202280251517e-01,2.589112384164809377e+00
8.543600545732240592e-01,-1.091772294415418731e-01,1.755926472536109006e+00,-7.851750973195176231e-01,1.478062046242830663e-01
5.903151278523188772e-02,-5.436941387405923587e-01,-1.649429607582211244e+00,1.604464023743641388e+00,1.530729576765583300e+00
5.292641060047598156e-01,-1.374016317365759354e+00,1.785903377076264231e+00,-1.760781089886967798e+00,-9.616803977125054637e-02
8.300487431271024175e-01,2.224416801847297898e-01,1.246941177928328592e+00,-5.090186199403059497e-01,2.202048269390904256e+00
2.744115469156078291e+00,-1.282256981005678753e+00,1.617621478897335763e+00,-3.436837375612283196e+00,8.361786465572313976e-01
-1.802455230026625888e+00,1.641687808163574847e+00,-2.215197092800216261e+00,-1.835047518070498596e+00,-8.769151588348857995e-01
1.335147102517785456e+00,-5.593308398234343448e-01,5.452367059039342490e-01,8.698613466748273959e-01,7.551549118454748966e-01
3.364821714214395687e+00,-1.080331546954975908e+00,-4.035779258007377024e-02,2.484804440194440467e+00,1.922796072811287171e+00
-1.380895953053392633e-01,-7.034038177007141401e-01,2.065531501130511316e+00,3.969102487685839398e-01,3.175781400800525844e-02
-4.400410219758416064e-01,8.496206857189385342e-02,1.215471320822085755e+00,-2.359080430821276941e+00,2.648934930637973917e-01
7.032107380825425302e-01,4.548261753671840601e-01,-1.470051516407687053e+00,1.025628137012734920e+00,-1.872188664644398592e-01
1.208853623897643281e-01,-1.339960300483437949e+00,2.090832952435295766e+00,-2.931486305250507574e+00,2.215664748021536345e-01
-2.209693323885918659e+00,8.833717295924308210e-01,-1.043087038365272168e+00,1.652462240217172029e+00,1.170566641877067493e+00
2.434764687880081879e-01,-5.558954069279281596e-01,1.488503355244609638e+00,1.258205725655135776e+00,-3.061349041712687624e-01
-1.419659184638809579e+00,1.085086348889068075e+00,-1.224577421673052280e+00,3.096427720055437760e+00,1.089045071768801609e+00
3.428246896788862408e-01,-1.979323631192132948e+00,-1.828136119652995051e+00,3.048747866183539657e+00,2.507338866015635492e+00
-1.155354768660859621e+00,-2.432398719866012693e-01,1.126613743213446206e+00,-8.420907185845545317e-01,-1.420151953045919457e+00
-4.632250129554980056e-01,7.673408346320974571e-01,-1.285491904039602895e+00,3.373509800133500658e-01,1.059532050865918951e+00
-7.799999729330890919e-01,5.884492915110509648e-01,-2.576491003378335698e+00,3.135189332439022536e+00,6.434980630493345455e-01
-3.545083577548810427e-02,1.592261357052170145e-01,-4.263655493811895347e-01,-2.480973562239345398e+00,1.908837055025289775e+00
2.087019581004818658e+00,-7.242250191782078073e-01,-2.187297179206275199e+00,1.414367445607853213e+00,1.793249918494507433e+00
-2.164569246737697128e+00,-1.464127140445926845e+00,-5.531186484837178341e-01,3.402681139189523751e+00,-7.099605959024098967e-01
1.612508688835628812e-01,-9.313041395916287213e-01,1.766639010708423996e-01,-2.891295074101146056e+00,3.218230639955297345e-01
1.856304374435946425e-01,-7.532087918934837756e-01,2.426195154101925322e+00,-2.018178516476982320e+00,-8.477585036243606709e-02
-1.209508133930498497e+00,-1.493107230108162709e-01,-4.066608342047283164e-01,3.125444790253835148e+00,-1.493864014365257287e+00
-1.244734085971492821e+00,5.695988712442461299e-01,-1.316438208763784923e+00,1.448108954075859600e+00,1.654880539654195459e+00
-3.365728651703688845e-01,-1.494031472138385719e-01,-7.824761653034124631e-01,-1.007411251897171595e-01,1.079823833898620578e+00
1.675134241797663348e-01,1.455820448523353683e+00,6.318695034987332759e-01,8.272775935432052918e-01,1.226686197371429587e+00
-8.647702509183847752e-01,4.314769352222513343e-01,-1.334128027261299310e-01,-1.587503041776263668e+00,-1.615161504620717947e-01
1.501770706353241724e+00,2.553155263750252146e+00,2.417130021513341553e+00,-2.926749355174327327e+00,1.185618684361994468e+00
-1.153608103473496849e-01,3.171598649388749358e-01,1.658216926774316091e+00,2.241252488253292263e+00,-8.802898890743051652e-01
7.276939581078045727e-01,1.281925413110681644e+00,-1.074034469444046236e+00,6.993000801598915350e-01,-8.200940876821940506e-01
1.352869291303980592e+00,2.519012539235600534e-01,-8.127016940903226683e-01,-1.518768164312514823e+00,2.065928328217948806e+00
-6.730914785803201461e-01,4.850498817779166361e-01,9.594708036244892213e-02,3.059836926232173404e+00,9.442250976998081136e-01
1.938934830842924395e-01,6.195182926072732021e-01,-3.099825716377897500e+00,2.262021300697281134e+00,1.500636930033100835e+00
-5.038485227950967316e-01,1.294708058549328911e+00,-2.129146859982976037e-01,-1.385036842493454268e+00,-6.761796960849129068e-01
6.738142368976020036e-01,-4.784957552022318233e-02,-2.809138032400738449e+00,1.904335977920415202e+00,1.693288931672344511e+00
8.265316722812319217e-01,-6.118907874412766734e-01,-7.935864949207505070e-02,2.923689801032916868e+00,-3.598425556861900576e-01
2.234067166154047879e+00,-8.200792660014750712e-01,-2.238934293014252397e+00,-6.797630838355468441e-01,1.887321813529689196e+00
6.812931324712319103e-01,-9.321392295965442998e-02,3.767970255777184363e-01,-1.153358024039647045e+00,-1.074675625368173515e+00
3.617510406302262282e-01,-6.795640736198457765e-02,-1.416266697670942376e+00,1.522059839935745451e+00,1.986051358408208900e+00
-3.389649014647476699e-01,8.316836186205373016e-01,-2.673210424555102271e+00,3.651459234912753260e+00,1.428556654230672684e-01
-2.049830440433770384e+00,1.414390744841631520e+00,-3.018114401943292613e-01,-2.253991152947248722e+00,-1.029083331060142381e+00
-7.574700550585118375e-01,-1.343792434479433862e+00,-3.568688817656646695e-01,-2.627120673717258104e-01,-5.631247307619196008e-01
-7.036313132210136878e-02,-4.086038211281905475e-01,-3.541765824213462199e+00,-2.774223893120950635e-01,1.417349453470793552e+00
-1.340336288753540162e+00,9.407430291638148034e-01,-3.331507128923130168e+00,4.621845944770574532e-01,8.032456313055114094e-01
2.103330191707330155e+00,7.805843429466440275e-01,-5.373616133506557979e-01,-3.111833459899374432e+00,-3.552761764053875559e-01
1.351688565886025595e-01,-2.554737436151888891e-02,9.833500148485119219e-01,-3.252878848862076483e-02,2.733857450488409446e-01
-9.643965600360998591e-01,6.613289884542492558e-01,-1.680819508554512565e+00,1.633445071579676000e+00,1.253877480115583198e+00
9.204845375672326968e-02,4.333470217792884105e-02,-3.106285946640820139e+00,6.758209863596011946e-01,1.276538921163932194e+00
-1.035093873938646603e+00,1.248246872881171754e+00,-1.033752412115593877e-01,8.811333851504776771e-01,9.669147457344202667e-01
4.860237869906944841e-01,1.302768346069606453e+00,-9.177048684405417767e-01,1.969615405366943683e+00,1.721061876090750120e+00
3.980514546641000795e-01,4.929866766255722480e-04,-1.450235243476147406e+00,9.833856967508325386e-01,8.892288486327684094e-01
-5.900713528833194665e-01,6.291359868858290572e-01,-1.253104455765883696e+00,1.004371489052098276e+00,-5.271119962812287341e-02
1.290666608975173268e+00,-1.489854508313926296e+00,5.205436679530537347e-01,5.873495167299764841e-01,6.297033542580980914e-01
1.808496417553269175e+00,-1.553897967706126648e+00,1.187688088138373343e-01,-1.370856321125190291e+00,1.718522810145163060e+00
4.585622180897964140e-01,-8.878509364197987308e-01,4.679082547998062447e-01,-1.476426652115434557e-01,5.155022933721207234e-01
-1.162364305704449041e+00,-1.062759767662367461e+00,2.499150477445867935e+00,-1.557101672926406444e-01,3.444620738722232733e-01
-1.926304211518153231e+00,2.705800233676528554e-01,-1.156895181346055512e+00,7.307132021327600313e-03,1.541626749549318109e+00
-4.831269286684809483e-01,-2.239930243171916469e-01,-3.627325319754513444e+00,2.133587176430096211e+00,1.721114891849460538e+00
2.833285467202150132e-01,-1.190955750903144761e+00,2.354111889581977035e+00,-1.983011241513380263e+00,7.709010694417028908e-01
8.064609529457041903e-01,-1.307311217694811512e-01,1.303331436154319789e+00,-9.549188943080043623e-01,-9.570098732003927688e-01
1.647305628611259065e+00,-2.433000683876469505e+00,1.967237762806792523e+00,-1.930275862986911450e+00,-2.030940325013180781e-01
1.916994715159761609e-01,-2.980995875101750681e-01,3.547570534731002478e+00,-5.882559175287251918e-01,-3.781113242794867380e-01
1.004434514602986273e+00,-6.168849990969125230e-01,1.100387486227016209e+00,-3.289958159213456135e+00,-7.889970866986351083e-02
1.611106861992708250e+00,4.368258723059084137e-01,-1.141127766001289068e+00,2.942121863186742736e+00,2.062864749194386338e+00
1.858943859445979951e+00,1.952643300695273920e+00,-6.643530931719771049e-01,5.757266679887416139e-01,2.289511747216526061e+00
-9.998321241059665576e-01,8.348529663599870698e-01,-3.218179656245209852e+00,5.768162680143378296e-01,4.192307117504234237e-01
1.253013081619183677e-01,-7.063614358629728696e-02,-2.389175561178316975e+00,1.078646608028981380e+00,7.795973040154020595e-01
-2.436309774024512542e+00,4.190722537956498295e-01,-1.462930512774392344e+00,2.868152598472023751e+00,8.844268942472299777e-01
2.065203141725403313e+00,-1.113630240923551895e+00,-4.441798458944067884e-01,-1.320707567409461047e+00,1.220954195713674695e+00
1.693531115574651968e+00,1.679261007272411677e+00,-8.139935579206802885e-01,1.796813835091166434e+00,1.232411467642970049e+00
-1.513395378471203534e+00,-1.800749511159986660e-01,1.792091139688187562e+00,3.541878430213865059e+00,-4.104270160698120229e-01
-8.771768795110908012e-01,6.444630099174598614e-01,-1.656962655639337978e+00,4.717459474095390126e-01,1.341976784386226029e+00
2.126485028208252359e+00,-1.084887138640145299e+00,5.607491561139039682e-01,-2.708081670037983946e-01,1.187555744836581439e+00
3.770921236624237838e-01,-7.181854908938345439e-01,1.642146961918928838e-01,-9.570816590405746282e-01,-1.422993187056853515e-02
-2.155021680968326692e+00,1.030934753141433680e+00,-5.267611469823111348e-01,8.012503482640268571e-01,2.125080835955947656e+00
-1.054785248767545758e+00,7.731404399540593719e-02,-1.189387210004344553e+00,-1.158736388758532687e+00,1.406271807529333895e+00
2.625502036901715464e+00,1.068369177588148533e+00,-1.775975738827032302e+00,1.256534506223122794e+00,2.514623259785125686e+00
-7.306506129855108167e-01,1.429928584265365288e-01,1.587768492022172184e+00,-1.047858533930611458e+00,2.569215867593648284e+00
8.952969524372924592e-01,1.971354416499929485e+00,-1.777347240744645784e+00,8.694552464184770457e-01,3.614267113242518592e-01
-9.924181977657136056e-01,1.754780529457798277e+00,-2.319837824445362795e+00,1.391362971379132674e+00,3.305097611699339133e-01
1.602311732026286517e+00,-7.918280027303769009e-01,2.987871295379282977e-01,-8.178368052778592356e-02,8.650242200503253098e-01
-1.016483321914507298e+00,1.452742683082984154e+00,-2.610331772789940441e+00,9.956737872654475296e-02,-2.391538857189755563e-01
8.227970221771105930e-01,5.887936984648404204e-01,-1.019263570897282478e-01,-1.515466918502026639e+00,-3.311043962772508564e-02
1.489321718437731423e+00,1.357257315464913683e-01,-7.393354487355532356e-01,-8.014156270619403610e-01,5.368413464508391408e-01
9.033887019788857664e-01,-2.489585454287036370e+00,1.412129479061754234e+00,-1.729720280173550062e+00,1.983588560757626906e+00
5.474762188377463312e-01,-1.468254778869551469e+00,1.536160136822444233e+00,-2.550449160770527079e-01,7.247853446342258366e-01
-1.005654255174356138e+00,6.399877369390775117e-01,-2.205021640189716692e+00,-7.360800583984987711e-01,1.165958631183655836e+00
1.399394342860627027e-02,-3.819054818617276248e-02,-9.470383861885962595e-01,-1.268223623413098800e+00,3.226276242195595945e-01
8.507531937474729355e-01,1.272055263139081072e-01,-2.149134127384249027e+00,1.031203258691621993e+00,9.836354608227866336e-01
-7.960117930973646949e-01,-2.010222103170612729e-01,1.278506740754581372e+00,-1.838815538917678349e+00,1.592131223736014123e-01
2.294338346435964127e+00,2.562034856261347082e-01,-4.399213448565053586e-02,2.456521990041100167e+00,-5.578203100361933675e-02
-3.705489026079265003e-01,-1.907537790384933540e+00,-5.389641714506756554e-01,2.629637861886700456e+00,-2.604595904277808849e-01
2.539201075362349513e+00,-7.606476232670504878e-01,2.708322445936285128e+00,-8.261850295172926684e-01,2.283333214060315752e-01
7.075844088408695942e-01,1.012773778488622600e+00,1.208946268772371102e+00,-3.616548356526292363e-01,-7.985761044536661135e-01
-3.119388021224254182e-01,5.330297341150000978e-01,1.393020185145921186e-01,-1.018754733704842486e-01,1.278252049122234668e+00
2.229578454357997508e+00,1.636506068662818558e+00,-1.291507168606314537e-01,6.620212282838029427e-01,1.744481568404953054e+00
6.327036269475651009e-01,5.358977155479409671e-01,-1.705983202624814510e+00,1.498341633544878704e+00,9.603881632505584243e-01
-1.734293227473096888e+00,2.072883344680140905e+00,-1.123661339097848710e+00,5.166473342057884555e-01,8.095692674230994257e-01
3.587557532563227625e+00,-5.905286191835361631e-01,-1.960362775866522522e+00,-1.377400875266725944e+00,1.631757500214138901e+00
-1.249907733139233201e+00,3.951603079153345188e-01,-7.231483333772249500e-01,1.560752051859700451e+00,3.228396353052543355e-01
-1.454437761224643966e+00,4.492283330738748859e-01,-1.993310778370976255e+00,2.692672340957348975e+00,1.417176932597795869e+00
1.581489799460537249e+00,-3.215211952788876171e-01,-7.086738540927812746e-01,-7.888651891617129985e-01,2.027581331378881302e+00
4.130062701157659610e+00,-1.618267430655511596e+00,-2.178779940847475949e+00,2.438650197426400545e+00,1.647820142143292976e+00
1.097876076321737449e+00,-2.350630367884470662e+00,1.182260132415922982e+00,3.086544170916563079e+00,1.110199545163128132e+00
1.540031714495988524e+00,-1.916618591523261417e-01,2.727178967432773327e+00,-2.561204506987957430e-02,6.736529658759596306e-02
-4.674643939734011155e-01,1.997939906454781200e-01,3.274945890890661460e-01,-1.052270827521905927e+00,1.972864676438034870e+00
-3.914445189007813575e-01,-4.056150049996862794e-01,-3.277422930563633763e+00,2.318112371071141542e-01,2.205884249265789521e+00
9.596006992708104866e-01,7.622370022377931154e-01,-4.909210614363235248e-01,1.571455646431383135e+00,-7.555697109947472345e-01
-1.914360323061065738e+00,1.339354753863745362e+00,-1.938654408629658210e+00,5.651062681723870718e-01,1.916074290217251175e-01
5.506992616629720061e-01,3.770031577274305934e-01,3.733899218396600883e+00,-2.016762557788663646e+00,-2.098086102978650169e-01
7.916863688413865452e-01,1.295965961305874714e+00,-2.301198174776182270e-01,8.920696617514254356e-01,-9.101214498394760710e-02
2.753982662235422429e-01,-2.599795997901223621e-01,-2.146282408175507417e+00,2.304166754506957737e+00,9.136323384283588922e-01
-1.078594168069194392e+00,6.876290239864276677e-01,-2.076602438967732223e+00,6.918014114638417755e-01,1.288000976116634888e+00
-6.104997687969088149e-02,1.412622345439780158e+00,1.112775500356762759e+00,-2.372833300030060821e-01,1.152178668139773876e+00
1.843432776057756683e+00,-8.675499478968956568e-01,-3.444421161468094184e-01,-1.546226104384960554e+00,1.325607693201977133e+00
-1.977670494877271201e+00,5.546688720666830275e-01,-7.708811042231742405e-01,-4.900088931976718243e-01,1.195518791959012672e+00
2.216393897081843534e+00,-1.114643979676058994e+00,-3.063393895831034719e-02,6.071228513771973478e-01,1.380649007955255358e+00
-1.237543458025103238e-02,5.363752074599096309e-01,2.978313648982584994e+00,-1.618634573833455770e+00,-1.105615118402159425e+00
1.825641168260931368e-01,9.833244746715850138e-01,-2.743841214983391286e+00,3.114048104686318652e+00,1.492802849005361310e-01
-1.323679915049346123e-01,1.534136135319970728e+00,-2.635746885738400103e+00,2.363495498286350305e+00,2.129522591869078552e-01
6.482676492486172393e-01,6.554996444286801394e-01,2.473982662805873645e-02,1.093262638371339079e+00,-4.392557593830545004e-01
2.155213232461589801e+00,-6.418253046243419524e-01,-2.444360452120541982e+00,3.019593861781736166e+00,2.057206767724748531e+00
1.373360502574655806e+00,3.244989668542359595e-01,-4.141820811609111530e-01,4.265449100968590201e-01,2.031802288115908350e+00
1.558903364907155753e+00,-1.745374704899879115e+00,1.062910442262296140e+00,-1.146220696025655572e+00,1.206077846432353606e+00
-8.428477706872472552e-02,-5.473264631590954998e-01,4.057654708772672203e-01,-2.228153124291790022e+00,8.453244974195484041e-01
1.887233206891500981e+00,-5.958013707467775255e-01,6.892181390534215524e-01,-1.945669276493776412e+00,-8.133150857136373091e-02
7.055331339419019798e-01,8.124990844150293823e-01,-3.045653400253320875e+00,-1.442358351657457405e+00,5.301690816291357855e-01
1.411422828539562691e+00,-1.811661065477762900e-01,-2.730817680155823712e+00,2.137308012854389094e+00,1.571731983200302940e+00
1.649744892473000935e+00,3.476423982522916512e-01,5.337419167463831604e-01,1.167694071865262861e-01,-1.429326706385705137e-01
1.801404574738373898e-01,1.134407525135040951e+00,1.637898435632503702e+00,6.020216368785584748e-01,-5.965904114938769265e-01
-1.771046104737267424e+00,1.079701909859598796e+00,-2.634894024810525259e+00,2.470997619587396166e-01,4.056453748548705107e-02
-1.594584367029055816e+00,-2.507529006946950800e-01,-1.019051499486081980e+00,1.388848457998755670e+00,2.970152432476990123e-01
1.399549673828457852e+00,-2.279367271725030619e+00,3.127481236526289399e-01,-6.089502657497599669e-01,-9.256789679908975499e-01
1.984766242762310284e+00,7.394487959681675382e-02,1.673727497843153333e+00,-5.632495657886390505e-01,-7.257685048021564889e-01
9.316652757840375720e-01,-1.454118772152840577e+00,-2.435760860489613933e+00,1.177844420461184871e+00,2.715989808115485182e+00
-4.076473181735612572e-02,-6.543412667286474527e-01,9.187152409564515176e-01,-6.435084920456017876e-01,2.969528383762798374e+00
7.924044245072097148e-01,1.544664531301828680e-01,1.814098285534745392e+00,-2.313210365730572260e+00,-9.118597888620485481e-01
-4.285987220309613877e-01,3.328511548138745613e-01,-3.329282463179219498e+00,1.587165298746015640e+00,1.309817438369868636e+00
-1.721045753587149729e+00,8.125698838947509328e-01,-2.308378375876276145e+00,4.386217284456009224e+00,6.984875337375540116e-01
-3.116723663947991163e-01,-1.446120400799728034e-01,-2.038311599445082223e+00,5.571076779379017907e+00,1.909988555563037815e+00
1.470232795515803215e+00,2.208470028853177780e+00,-1.445775961096604778e+00,9.312453154549018564e-01,1.894820087516016383e+00
-1.439524288136820651e+00,1.603948853307972211e+00,-1.184820441265258317e+00,5.480519296942820695e-01,-2.643649610660963600e-01
2.398498521404007544e+00,8.602891757442326925e-02,5.793934382988614740e-01,5.961184581201300903e-01,8.669952614112619305e-02
3.567988048632896980e+00,1.376148114707189674e+00,-1.752858468590845487e-01,-7.741713799334104529e-02,2.875861816849192287e+00
1.357147446758951048e+00,-3.055638302821828134e-01,-1.879727512367498576e+00,1.207292486182348190e+00,1.202566639338033649e+00
3.070630257283827325e-01,6.577500868633448516e-02,-4.174220218435440444e+00,3.282587994832362188e-01,1.314656462772397560e+00
-1.370546217030554681e+00,1.471731881131995712e+00,-1.020089936921312890e-01,1.807801445883767011e+00,1.146735962042232382e+00
3.798507841053673673e+00,4.685384163208593522e-01,-3.022560435711423854e-01,9.790145585812605189e-01,3.198257978086330944e+00
4.391088862917169600e-02,-1.106597955739287098e+00,1.863638824047445297e+00,-2.824087224432181298e+00,2.183405219590417445e-02
1.540674208164122483e+00,-6.231253192117410800e-01,-1.673678478149295268e+00,5.270925614607119281e-01,1.687821721719140466e+00
2.515437105716957777e-01,9.016547032161510711e-02,-2.115525637600100151e+00,4.525996192217177638e-01,3.200608594189800482e-01
-1.693442016673143202e+00,1.688963700589488359e-01,9.807243382894559325e-02,-2.803050490035248199e-01,4.544870003106225020e-01
1.737176652110862474e+00,-1.586652472817656090e+00,-2.493212548619785807e+00,2.198526525964974443e-01,2.214467657885917262e+00
-6.614561951148417718e-01,-1.696559665205152001e+00,-5.197589920107088535e-01,-9.736113235610293071e-01,-4.622826307638240317e-01
1.642052674963367931e+00,-2.093682157649637277e-01,-9.518022646318283764e-01,-1.122920466527600025e+00,9.194755392393598736e-01
8.950300973349691880e-01,-1.492527859541535329e-01,-1.706709647931444973e+00,-1.057117479512875047e+00,1.138591851699730206e+00
2.545916111199208132e+00,-1.534960658258164079e+00,-2.946159481317871531e-01,2.825895127977258614e+00,2.111014443212244629e+00
8.983092199710860370e-01,-1.623152943516128766e-01,2.548106242009632094e+00,-4.174619806690169632e-01,1.889309332517319362e-01
2.271409096485211609e+00,7.259714781381265691e-01,2.544349589614834928e-01,-1.699219520981099851e+00,2.542883545376358079e+00
-6.117649691574644777e-02,-1.362682163329745066e-01,-1.557092241312211023e+00,-2.778034045761872406e-01,2.592770447862472238e+00
-9.041828495591055503e-01,8.639508806664180085e-01,-3.666671482104821855e-01,1.779859373800128708e+00,1.089074157505076634e-02
-1.456462429793435653e+00,-2.073023879895094179e+00,5.467782226122459566e-01,3.549319265352691710e-01,-2.954744824554084159e-01
6.698202812118566607e-01,-1.327984600699882480e-02,1.387355577182434185e+00,-1.532524557991911118e-01,3.661682706169029355e-01
-2.018145629195629454e+00,1.064123617371101727e+00,-3.067080735115101042e+00,2.004728795775197359e+00,7.026934231103096895e-01
1.544712288035063885e-01,-9.260704574501697761e-02,-1.548885356602824670e+00,1.244590677526180578e-02,2.142772061604160339e+00
-8.488327119750569416e-01,5.610052502276410280e-01,-9.607206437071897920e-01,-5.725398411216000571e-01,7.754400764447419991e-01
-1.003166867904864201e+00,-1.107790407928850751e+00,1.021563295015178285e+00,-8.734028377055518266e-01,-2.029574046313202818e-01
-1.090698165128517916e+00,7.845949880714194746e-01,8.012642372031927307e-01,-2.939074766087859558e+00,1.805991396974762075e+00
1.832172009361921816e+00,-6.689027378158683979e-01,8.977119958880774853e-01,1.994723962964414510e-01,1.345790729873265867e+00
2.136661084088802287e-01,1.496021534007775156e+00,-3.884005748169576222e+00,-1.094916867067636357e+00,1.372518529178621272e-01
-1.214597207663513423e+00,1.929674832514010507e+00,-2.439282955206590664e+00,1.633813596986556815e+00,-4.564789142481797679e-01
6.950965042407057926e-01,1.089406996016488854e-01,7.947065435646916143e-02,1.067745360226699525e-01,-8.546264422740148525e-01
2.081077128333369775e+00,2.219761223881333290e-01,-2.899760411046684583e-01,1.705794355403901008e+00,1.573039949555995465e-01
7.576945491487410145e-01,-1.260773062215195583e+00,1.769220619829484864e+00,-4.085340720979553808e+00,-2.041479888711705826e-02
-1.400587517395721404e+00,-7.005413003719367371e-01,1.903430856254273440e+00,-1.409889384112726241e+00,-8.394448930491279492e-01
3.488968508440914995e+00,-1.803011033328752455e-01,2.675899015919257717e+00,-4.786206602125469001e-01,2.043854442147986505e-01
9.370786885942317124e-02,6.200307712096043700e-01,-9.749694627691838367e-01,2.878918709527746866e-01,4.627750809041340507e-01
2.605244765391793837e+00,-1.664581893831003967e+00,-1.812039249679236352e+00,-1.308987716073053420e-01,2.129163098290940859e+00
1.343606260566271859e-01,2.713908073629036077e-01,-1.777338746167419492e-01,-3.910352783757284900e-01,3.883539613213289332e-01
-4.979761427942139829e-01,-1.225307372046002957e-01,-3.216302616223412625e-02,2.596239439839913565e+00,3.831358710144452395e-01
9.590549745741527854e-01,1.748959069459348425e+00,-7.310047062979176946e-01,3.379527033538753500e+00,1.246992963893235107e+00
-3.455008335914797613e-01,-9.124340500772296636e-01,7.918379127622788838e-01,6.154262634562219780e-01,7.306036202796803991e-01
-1.188761841239758477e+00,1.841934590297427954e-01,9.568323807546734727e-01,-3.166442531756890055e-01,2.074734195431579220e+00
4.303174074782518677e-01,2.749303367840746359e-01,7.799003271768424339e-01,-4.312093097569763556e-01,-4.033598678786001202e-01
-2.695310091513229978e+00,1.239749947556743059e+00,-6.160960822824150807e-01,2.630461464532767302e-01,9.326344104991334261e-01
5.222180241080898178e-01,6.723579372599324255e-01,-1.405054989897334794e+00,-8.013230853251049890e-01,1.091200527396959163e+00
8.951579629176813491e-01,1.224827390778606140e-01,6.275662995309145842e-01,-1.577148564128741937e-01,-2.356041673094444455e-02
1.953311158826249172e-01,6.952134667892837516e-01,-1.027720529981217545e+00,-2.025346597043523600e-01,-4.456490407713586954e-02
2.110297100889827249e+00,4.046310962072623973e-01,5.388681945619012703e-01,-7.145552817028552051e-01,2.443142020560907124e+00
3.403770233356943287e+00,-1.454746445737315597e+00,1.322754235434743020e+00,-6.654585636858996178e-01,1.418906421626770609e+00
-8.382934830509956026e-01,2.254220004389782261e-01,-2.038469472055960963e-01,-2.406434677910774811e-01,3.037666885226362745e-01
-2.095973623248322149e+00,6.487644374306055228e-01,-2.623342573119552767e+00,1.854673599938400086e+00,6.394278868818473738e-01
-1.490938110330289224e+00,4.553434323581987409e-01,-1.845287126055639604e+00,7.604728948980024050e-01,1.281080133506876662e+00
-7.286175606935338944e-01,1.205568602082016660e+00,-1.077316565189620379e+00,2.758695806340675793e-01,1.168877464532682930e+00
-1.079498811820080340e+00,-1.675084729121245397e+00,5.884126311958537414e-01,1.306907347128527075e+00,4.469173355205351972e-01
-6.800189332371104900e-01,3.967919851639009066e-01,-4.078584390788964953e+00,4.233371165107719936e-01,1.335896584459946634e+00
2.274987044864522634e-01,4.462172004141281428e-02,-7.351707674970624218e-02,1.512485228336599707e+00,2.767213868695291845e-01
1.394010031860595245e+00,3.442191839223465166e-01,-4.622799840274094407e-01,2.322095751994790458e-01,1.980291455133322831e-01
6.097076439485900057e-01,-3.184540522058572631e-01,-3.375199701448269085e+00,9.713600977687146809e-01,1.368343441682007500e+00
-1.510700103607559130e+00,1.271940231306692093e+00,-3.569231317690749972e+00,1.700559906229972773e+00,5.401889822756542614e-01
-2.610579306766998009e+00,2.198352559952367447e+00,-3.376630721247640743e+00,9.586351472442887767e-01,-5.140886920997860265e-01
-7.194909361237120660e-01,-1.311722651008934148e+00,1.108504107321197418e+00,1.715764969498265069e+00,-6.756853125547945815e-01
-3.221881158588413840e-01,5.032963436209197949e-01,-2.333323191297557830e+00,-8.062729257291723073e-02,7.856502343560071155e-01
3.779978954779397604e+00,2.870763062991843473e-01,-5.151882803391550913e-01,1.158486923048929640e+00,2.704913594270514920e+00
1.135758659316849828e+00,-1.026477706831882414e-01,-1.500995547671003738e+00,1.240690523841121440e+00,2.276978537756790821e+00
1.433936361170616403e+00,2.118070333940605121e-01,-9.966692203378606507e-01,6.740481945893043170e-01,2.015301814716250917e+00
-8.755722225611387577e-01,6.849202156986134993e-01,-2.629113078702132622e+00,1.660824845095067559e+00,7.316986438274479809e-01
-5.896112012202274766e-01,1.843741653714674744e-01,-2.695269831422126394e+00,1.926396652433100432e+00,1.416630745724661633e+00
1.611216443237194706e+00,-5.132908276283275617e-01,2.430727940207793036e+00,-2.582682595904317147e+00,3.437598441175065966e-01
7.589891677216734633e-01,-4.453556335652729577e-03,-2.234134544877101280e+00,-2.217538454031878215e-01,8.979202323141501907e-01
3.183823292229758906e+00,-1.317216282377187797e+00,1.017260372397599033e+00,-3.440839184726097955e+00,9.475720445354971488e-01
-1.064493897993929350e+00,-1.017027830494472707e-01,-5.240605293824214250e-01,8.122396904784037197e-01,1.288753786783390698e+00
-1.262611317375305964e+00,1.641573204839140487e+00,-1.556611363307566664e+00,-1.734239737046401331e-01,1.399459076072086638e+00
7.235918369527508665e-01,1.023904001298239441e+00,-1.854077572143043584e+00,1.691570875272820684e+00,-2.119819766845489895e-01
5.496550808429654378e-01,-2.407453168399936172e-01,-1.756508275984037137e+00,7.940556881343318052e-01,2.069716751874834948e+00
-3.993633902124046342e-01,1.054052710119426139e+00,-1.410797925142726950e+00,3.224021434099689998e+00,1.002193522863156661e+00
1.825632495702809610e+00,1.193790586913348717e+00,-4.947440647904518540e-01,-4.456552206076311862e-01,1.785032437560255758e+00
1.129558750429162206e+00,-6.882155133913823164e-01,2.428142962049527398e+00,-2.737079806569059137e+00,-3.232878767602956893e-01
1.048769289560652407e+00,-4.935469339647167719e-01,-1.329087372789401922e+00,3.248581253175735206e-01,1.206538671878354840e+00
2.218607083961380511e+00,-1.183359292845755917e+00,-1.599554933307912874e+00,1.955396494328131007e-01,1.975526474986243120e+00
1.442157007689884196e+00,1.814803115784135112e+00,-4.528650696268230469e-01,2.708681908731024324e-01,3.507335628390254034e-01
5.418881364887023766e-01,1.657393460818779252e+00,1.771419099566378108e-01,-1.164076327370969333e+00,6.337275914732387605e-01
1.368092173486106233e-01,-6.103230786496466331e-01,-1.397778083660778492e+00,4.027227214357673724e+00,9.380862564253598102e-01
-1.047732570293297361e+00,8.402341555197018197e-01,-1.713479364161468066e+00,4.917044325380613978e-01,1.912177090457042539e+00
2.820258032525123637e-01,2.788533482747855285e-01,-5.684352158878508421e-01,4.110259574275106909e-01,2.152933203968110387e+00
1.689076552821181521e+00,-2.383436627460334689e-01,7.316339843714514402e-01,-1.784736794124278880e+00,8.554853829842636870e-01
2.902345003943059276e-01,-3.275601562308301865e-03,-2.057107456957359304e+00,-1.689045757495433175e-01,1.092929228781380546e+00
-1.796415416221010197e+00,6.839244218961362254e-01,-1.745630515365469204e+00,3.020205140455959336e-01,1.768391070850725999e+00
-2.746218464074957399e+00,7.834599324678637178e-01,-3.700503513827017699e+00,2.528129796437636134e+00,7.477905938433306865e-01
5.599317950223355878e-01,1.703356254427686456e-01,-1.232108127161833044e+00,9.775582917533136573e-01,7.391297285022662145e-01
4.510316494453468494e-01,-4.011325548399630736e-01,-1.388785896859856539e+00,1.345970145596079970e+00,1.068547267853144689e+00
2.937924854481677617e+00,-1.315381740228279472e+00,1.969416945125942231e+00,-3.745423192443358751e+00,8.877728254225510929e-01
-4.006151760944549056e-01,-1.149963706669392849e+00,1.499886817782958293e+00,6.845460352183445618e-01,5.291896860091904742e-03
-3.583070230428425096e-01,2.980707160437917058e-01,-6.588563504325350983e-01,6.753037390883930291e-01,7.562108471429044299e-01
1.833961809317650848e+00,2.806601288645286907e+00,-2.538502050056422599e-01,7.250369053583243240e-01,6.874261635606818688e-01
6.506026800323134740e-01,3.685506498403884335e-01,2.235651537653225773e+00,1.739982680747473642e+00,-9.076962023880753572e-01
-1.105604677873094799e+00,-1.011860554716677907e+00,2.405024236163846751e+00,-4.289497134897528596e+00,-6.219424222676130931e-01
2.891521714134790866e+00,-7.806601698146015123e-01,-1.924822372776948898e+00,-1.445171330547112332e+00,1.730784412756136703e+00
-1.627458271553055003e+00,2.973437146417963195e-01,-1.545314157669496424e+00,2.214113953198124651e+00,1.476298661353167674e+00
4.747229627374620620e-01,-6.081186034266836682e-01,-6.210051482810441392e-02,-4.253700175560625185e-01,3.550658596263390754e-01
-5.417463820135831609e-01,7.888509546802595640e-01,-4.005264417700415081e+00,1.593613660489495487e+00,7.990815573085569001e-01
-2.536357855589759236e+00,1.856232876340768723e+00,-2.337505218705890897e+00,2.223782274444737972e+00,-7.135462748060994453e-02
-1.055821776526697064e+00,-9.837500368255962524e-01,8.904430801510978544e-01,5.655989052304283282e-01,-3.882330198664463161e-01
2.579660844574704015e+00,-7.053175560320290582e-01,-2.433225873875184964e-01,7.915885797655557443e-01,1.042697934391975334e+00
-6.220658459018613140e-01,2.953834746705633063e-01,1.358474330880655501e+00,-2.511789581689117146e+00,-2.487511296300026764e-01
1.108498301565355115e+00,-2.285943333779333619e-01,-1.902667198436474472e+00,2.189072407288191968e+00,2.243430745208718324e+00
2.371585168886358175e-01,-1.223454271409872562e-01,-1.308985424027149680e+00,1.012335914176794027e+00,1.549697360509300958e+00
1.761472834120746400e+00,-1.889758427311099442e+00,2.823129956965445553e-01,-1.439841210877501609e+00,1.359555158958125176e+00
3.162473785622748501e+00,-1.537348884979537589e+00,8.281048634923462437e-01,-2.403207182902051819e-01,1.445813728716178748e+00
-2.368638615518623869e+00,-1.605240195860241803e+00,-2.942792041021899951e-01,-1.596182399019122622e-01,-2.666480106015539642e-01
-4.348639920261745395e-01,2.114132484980793814e-01,-1.413414714894191571e+00,-2.776812549929887908e-01,-1.684900841016058637e+00
-2.665280336132176409e-01,-5.202101994348165004e-01,-3.226606844354489745e+00,4.432890150011122188e+00,2.348891065633914366e+00
6.952301371789650908e-01,-6.095028476553014940e-01,-1.820320545051715477e+00,-2.974611509913692164e-01,1.364879624356428955e+00
1.274067500398592401e-01,-3.142699704793276427e-01,-2.886672563150305848e+00,1.645041811329353565e-01,1.570325304084577489e+00
1.909419827667957925e+00,-8.331632868199360109e-01,-9.114826271300888738e-01,3.111743555067973510e+00,8.811189106334260668e-01
-7.858679957894855461e-02,1.682927513481250262e-02,-1.838221025547645660e+00,-7.312176008415984807e-01,1.450196049414674171e+00
1.926847863006521999e+00,-4.661748142357589053e-01,-5.494489111574870632e-01,1.967322713790530475e+00,7.063472704925752854e-01
-1.735585418820159154e+00,1.140481834703450437e+00,-7.570270525528088879e-01,1.335557410136547718e+00,4.216017717545578747e-01
3.641399554505415082e-01,9.369171867750875071e-02,6.249597517005152092e-01,-1.730955397307774479e+00,2.491575095469210632e-01
1.865352924317464467e+00,-4.590456737971463502e-02,-4.795641303789692778e-01,1.720988088539951555e+00,3.165366074238601612e+00
-1.338230051940445531e-01,1.821443157847610905e-01,1.199303490086652602e+00,-2.225227760399648425e+00,-4.289861470508143926e-01
-8.784435506548411432e-01,3.277260286782355814e-01,3.301237905308290754e-01,-3.152540263136007770e-01,2.382454586615591285e+00
2.669613440521664494e+00,-1.047735715052366290e+00,-1.906792356511393116e-01,1.528099462770617922e-01,1.594782132708020939e+00
-2.663777557121912665e+00,1.063919312514025606e+00,-2.681019973002542578e+00,-3.996062249076846928e+00,1.197020559752961288e+00
-2.706315352627768789e+00,-1.076554456581682029e+00,1.436803715509371804e+00,1.643782275139673121e+00,3.510134839392041184e-01
1.593487400248448926e-01,4.690312640502141694e-01,-1.775168795324689519e+00,-1.588089249563770178e+00,6.490149007543091209e-01
2.838163427294536634e-01,3.217409841162981454e-01,-4.401241381011713472e+00,-2.035125566498435123e+00,9.005352081476899473e-01
2.353516396866761617e+00,-1.150156710960378970e+00,-2.422467107191066837e+00,3.044491567050612524e+00,2.855821748816081307e+00
-3.610943189280682031e-01,9.982549251504553578e-02,-2.543270507009122827e+00,-2.399752950542843433e+00,1.218898236739807128e+00
-6.117882351324279711e-01,3.798224243252963928e-01,-2.137029318341666873e+00,1.396190294828180356e+00,8.511702618573027124e-01
2.345381355602185192e+00,-9.038011443168276760e-01,-1.729331043631936016e+00,-4.463556823062619916e-01,1.506093292008022999e+00
3.660822697240300183e-01,2.726925210905213337e-01,-2.087140480741927817e+00,-1.279485521106939583e+00,1.315936537611147372e+00
-1.557786711406875080e+00,8.033555980024927878e-01,-2.423510679022339853e-01,3.335363636949950639e+00,1.829330537601054019e+00
-1.073107681308926642e+00,4.481595558147325464e-01,-1.358109988596663653e+00,-5.317820343636537883e-01,7.430548079769222491e-01
-1.319907813847961409e+00,1.689269866898356343e+00,3.527170240225283027e-01,1.612511969344391782e-01,1.278754806249970732e+00
1.276749538579839527e+00,-9.746519322397866336e-01,-4.854532206080704460e-01,-2.971138806654903819e-01,-1.127336562479562598e+00
1.236906721218922423e+00,-8.365089616629283187e-01,9.621831991132112627e-02,2.057380125657067627e+00,1.156929694334064784e+00
1.803808661790311962e+00,-2.932552115911817303e-01,-1.563997345222163826e+00,1.003430928579320369e+00,1.368422464665160376e+00
-1.580974694507907063e+00,4.479402862664923490e-01,-1.764398762495976269e+00,2.056069154527192744e+00,8.259386862234571192e-01
-2.231669724237805852e-02,-7.589686140750153687e-01,-1.897135997816936648e+00,2.175664371337190595e+00,1.881540238970115020e+00
1.689630470264535944e-01,-1.582381846637300971e+00,-3.179295390066716465e-01,9.641276145813874043e-01,-4.022480000915066300e-01
3.408252044850611284e+00,-1.146218975204131629e+00,-1.192483370817748467e+00,1.198410487796930601e+00,1.633495977883771211e+00
3.506438906673003064e+00,-1.370925215354911408e+00,-1.849998006499107728e+00,-6.892219717612091401e-01,1.809622263365993966e+00
9.691019475446644993e-01,6.931517439025784988e-01,-1.026470103291164504e+00,7.748724499046160119e-01,2.043038703107600718e+00
-3.853608185319396529e-01,1.040562656216347914e+00,5.750585616835336422e-01,2.157955524714864737e+00,1.496367711160685454e+00
9.056304886439421331e-01,1.815526482396457864e-01,1.409186763262661568e+00,6.834300920316449535e-04,-7.066989134765571112e-01
1.102531677238304475e+00,-1.015522081268995652e-01,-6.817059181078676255e-01,-3.474184782658711335e-01,2.193275801595699903e+00
2.702990373739009300e+00,-2.130886055738166807e+00,-1.506184530540195077e+00,3.381579016883848876e-01,2.510901185850814343e+00
-1.224640093242901795e+00,4.620955125803462571e-01,-2.531265610719499737e+00,1.120394237583906660e+00,6.124006499345466814e-01
8.892217199900858127e-01,1.635536027215589092e-02,-2.314276604280922633e+00,2.877683772555793773e+00,1.408563679126120016e+00
1.382502757868256937e-01,-3.446450013371862298e-01,8.266989753445200262e-02,-9.203271122951717231e-03,5.870741145640641090e-01
-1.534685955977657112e-01,7.907267092275078735e-01,-2.643197835776978089e-01,1.894645066153080482e+00,1.189443650126856600e+00
8.142571740228590205e-01,-1.022412816682090275e+00,-2.629567641001725242e+00,2.167553267533619987e+00,1.983708119245334522e+00
1.914704427820315358e+00,2.411184782941554472e-01,2.102190915149420025e+00,-8.149862622633944342e-01,-1.110593229151960459e-01
-1.446794602243643313e+00,7.498021795259502027e-03,-2.837318656327121325e+00,3.414222433809277479e+00,9.288688844866292982e-01
1.677640250397301358e+00,1.604001630146316285e-03,-1.569245591659211403e+00,1.786255260935285749e+00,8.034699656908440568e-01
8.968018195775664392e-01,2.117663237473167426e-01,-1.299844593925154612e+00,2.716053553720129354e+00,2.526042209860741572e+00
1.873341234995248739e+00,-2.293777289489817850e-01,-1.171852765344183256e+00,3.680200005029391486e-01,1.941740500628871491e+00
4.311267293974692105e-01,-3.434509139490454777e-01,4.808608747942106909e-01,5.236674762544804018e-01,1.844971274104090675e+00
-5.921856419039045472e-01,-5.120213396412199858e-01,3.604961004118492074e-01,-7.631787833119814124e-01,2.986279955380316542e-01
1.888415547084854040e-01,-2.759402616605266978e+00,2.221929343065588203e+00,-2.044300952630285551e+00,1.334322939898186622e+00
-1.889227817120761710e+00,-2.231666513641581695e-01,-5.947310174110438385e-01,-2.601490940895676562e+00,-1.737924390297153510e+00
-8.540818701198766849e-01,6.167995387806329832e-01,-2.447887422300349058e+00,2.387376331186896294e+00,1.078117219940739835e+00
-6.660860109381473437e-01,1.058767209928102915e+00,-2.851942177115780908e+00,3.257177896612751145e+00,1.012623215876204963e+00
3.726982071332496371e-02,-1.271346055941844799e+00,2.506415176401075584e+00,-6.824672708354315720e-01,7.406936537053964154e-01
2.532135347813206927e+00,-6.398499358791499558e-01,-2.207209510200131231e+00,2.156648283713058500e-02,2.111235399939169977e+00
4.416279886550222855e-01,-6.416439716633087764e-01,-2.368483345674656793e+00,6.960997686891872149e-01,1.520206569626252335e+00
4.207213617325181731e-01,1.655742146287464689e-01,-2.414061584174444608e+00,-4.975765883922810828e-01,1.281311905863655287e+00
3.169269657273342533e-01,1.325535603970278364e+00,-3.837162228255331264e+00,1.300543790363092977e+00,4.502131524050835276e-01
3.738344626675261795e-01,1.135819181422330404e+00,1.654937264917465845e+00,2.174305141605730629e+00,-6.382511835228221742e-01
-1.280579388023770804e+00,-2.788529662129017594e-02,-2.853481537437119187e+00,6.361412757491580194e-01,1.407391433850740059e+00
1.016450962943638681e+00,1.439872293648584378e+00,4.759827766195910970e-01,-1.176895485487765347e+00,2.134515315745921793e+00
-2.861725169200518337e+00,-6.333449934723373032e-01,-8.229798293432071254e-01,-1.303560439415516470e+00,-1.438599974608046228e+00
-1.129938595219246888e+00,-1.294796256626543185e+00,-1.168700192037068319e+00,1.149331208193036247e+00,-7.417216569080722355e-01
-1.442625199199359720e+00,5.863436509884013548e-01,-3.715597908322685328e+00,-6.407531779605235567e-01,5.325322748819576457e-01
1.356801404176908754e+00,7.688871600597512179e-01,-1.553446152628151999e+00,2.644769286073673342e+00,-6.243760531042275019e-02
-8.347014380391574173e-01,7.639166976636820039e-02,-1.413621621888492941e+00,-6.286406488790193814e-01,1.778959922219825796e+00
-1.181109202619034848e+00,3.451774392321363405e-01,-1.823670610469500630e+00,1.540572081197332244e-01,3.456283800234887238e-01
3.370000778625750204e-01,8.086325982956423797e-01,1.082928324400367348e-01,9.074096008642992262e-01,2.033052599350338774e+00
-6.292551862994703038e-01,6.907001149018835440e-01,-1.295330784332130447e+00,4.345530637336122437e-01,1.277975405578533064e+00
1.330045206329143026e+00,-3.913469228798164834e-01,-3.249741659985583730e+00,2.695466937342605895e+00,2.112711459726947183e+00
4.445979696142237092e-01,-7.457771465094764629e-01,-1.847998744607668442e+00,-1.083900959736472380e+00,2.690419403019819633e+00
6.030296661436878036e-01,5.042904003999164608e-01,6.312487026961930425e-01,-1.638549487908956159e+00,-1.094120211129895992e+00
3.279259920448385213e+00,-4.572599481248959541e-01,-4.006597217183001547e+00,-7.835713301278226517e-01,1.266494444281242915e+00
2.986307278832369128e-01,-3.166989698667173614e-01,4.980100787715491251e-02,2.437560977384500838e+00,-1.399543652227364099e-01
7.585876505409090420e-01,-2.153011187090785317e+00,3.297401051234400415e-01,-4.658165261742464036e-01,-8.444813994994848638e-01
2.440153709043455521e+00,3.304261735050318533e-02,1.836056069262333779e+00,-5.458332931853879799e-01,-1.226806316319954959e+00
-4.360732687805926044e-01,-3.891251505029955093e-01,-2.004568850461617480e+00,-4.318955864123186217e-02,1.896954220538478619e+00
2.255529091903043515e+00,-5.707606446846922310e-01,-2.579678266973682188e+00,-4.869785822162263633e-01,1.002547489962449800e+00
2.309355758877328579e+00,8.567675216871272204e-01,1.917742449312613839e+00,-1.892162948610768503e+00,-6.022087488772394082e-01
1.878358183713715768e+00,-7.390002723666238005e-01,2.557453732716337136e+00,-6.516715088514976051e-01,1.969898684382984655e-01
4.796345693916349573e-01,3.844978922286811929e-01,9.115921128524515638e-01,-2.115875126312406707e+00,1.677528743339754991e+00
-8.986977669721813999e-01,-3.954796666646047121e-01,-9.127194700282559303e-01,1.697572041307982005e+00,1.079960201481302562e+00
9.983276003063918935e-01,-2.418429676883622481e-01,1.142111254382424335e+00,-2.591158691618383969e+00,-2.647100634799485208e-01
1.617398297246332106e+00,-6.923178258306594834e-02,-1.824221582487753457e+00,-7.151412051265665371e-01,4.897570092685039067e-01
-3.947495417171745791e-01,5.607204836071417731e-01,-1.444555964454289132e+00,-1.970352952017505599e-01,1.355377331109020034e+00
1.491456091507242565e+00,2.191518701508941014e-01,-1.164942703824958681e+00,6.887229249235611306e-01,2.251057673067871079e+00
2.147997447265796556e+00,-2.217563047450555602e-01,-9.068837331400804169e-01,1.904715326777281614e+00,1.143241176580057639e+00
1.577112347939217507e+00,5.129313304485989822e-02,-1.221842712005379861e+00,9.643207251599136276e-01,2.077242811959100433e+00
8.541588074633866823e-01,-5.917260121050474386e-02,-2.635880603013754264e+00,1.744126443264249593e+00,2.038066341686761707e+00
1.678261672909950430e+00,-1.006134502645695594e+00,-1.961126097511334265e+00,1.085962358415333284e+00,1.756058272506323625e+00
8.986015123801154303e-01,6.443241978075359144e-01,-8.030705874188470705e-01,1.710016913827048013e+00,4.816093407772509827e-01
1.238329784508179543e+00,-1.092872970753376166e-01,-3.637711783438950519e+00,3.105748003321562312e-01,1.205029254905205960e+00
1.460512989281682605e+00,-5.960910795383447119e-02,-2.616598042030586324e+00,1.945139469016997857e+00,1.327397085128918519e+00
1.852570853183956867e+00,2.765472473480140581e-01,1.682905907753542207e+00,-3.229387075304622545e+00,-6.015636225993595820e-01
1.102027779856684875e+00,8.447250381096033101e-02,8.464347136922418802e-01,-2.517068161417816530e+00,1.975249992630767615e-01
1.885452472736642848e-02,9.833671847591550774e-01,-1.913289665777126558e+00,2.940288419336230419e+00,2.312632312493226872e-01
2.476370284204501004e+00,1.940110203845685888e+00,7.570479351246219846e-01,-2.610530405382875951e-01,1.217989638592030799e+00
-6.328570568221150161e-01,-1.090391097975076828e+00,1.341281890341265548e+00,3.726666980384115480e+00,-4.391411266785775203e-01
-5.350795433324004868e-01,8.614664811516842269e-02,-2.086459803083513531e+00,-1.103120968035968819e+00,1.646864956805239810e+00
3.171621986510965385e+00,-7.591811094239364621e-01,-1.016407218989930694e+00,2.046405520775941511e+00,5.976943769306702903e-01
9.589995892739662242e-01,-4.426059925565100500e-02,6.084705108324134359e-02,1.189067158930333434e+00,4.044024822434916233e-01
-9.553669983332803151e-01,-1.519538102026161352e+00,3.246590928542098520e-01,-1.445134616122835669e-01,-7.667953608191562243e-01
-7.154563886687327345e-01,-8.191595170289180938e-01,2.146424547667458160e+00,-7.732655589435908361e-01,5.394146274152347154e-01
7.377305895067907127e-01,5.892414378283549192e-01,-2.826274048945088602e+00,7.411440014633811080e-01,4.926879043049757767e-01
-5.867191427476697863e-01,8.858526305977635351e-01,-1.371909127925602156e+00,1.847949110510294535e+00,9.427136856753993710e-01
-6.199559091099415831e-01,2.543283535383126202e-03,-1.068583229228700970e+00,1.070131942680138115e-01,1.117625001398100837e+00
1.044973003672347578e-01,-4.445147038217919233e-01,-1.711205278173836053e+00,1.269871024072604104e-01,3.080143234141867303e+00
-1.454351340008908311e+00,-3.328971440954059946e-01,7.756373166586505441e-03,-7.072040852269068090e-01,-1.122598994753706281e+00
-2.685434172409367992e+00,4.905119880126104781e-01,-2.799892647025998826e+00,2.896993908963427344e+00,8.913245604505375397e-01
3.804125128401377731e-01,5.180200503095678810e-01,-3.772475226696079709e+00,2.950937217015735303e+00,9.594949936328871498e-01
6.869435733563706847e-01,-6.431139485559251856e-01,-2.000970123984198157e+00,3.026959493940506452e+00,1.441887387596935133e+00
-1.498384137424449314e+00,-9.590718716073306505e-01,1.500682605717697626e+00,-2.410599572457793993e+00,-5.138476643926228604e-01
2.376187873830921671e-01,-9.525018090558498018e-01,3.420219134528865723e+00,-2.920566623078027391e+00,-8.725567680121049108e-02
-7.056823434131842543e-02,-1.372105410953628479e-01,3.773543958135510135e+00,-2.722675216776715423e+00,-4.215480608395142381e-01
-2.099271928262333553e+00,6.865361407514998238e-01,-3.493696028252560204e+00,5.575410743145240433e-01,1.317137524549402361e+00
2.694654421301265756e+00,-5.382348882699549142e-01,-1.067066775938224188e+00,-4.501471241807052381e-01,1.459961773481916580e+00
1.438757191599706164e+00,-4.512335607535281623e-01,-5.460367868058635388e-02,1.385938835511765443e+00,9.920715243546037732e-01
3.372254277890369689e-01,-8.155383260936563961e-01,-5.122047665108677705e-01,3.701112837212983120e-01,6.324396872686869342e-01
1.522384799719141757e+00,-9.610555465026514588e-01,2.150652392450806971e+00,-2.071723405202812174e+00,3.394357643702582417e-01
1.107683430745293407e+00,2.193233062906955411e+00,-7.250804476008119170e-01,9.326190715352554728e-01,3.762373047378139823e+00
-1.698885641287910087e+00,1.153281763891987888e+00,-8.337675252485277078e-01,3.347370658662997212e+00,1.961932151422284831e-01
-1.259305695507508149e+00,-4.226151482328570630e-01,8.567376404275443003e-01,1.894300471012705156e+00,-1.047829754881094866e+00
-4.850303433374731910e-01,8.210096018942592000e-01,-1.335099552423404612e+00,2.533496470781172238e+00,4.974122435631905814e-01
5.363610349425648183e-01,-1.004495244281349287e+00,-1.066920871038239405e+00,-9.808056903870234766e-01,2.557687246241929113e+00
-4.197692482146495596e-01,3.266590372270921083e-01,-2.591697394946221866e+00,3.269874723875587641e-02,5.062926416516213557e-01
8.671574259891494663e-01,-2.980335496213488977e-02,-2.073145846046556606e+00,1.919570580101151780e+00,8.044793283154900720e-01
-1.497569197770848959e+00,-1.494333022099447295e+00,2.442415206540686778e+00,-2.675512364863178227e+00,-5.636286690244129982e-02
-1.368344630670965234e+00,3.049557390605890372e-01,-2.442635946102952538e+00,9.214806583461793155e-01,1.817212785862649005e+00
6.169464248527398720e-01,-7.732752364162952530e-01,-1.021565654744543084e+00,-1.096094689905543929e+00,1.318451033627878077e+00
4.681833400441228754e+00,-1.519167947948760089e+00,-1.511788440969119796e+00,5.830404650218803386e-01,2.228341875450401410e+00
-1.056681487644954176e+00,2.267451950957281248e+00,-1.250008423635126764e+00,1.457570185816143615e+00,4.632109169798354076e-01
-1.195185535853714232e+00,-2.978871124011622240e-01,2.907725906981530883e-01,8.936865595250284011e-01,2.899371775950299046e-02
-2.352788810594510061e+00,9.982050993401432315e-01,-2.736618328926218258e+00,9.652232739770161274e-02,1.177932109203543076e+00
6.575291749244926987e-01,-1.063910954420979743e-01,-4.064402653800589960e+00,-9.139110162231343093e-01,1.114099989336846175e+00
1.925211772030082980e+00,-1.025101695140828939e+00,-1.846420813326592913e+00,7.016852740669399235e-01,1.676935806365572379e+00
-2.863673320098103492e-01,-1.132610344877517994e+00,-2.039490637686027508e-01,5.836138171991553936e-01,-8.148275207588820956e-01
2.667784451960826253e+00,-1.273593288090433706e+00,-1.836833602945563637e+00,-1.145273376695439493e+00,2.022743759820129661e+00
9.566379989947378926e-01,1.900959159783617514e+00,5.324546122461919495e-01,-6.284779739103341090e-01,1.703669360763201190e+00
1.824016281192571975e-01,2.354823301431395455e-01,-1.066330142762719202e-01,1.559439023159317816e+00,1.742622235291159949e-01
9.702310393055189053e-01,-6.605580868668566863e-01,-4.088552847475706020e-01,4.283713236742551222e-01,2.261363550617277340e+00
-3.957909171684567129e-01,2.463023767058306890e-01,-1.994502265855580436e+00,3.819440434681015684e-01,3.338814796607616486e-01
3.801596832911716128e-01,3.153017489258792549e-01,-4.820897891135070279e-01,-2.283365844499636310e-01,2.116757076573863472e+00
-1.866488750976006861e+00,2.504083449655782334e-01,-2.795090760949333397e+00,1.758602784259637897e+00,1.121012694771899021e+00
-7.572211794324292811e-01,-5.059018792699538913e-01,-1.149656055204208549e+00,-7.362760825878000848e-01,1.034227215951368350e+00
8.288751153919060588e-01,2.231318554190951264e+00,-1.429543368336815945e+00,2.415247692987845696e+00,6.245215352773938466e-01
-2.575744236847129276e+00,8.354438561952430564e-02,4.330577712358879561e-02,-1.144756403256044885e+00,-2.643604739267983561e+00
-3.349737523868321354e+00,8.669161184291762634e-01,-2.099803096054530194e+00,1.952246468664170065e+00,1.143168869360572604e+00
1.372903241717162715e+00,-1.573553822253990764e-01,2.276307004031103975e+00,-1.875518002864407396e+00,1.566679786832664290e-01
-8.783145945227966989e-01,-4.851385368859009728e-01,9.898211730110348938e-01,-2.478192424045155828e+00,5.279598776031928509e-01
1.274107004493613138e-02,-4.571647082116487432e-02,-6.574398646819641368e-01,3.674427225067851133e-01,6.550514274035057483e-01
-1.294608138659220975e+00,2.365966328706974875e-01,-2.518589442218783780e+00,8.069288607876561326e-01,1.565161004072473272e+00
7.624631491272088057e-01,-2.162832708828072992e+00,8.030272208227665631e-01,-1.624055493249575433e-01,1.766686733497242479e+00
-3.190390066987282669e+00,8.515002972249786639e-01,-2.341362938399762061e+00,2.173519545058026914e+00,5.787240342058386222e-01
3.148042098735380101e+00,1.275947425359910348e+00,4.177822916127598152e-01,4.610131451837771177e-01,2.779633377364567615e+00
2.028305305806694658e+00,3.868645812778672144e-01,3.230054477026720328e-01,2.026440027219239548e-01,2.462876210167321389e+00
-1.226525001697890971e-01,6.873763452797225504e-02,-1.055301592089893159e+00,-2.712545514496205179e-01,8.165984712938196832e-01
-1.107540127844482747e+00,1.884835339610123839e+00,-2.833355201847457483e+00,2.207908265510476920e+00,2.837702418023716477e-01
-1.261597588002520531e+00,-7.004150458938558366e-01,1.225185714816204197e+00,9.400159947573887287e-01,6.704965948161795142e-02
-2.808078099895969237e-01,1.038197100777055404e+00,-8.988944143872189541e-01,3.134489746638006835e+00,-2.601519480259983919e-01
9.750892686595885595e-01,-1.338241002889505593e-01,9.677942047049481467e-02,6.316517076788783491e-01,-1.476198732953348802e-02
-1.464229488590610195e+00,1.948393941350987646e+00,-4.124908978445995800e-01,2.943070536661219094e+00,-1.250999036092128591e-01
-8.953723802011182009e-01,-1.406664445857330747e+00,-4.850567968532798480e-01,-1.975908810430716533e-01,-2.798444647193981671e-01
6.716321486039226185e-01,4.071726957737301089e-01,-1.404471712631837121e+00,1.764411395402591731e+00,7.593770168938065446e-01
2.308995027275287382e-01,5.590498260580654966e-02,-1.066869907599140355e+00,2.581244543105665645e+00,1.209505947126114478e+00
-2.188646836765036907e-01,4.123649826939736474e-01,-9.188151406414641897e-01,2.150321851377993809e+00,1.076148135843185250e+00
1.381815347033555241e+00,9.561731770181243484e-02,-7.533756807599336636e-01,1.149752575555136325e+00,5.633205670150746025e-01
-7.385943877282614700e-01,4.656776900644331030e-01,-1.388520761946966831e+00,1.525772693743647324e+00,6.218999901160197075e-01
7.944673630836777134e-01,-1.828132633737667545e+00,3.189709944442046252e-01,3.115720741773904123e-01,1.254990012846042946e+00
1.597233606933363026e+00,-3.030122385645766525e-01,-3.018160271576054710e-01,-2.321129811742115301e-01,8.322091990474477230e-01
1.349690850830772781e+00,-8.627920755630175131e-01,-1.072675023338045541e+00,2.105504090186785415e+00,2.000919519854511552e+00
1.687286825277981794e+00,3.723376708498301602e-01,5.201344893504236122e-01,-1.505745422923755461e+00,-2.411494378467209376e-01
-1.697239053851604895e+00,-3.741955009446867320e-01,2.734099237090789281e+00,-1.163029428561311196e+00,-5.377471419888444348e-01
1.894707682435238905e+00,-1.239878384388939825e+00,8.573318553738935588e-01,-2.222652789629486314e+00,1.035646757096784665e+00
1.493814101366679914e+00,1.898131009501169142e-01,-9.768449895594430998e-01,2.333209321128249414e+00,2.203374113522487576e+00
3.218088555080178104e+00,-1.119272106320363891e+00,-2.285988396461409167e-01,-1.245922510681527484e+00,1.499117363622074706e+00
-7.299518949160097581e-01,1.342249890001859347e+00,-3.764940118761575860e+00,7.440539763183766642e-01,6.714801330073536523e-01
1.024955876028612600e-01,5.009593237338022531e-01,-1.618786879037205972e+00,1.231984317249967154e+00,1.663538263635811365e+00
2.479134315776034381e+00,-7.595447718339162213e-01,-1.650045249177336970e+00,2.877530213981661644e-01,2.189197610276618633e+00
7.452006518638321086e-01,-1.857582966181063666e+00,1.465094448036495134e+00,-1.871236131853410090e+00,8.616767485402349047e-01
-1.616646706724540250e+00,-8.872713026422803795e-01,1.512330788777193513e+00,1.305546666331787176e+00,-1.819712411867303592e-01
9.452792575296999900e-01,-7.952894145799159764e-01,-1.102053430479316365e+00,1.134237210508843408e+00,2.479528432735988552e+00
2.596636375943832231e+00,-6.687200641460218087e-01,-4.228140106032908241e-01,-7.802845796393453881e-01,1.077639381377291983e+00
7.431310535796207262e-01,-6.143606832751267177e-01,4.506869779811365717e+00,-1.492037008392666175e+00,1.082504804945173538e-01
-4.046653580444603548e-02,-3.841507200913230613e-01,-1.029261830831028401e+00,1.716580986046727597e+00,1.892430277796308236e+00
-3.306395752759034856e-01,1.626384084630370319e+00,-2.006031262560697304e+00,-1.552112629735104554e-01,-2.110691766128298674e-01
-1.180424791158124931e+00,-1.173654049017635703e+00,-3.006510464595808951e+00,1.363733414769936036e+00,-1.446309571341107825e+00
2.502134788031463053e+00,2.154936297720009553e-01,1.130222906764313251e+00,-5.356826468891829895e-01,-1.696744067113020726e-01
-9.032155709053851789e-01,1.276289202530602296e+00,-1.531257889278493600e+00,2.328770872554926541e+00,8.054353412610523177e-01
1.223639013631471872e+00,9.763049840108706245e-01,2.145603276024018236e+00,2.699493559139366727e+00,-7.845139288478929496e-01
-2.472409387174534512e-01,1.363874073478019255e+00,-2.386334714279397584e+00,3.248900895520402621e+00,4.127786180710543706e-01
7.034833595367701031e-01,-4.527283887184883615e-01,7.780676598830696955e-01,8.376485093289757211e-01,5.992951446988358244e-01
1.826654518944750505e+00,6.974979136510721378e-02,-4.378232915603428310e-01,1.733209412559979734e+00,2.011632161271779573e+00
4.470624069979890258e+00,-1.490547850881545289e+00,1.141391843755403812e-01,1.041272803529806001e+00,2.147364757433770421e+00
1.001172399319440132e+00,-3.831211904766347320e-01,2.029396411954150548e+00,-1.325971144282930947e+00,-1.705685493347186554e-02
-5.498292405967812879e-01,1.090726680841628493e+00,-2.682551202134118462e+00,-5.229440896463767308e-01,6.132209212881517546e-01
7.297199546530389047e-02,1.468202653283668280e+00,-1.734345900596006018e+00,2.601616400598447676e-01,1.453201390894184764e+00
9.616675729116562765e-01,7.888531804962080340e-02,-3.329180107893490170e-01,-1.369686952717740658e+00,-4.037494374031075361e-01
6.762120226782253329e-02,5.974466860244086186e-02,-2.386766967940024742e+00,6.896008212028216233e-01,1.516843905669443160e+00
4.719325031643464285e-01,6.550115105382018355e-01,-6.585876685528380126e-01,7.715974306992405829e-01,2.554056205272628333e+00
1.323193078967660030e+00,9.623770346623471417e-01,-1.571633211426060939e+00,1.789182082418368402e+00,1.649544965534683882e+00
1.684342645046940534e+00,1.155953679562382597e+00,1.482606798701586182e-01,-2.802971466209217000e-01,-7.939389004340796641e-01
4.465310437703111646e-01,1.953910051484220700e+00,-1.991307743090060534e+00,5.568058112043725583e-01,3.070841475737980275e+00
5.326306737912991918e-02,1.232207848907921788e+00,6.377977153474034822e-01,2.025867897990807354e+00,-7.352697116496673679e-01
-1.493874826632750619e+00,4.288223273535028968e-01,-7.561191260237812850e-01,1.502367114281352167e-01,1.512349335030426456e+00
-1.016222552443661442e+00,4.142246915142058228e-01,-8.805707072783410805e-01,-3.162572841355885123e-01,2.204581503071370463e+00
1.308196504513508218e+00,-2.347077531393042260e-01,-2.120397753041470157e+00,1.893111810711609166e+00,1.671576022021539876e+00
-6.924357254936779338e-01,1.984049383167355352e+00,-1.095348863990571742e+00,1.284257375438058846e+00,4.264914340087031519e-01
1.991664979430340932e-02,5.548414163632514606e-01,-3.709600681326643112e+00,3.777284989493361778e+00,7.395347285802270632e-01
1.142617941583974339e+00,-3.223773898819945471e-01,-3.684936961374218001e+00,1.985823789069902645e+00,1.337903292324277071e+00
6.237993471907932186e-01,1.886654506051831603e+00,-1.745945806471719930e+00,4.391443764383065052e-01,5.134325104656569660e-01
1.511905999682148227e+00,-2.048298012969105297e-01,-1.066824612298334696e+00,1.026445559147339370e+00,1.505404109710843485e+00
-7.920949075181558108e-01,-4.646762290396298511e-01,6.958775598815293284e-01,-1.947939305077686312e+00,3.694552884222103151e-01
7.957414750245843660e-01,-9.625237421875070254e-01,-1.315625102662513868e+00,1.331692183406203212e+00,1.747754575544492095e+00
7.772514525822543652e-01,8.624318851397270169e-01,-1.499164408708075769e-02,7.967955352785198730e-01,-5.094256896066058360e-01
1.422337018929099584e-01,-6.352563297146890386e-01,-8.088368896279228837e-01,-2.372652401625077179e-01,8.011081693852444285e-01
2.760300760807945508e+00,9.422079210278893058e-01,-3.590602704591903116e-01,2.403920450350251592e+00,3.405514474630050081e+00
-1.898392868110610809e+00,7.499082722637604448e-01,-2.037790960038087906e+00,2.706885808689450279e+00,1.085870729034800419e+00
1.415914189153124614e+00,1.003937298404869560e+00,1.227593157287241166e+00,-1.210181411559373865e+00,1.632628073090217846e+00
2.278072830858834941e+00,-4.012971344306096588e-01,-6.490966673137104070e-01,-2.864034098851970800e+00,1.181857132093609764e+00
2.478158963784343527e+00,1.890515126949859903e+00,-1.283297528619645744e-01,-3.919224367686500177e-01,2.294291907892956228e+00
-1.344809862109782372e+00,6.332878059728918041e-01,2.363463160169234190e+00,2.294766340020703232e+00,-1.582737372995127512e+00
2.031451902823813604e+00,5.514930204874131103e-01,4.632112762151369134e-02,-2.207301931692409180e-01,2.395909649666782215e+00
-2.723253574056502480e+00,-7.921211506188696738e-01,2.325098681511198695e+00,-3.501366285900326503e+00,-4.406327154188851569e-01
9.366042834449629373e-01,1.424900232832148506e+00,5.106920372342553804e-01,-2.039217439558702161e+00,1.674716277181720114e+00
5.927684046244154903e-01,-5.210431079550075228e-01,-2.067251726171753123e+00,2.686097077164369296e+00,1.825916492634373167e+00
2.298251948929947552e+00,8.323033642075353677e-01,-1.435291730641087504e+00,1.547543412339604796e-01,2.336378211970401964e+00
1.216076816888212120e+00,-2.829167991071253607e-01,-2.232710964647627083e+00,3.731212638955334171e+00,1.718346436282755185e+00
-2.831286978446477587e+00,-1.471844158116939028e+00,5.118066499872442332e-01,4.409431043313811749e-01,4.067967739183749876e-01
5.091502428599514740e-02,1.373722834798909220e+00,-1.359112523800926953e+00,-1.064100075051274685e-01,-2.105133211912127988e-01
5.953593818788596170e-01,-9.123463702329438485e-01,9.104563548508688431e-01,-1.115455856597493911e+00,6.285640564771546313e-01
3.014572565488843892e-01,-1.621006478335732803e-01,-8.542584503150204567e-01,9.555782653506568192e-01,4.374017805925131119e-01
1.419764140445825440e+00,-2.164488171809235251e+00,1.078204577058832658e+00,-1.059611909013033593e+00,1.633117002813752272e+00
-4.855300156153983249e-01,2.022122244562730986e-01,-5.303211756741643690e-02,-2.306823266044358167e+00,-1.637873611419835340e+00
-1.049048356863684139e+00,-4.098516831403771210e-01,-3.151942023418984107e+00,8.904742152021078994e-01,1.440685345239834714e+00
1.652001292497790041e-01,6.329142442458439710e-01,1.729488236013070335e+00,-2.542053380705120880e+00,1.820025651617851903e+00
-6.909920792124251143e-01,-3.142263296870912992e-01,-1.592675421290735915e+00,1.175831037275738788e+00,6.920176550338306143e-01
3.080312731338143095e+00,-1.185574095528274183e-02,-2.376725159757247519e-01,2.153555796167624159e+00,3.261915579064635473e+00
-1.067390483308863880e+00,8.919835908512230294e-01,8.728049158515385209e-01,-1.387598189118871561e+00,1.270069665799105296e+00
2.060185837089366423e+00,-7.231910506132842587e-01,-1.125989792631492570e+00,-4.873642754531916088e-01,1.328198586648240420e+00
-1.750634115434220595e-01,-5.045599833513479959e-01,1.881411086360359253e+00,-2.278474647668752961e+00,-4.959676011137298390e-01
-4.891963832462203898e-01,-1.083509565266394803e-01,-1.434738658161188063e+00,2.378179276807718345e+00,1.648299547531124176e+00
-3.574544633966708629e-01,6.304848048018116824e-01,-4.035692599739572062e-01,1.564284554861851140e+00,1.901927308425874319e+00
3.635773849684947323e-01,-3.139931629632974897e-01,2.227228878154870806e+00,-2.489590592020295645e+00,5.739883077700946856e-02
1.975475135774730440e+00,1.104307966969308719e-01,4.296651935772747843e-01,-2.464885939756477073e-01,2.404645075867870574e-01
-9.614555628166310264e-02,2.918758226737201422e-01,3.164092517566770901e+00,4.880262802515575871e-01,-1.024740068464080833e+00
3.233121280796036334e-02,4.601914951366358197e-01,-7.230770334789942133e-01,3.227138943469812782e-01,-1.466048862440727518e-03
-9.045566351924881898e-01,-2.251775324020348357e-01,1.448850055610868992e+00,2.729583629303951042e-01,3.121864242163617797e-01
-2.255930370904492666e+00,5.989760839970810213e-01,-1.319857740326672912e+00,3.158847873646754678e+00,1.567344177745935596e+00
1.457558667506587469e+00,-2.220417632328973434e-01,3.252066349347968899e+00,1.396280761433582818e+00,-5.061430232984978073e-01
2.815352928306114499e+00,-1.259030318392931447e+00,-9.478960876401828495e-01,1.653547986409959369e+00,1.602447525893747171e+00
-4.162124456303961106e-01,4.285117836740450215e-01,-1.592261963505847033e+00,1.507158991740872978e+00,1.989443031789367433e+00
-1.034650360353738030e+00,6.402549438187530306e-01,1.137708364618784440e+00,-1.349129502300280281e+00,-3.132288308565178703e-01
-1.328648686296598491e+00,1.481574436205689849e-01,-3.249205583721475943e+00,1.231203548409682380e+00,1.162031004703828474e+00
6.887698103192407828e-01,-1.006959028074160267e+00,8.577222148242973354e-01,-1.708608611143387579e+00,9.354777032209766752e-01
2.436242514065166676e-01,-1.166777081910144176e+00,1.161394616907189592e+00,-7.759930968642720917e-01,-1.818431422339744641e-01
-1.619617307909874793e+00,-1.622149854845394146e-01,2.054832347937292969e+00,-8.518775016076667317e-01,-1.397268992351375916e-01
5.724531074068825998e-01,8.290706026932888051e-01,1.911357957849246114e+00,-3.325565566504857351e+00,-7.790933135908311158e-01
-1.464827816248661652e-01,-1.886601768599316387e-01,7.244037284720760139e-01,-6.526066667636665208e-01,5.689717716981593787e-01
1.795950855868722329e-01,-6.641148714745115367e-02,-1.846569749706103769e+00,8.518398715995054715e-01,1.377669744881615754e+00
1.119003794049245881e+00,-3.916075161943855520e-01,-1.391484650500302678e+00,3.280449188030033492e-01,1.051845950964638288e+00
5.001763827380543148e-01,1.126863057655146244e-01,-1.719405427353033033e+00,8.859305139792483796e-01,1.379118333430836785e+00
-1.411975391396669055e+00,7.361011644620849559e-01,-2.149992735547232137e+00,1.692520864428459726e+00,7.497065082581432227e-01
7.286952605135569305e-01,-3.320652688619522008e-01,-1.179908931606139744e+00,-1.987518900171149960e+00,9.909912615655775969e-01
5.040594689655664151e-01,-1.689568502254388815e-01,-3.085251785773302391e+00,8.907938661976797512e-01,1.445208782369808542e+00
-3.931842611974589730e-01,6.205680804164964010e-02,-3.359530262469637485e+00,5.960300210780323793e-01,1.120995577562467149e+00
-1.780063107820438084e+00,8.648699142979120458e-01,-2.664202724506123054e+00,2.766067363885795771e-01,9.927004055947545869e-01
-5.249139459905707294e-01,-1.140549137517108846e+00,1.370170343857279205e+00,-9.327163804398511671e-01,4.053289950331232516e-01
2.933578598573440388e+00,-2.261056684433870867e-01,-2.859104106142734469e+00,5.019168535006361953e-01,1.637100642768745118e+00
-4.451965040246892436e-01,1.100931855499299727e+00,-9.159671056450597870e-01,2.272131982569420394e+00,2.172809143427198997e+00
3.267068345457425638e-01,6.860776187093926559e-01,9.183674373662765733e-01,-5.427376796136126336e-01,1.664603455029498136e+00
2.882262318076351804e-01,1.014075625501739825e-01,8.839963596842116411e-01,2.780096536015013164e-01,2.263523698425265351e+00
2.410202798258008094e+00,2.174903794074375674e-01,-1.356057628456231456e-01,1.322849655190213136e+00,2.772742065212331353e-01
6.203107257534350438e-01,-7.755132507600596137e-01,4.365792544881164083e-01,-2.924809881222365515e+00,-6.171719195090314969e-01
7.881276031590001008e-01,-6.310762177148455943e-02,-2.930091389536862323e+00,-8.187892625625918797e-01,1.720843384757051009e+00
-6.040079654638146334e-01,9.555665744733566891e-01,-1.308036525005353834e-01,2.079012513402943352e+00,2.606949847711892421e-02
4.229804491311879855e-01,-2.274750876466225258e-01,-1.128757902545222791e+00,1.211409047248665827e+00,1.077004862876283831e+00
1.120230266036285949e+00,-7.342639834881097283e-01,-1.504318286615871081e-01,4.421681313895813314e-01,1.211219629032678213e+00
3.058216501948928467e+00,-1.242415730611023283e+00,-1.155509118996985024e-01,2.294226710961121185e+00,1.300954938991182530e+00
1.730223857520418074e+00,-5.208656517811504072e-01,-4.345794407541203164e+00,1.258932408130642777e+00,1.726584165955581174e+00
1.206872736583969319e-01,1.276519584128628093e-01,-2.264130516237665702e+00,1.666944496244391893e-01,1.580194381897118028e+00
-1.081155731372637208e+00,-1.802538033286187752e-02,5.368032846003274461e-01,-3.765212833862612851e-01,-5.224836211894348104e-01
8.903618735471109380e-01,1.154148977618076055e-01,-9.501971051862239115e-01,2.826648883699882653e+00,6.221063998289079189e-01
-1.991525321491138811e-02,1.027131731372942225e+00,-2.065962111075549945e+00,3.160799704989716297e+00,8.248164978112506596e-01
-7.390451198722824966e-02,-1.560457602507338837e-01,-1.752480107489438055e-01,-5.309520305848964838e-01,8.653525156255261752e-01
7.068692073098159501e-01,1.255096825095838753e+00,-2.808089600923261431e-01,8.237285542860047771e-01,1.492715076694151488e+00
1.562371274658419296e+00,-7.903441631878779794e-02,-1.807168955503656971e+00,5.225461203369841101e-02,1.030442142224351487e+00
3.441716862509650365e+00,-1.610358382328554994e+00,-1.131297652799615028e+00,4.048657778100831273e+00,1.782893913711297351e+00
1.133118573291651998e+00,4.298756750370498758e-01,2.070347471697326913e+00,8.869891295543443910e-01,-9.401423799418789917e-01
3.002164327028586377e-05,6.378099589418063931e-02,-3.669209103265524519e+00,-4.417412405999732172e-02,8.896713176699863057e-01
2.390822342310194415e+00,-2.251093351558419720e+00,-4.166965491970984203e-01,-4.639904910924708137e-01,1.725413209154681660e+00
-7.604738903299195218e-01,9.368511354271467084e-01,-4.542636041447998818e-01,-2.668955054627577095e+00,-2.825144771276525635e+00
-2.155341793071495538e+00,-1.659622072206449639e+00,-1.602821771256077943e+00,8.953149145167049738e-01,-8.284631306356650127e-01
1.233126613618066081e+00,6.658376549709892345e-01,7.412137636550395481e-01,6.820723181680456992e-01,2.194934576623730482e-01
-1.890940314460223259e-01,-2.064493806162228662e-01,1.302384561413127084e+00,-2.983950752951302077e-01,6.212629001694942588e-01
-7.882202266615718766e-01,9.866282629609162136e-01,-1.386414034876475521e+00,2.988001864032726829e+00,-1.896687370920600024e-01
-6.024729819044383206e-01,9.768287664407387938e-01,-6.439380456862301427e-01,-1.305778787097997773e+00,1.531456636592043452e+00
4.978379469915521494e-01,-9.399267385376585127e-01,-6.485451855169268587e-01,-2.881128457757482941e+00,1.346531974544532329e+00
4.745108032682611388e+00,-1.130104765341676476e+00,-4.193547245172554838e+00,1.982937293714685412e+00,2.640911774300212400e+00
8.910476591091521792e-01,5.165551979691447304e-01,-1.224734499320904169e+00,8.440282994142592754e-01,1.892259430262073661e+00
3.593185637805389021e+00,-1.799989720352711764e+00,1.282796135491478751e+00,2.722826159872764329e-01,1.879825550550501267e+00
-2.795053680619498104e-01,9.147892031471454022e-01,1.415454553033493212e+00,1.387916136518921428e+00,-9.733384036349327362e-01
-1.411206778317803945e+00,-1.388187327901116319e+00,-1.071933630690189432e+00,-6.279156190592973807e-01,-8.180058593892399754e-01
-3.329523705874062323e-01,1.152333276683690011e+00,-2.215045924781022357e+00,-1.326985503691578971e+00,1.579410105232049943e+00
5.903448783837961233e-02,-9.052014589072460149e-01,1.704391506421235603e+00,1.260028299801256191e+00,5.754796374483164279e-01
4.812730723003841860e-01,5.477732495175469118e-01,6.929762286488165834e-01,-4.146729334490196761e-01,1.418790921702457464e+00
-1.570371663440936372e+00,-2.952352399594546650e-01,-1.691159656855642845e+00,1.335322435773107719e+00,1.841407425729319147e+00
2.185961601008243438e+00,-1.277456080054175658e-01,5.141040438742344731e-01,-2.883434449813201406e-01,4.953985758435608400e-02
1.982489127321101829e+00,1.008803260843433580e-01,-3.489675452424254587e-01,1.231363752157943026e+00,6.534410463703081984e-01
2.224345586471681457e+00,4.252063031458139797e-01,1.658522809756009853e+00,-2.528938783452439942e+00,-7.776893410581653399e-02
1.866683306904266759e+00,-9.415974493454816463e-02,2.114774326760190615e+00,-2.579708225930099630e+00,-3.065352931325475705e-01
-1.369320084779097613e-01,-1.016779243832863049e-02,-1.745121295752511958e+00,-1.169803594429914551e+00,5.234908189402094347e-01
4.020677730117427906e-02,4.077841343088979276e-01,-2.112387017481678342e+00,1.564394383569196245e+00,1.269500272721136636e+00
2.017715264920147078e+00,-1.263631347256851445e+00,-4.421822838310807136e+00,-1.621757757218427187e+00,2.253887527578107619e+00
9.219575231663004189e-01,4.897822972241536732e-01,6.355128984074802645e-01,2.583532755643602741e-02,2.893427024002682035e+00
2.265760944725057069e+00,-1.279144277794094897e+00,-2.151456959089148135e+00,2.429220374405621108e+00,1.454019361141157152e+00
2.200412620927493013e+00,-8.114142326254619730e-01,6.695915221907322579e-01,4.898497267725082649e-01,1.237720688539601710e+00
2.956894258679831911e+00,-2.978205944768641977e+00,4.612214332107976711e-01,-2.224213751040309273e-01,5.469122324977278016e-01
-1.408782544384293178e+00,1.807316839844375744e+00,-2.792056117525267389e+00,1.303382407772332385e+00,-2.637299260633609865e-01
4.997609617875009014e-01,-9.952153360783062563e-01,2.207851182540045976e+00,1.679414127736205797e+00,5.676647434964532390e-01
8.353856180963934452e-01,-2.738794522544591437e-01,1.798736658553079515e-01,5.800763158021632337e-02,1.192022230810567685e+00
9.281155926198343398e-01,-1.308351305180928958e-01,-3.352136928177417152e-01,1.998422451357319662e+00,4.190124832630353069e-01
-1.986381947287297889e+00,1.666155802295903043e-01,-3.309132849725774150e+00,7.690278029832736673e-01,1.033024184810462875e+00
-3.890654971118978622e-02,-1.443924626945739975e+00,2.858944366007453830e+00,2.291913260338412917e-01,9.505539452619720109e-01
-1.123610578919625458e-01,-1.827705169543695218e-01,1.675975381531580544e+00,1.011462920873582805e+00,-8.148492756689011962e-01
-1.091691681575694295e+00,-1.499187680330827499e+00,-9.227607415295844273e-01,-3.567825707278831082e-01,-1.536693862522013898e-01
4.454115479253040633e+00,-1.612216108153977645e+00,-1.417141674222719194e+00,-4.791398660652782526e-01,1.746674019161779778e+00
3.140161592878071950e+00,-1.585909129653489069e+00,-1.386549049379263154e-01,-5.093851840437102485e-01,1.378502654622201451e+00
5.421348058517621027e-01,2.305234966211927805e+00,2.672183659457098015e-01,-8.724329892772850759e-01,5.849961050121920136e-01
-6.313089213514584408e-01,1.551499969549035018e-01,-5.020719989884198098e-01,2.683711334856413444e-01,3.160822951267366898e-01
1.631518561102382803e+00,-4.674586755375395031e-01,-1.501040955536574018e+00,1.294238304523874117e+00,1.327705430673672859e+00
-4.089865780239203552e-01,-2.867001609992524402e-01,-2.470696512430553327e+00,-7.922114572154064227e-01,2.098099167008945720e+00
6.811033086292195282e-01,-2.067805304163596314e-01,6.256479227297853107e-01,-2.352113567686380691e+00,2.244245481984651347e-01
5.499111027993763834e-01,6.620250433132542911e-01,-1.479317299810031239e+00,1.144126171381667501e-01,1.866011078751659502e+00
-4.911673350581293729e-01,-2.613338120571470635e-01,1.350530394093901965e+00,-2.363602128749106246e+00,-2.271536608789765932e-01
1.453849630249201663e+00,-8.376358491344000623e-02,-3.194323862073198406e+00,1.370379458296264730e-01,1.786134393613820315e+00
2.385597413025011271e-01,1.370585505043233843e+00,-1.867318824038541658e+00,2.504117606811019581e+00,1.504007493695312503e+00
1.145262456851110944e+00,-9.470735523263350553e-01,1.749482073535047810e+00,2.682727981474156698e-01,4.199522448880526060e-01
-1.559174683353835356e+00,1.821964388006315438e+00,9.933367453283221682e-01,-1.978511831764580231e+00,1.150292000019070615e+00
1.374583231405337447e-01,5.073084826074807374e-01,7.565238056881875561e-01,2.508653661632706200e+00,-4.483452806845451555e-01
-3.536769760856882105e-01,-9.492622890870002772e-01,1.564913058035179549e+00,-1.182515731355592514e+00,-4.194751737025661509e-01
1.747122784695126496e+00,-4.973184753414593429e-01,-1.646287265781188891e+00,4.045863188834764590e-01,1.647867168638153856e+00
1.696065674565342407e-01,-3.331383553717428003e-01,-4.386139590099903396e-01,1.758666877523268113e+00,8.434243353395273202e-01
1.420110833277757001e+00,3.269738380984915094e-01,3.273537311371017555e-01,-1.496933391670244085e+00,-3.137299460892467584e-01
1.545917787356129169e+00,-5.595448452516499360e-01,7.336333272573930531e-01,-3.469851044743041402e-01,5.474204527910451201e-01
-3.331477222407854821e-01,8.493799063342850619e-01,-1.980487026928535732e-01,1.272716418646084424e+00,2.236983217838265148e+00
-2.713570117344292321e+00,2.117861803182208735e+00,-2.022958474275206697e+00,3.077544790417284570e+00,-2.477063945915870535e-01
2.681227585025474092e+00,1.176196258029407193e-01,2.876828173536011946e+00,-1.789168384724976191e-01,-5.073676992241553663e-01
6.207017696341357027e-01,-2.175310198322951472e+00,3.406854547366099162e+00,-5.460048816815009642e-01,-1.827994613756387388e+00
1.699453415296263925e+00,-5.149949613792462744e-01,-2.519263014898646347e+00,1.257484700422604851e+00,9.945096587121684539e-01
1.347339240988254083e+00,-5.953188927293434629e-01,6.438669668956056302e-01,-2.701970017092697463e-01,3.816395722489431264e-01
-1.783934721810994439e+00,1.824988704939067174e+00,-1.987010852774245384e+00,-1.119356158930895795e+00,3.267920491544319406e-01
-2.429230411774179643e+00,-9.534657339069602111e-01,1.463301877802829054e+00,2.436466170049212288e+00,-4.324851424230879982e-01
2.091878552715026096e+00,1.077387233361665198e+00,2.754320162437859376e-02,-9.192470578657362390e-01,2.109342389332825807e+00
-2.076322378565956139e+00,1.288067931143012934e-01,1.122692007252117374e+00,-4.424242711411996432e-02,1.945156716221539073e+00
-4.448861800665508959e-01,-1.611842589993709995e-01,-1.795422603003345108e+00,8.848096484193783695e-01,2.300313066289510822e+00
4.159553931297537144e-01,-2.288411715332165475e+00,-1.499617362397831721e+00,1.474748617644663362e-01,-5.396842042432798969e-01
-2.955911481467988766e-01,2.708238118906908798e-01,-2.326048233700903189e+00,-8.944011055079612582e-01,1.741473210506205405e+00
1.054784905599711831e+00,7.942817209335638340e-02,1.226751918077639392e+00,-2.468516710327533836e+00,2.782664514503771613e+00
1.817087865031319360e-03,-4.130486729657885658e-01,-2.575300490600135106e+00,1.705370787224095075e+00,1.119711824760123653e+00
-8.567183191207821125e-01,8.753832775564406032e-02,-1.401104337943667844e+00,1.849153634814040270e+00,6.801016586647841144e-01
-1.566661937731250731e-02,-2.166983532375514443e+00,4.700159341380715228e-01,6.048076957147721089e-01,-5.700995745128367709e-02
-1.359214661406149549e-01,-9.934553407669521885e-01,6.347578411006249421e-01,-5.134885936835802411e-01,1.003262258678532803e-01
-6.718491405742241795e-01,4.788267369752208236e-01,-1.713218809030607304e+00,1.263591323071209693e+00,1.450757607376004454e+00
9.843708655072549440e-01,-1.465528286561814886e+00,1.616942447584136966e+00,-1.541385126171388453e+00,-1.504473814706193124e-01
1.753616712721200344e+00,-5.369995873218425669e-02,1.262980333719830206e+00,5.071276697401299050e-01,-1.575926108605409937e-01
-3.684376546298641086e-01,-1.622585278073837900e+00,1.834134005642313214e+00,-2.760351988184921446e+00,4.750517251818706654e-01
2.066490062617972079e+00,-8.932833745044852503e-01,-2.078083501566934943e-01,7.308291881297626080e-01,1.133955084820944759e+00
6.953118329425104216e-01,-5.137580056167385667e-01,2.133529518776222655e-01,-4.671691786946147174e-01,2.474221193515798167e-01
9.354241934602551822e-01,-6.395602119650980466e-01,-1.413708838390906442e+00,1.831832042748139155e+00,2.701427587289604748e+00
9.800242135080661221e-01,1.108986905456733722e-02,-2.777617251935461162e+00,2.027918639737750883e+00,8.974964699316537731e-01
-6.108502683947681922e-01,-1.579272522311013782e+00,2.765643162836044944e+00,1.004434273144696466e+00,-2.959620834444507409e-01
1.312980849944690664e+00,1.574620504817776656e-01,2.151183107420965968e+00,-2.492248820467585002e+00,-3.740344203087473396e-01
-8.483453446028058620e-01,-4.750592159477103060e-02,2.221556199557760403e-01,3.632379276562047732e-02,5.889731924557604081e-01
1.794469858898434911e+00,-1.757647644604879711e-01,-2.499945983394304516e+00,2.705724499753098478e+00,2.017880837111700743e+00
1.712114814260244922e-01,-1.892784851962203974e-01,8.629708242569211762e-02,8.879758536289620308e-01,2.147918866233456292e+00
-2.340397325147113960e+00,1.140357161694175447e+00,-1.542600605506987410e+00,1.228223626348671438e+00,1.175048965118065780e+00
9.628875641216583237e-01,-3.823714550067721096e-01,-1.418861102229681537e+00,1.585126652117107682e+00,1.220291637312095112e+00
3.460951679334686171e-01,1.172112100674522317e+00,-2.293542355749281558e+00,-2.046339818940767774e-01,1.401464083346721790e+00
3.153335456125810898e-02,2.422851386909605220e-01,-3.015649737694283683e+00,-3.738321566875495439e-01,8.340380009172188025e-01
-7.184526972497395914e-01,-6.468775542160505321e-01,-2.441489244845278073e+00,1.831853623137100318e+00,1.353643767757671590e+00
2.856943016448123540e-01,1.413473180223179471e+00,6.816582671819618744e-01,-2.581261096354157125e+00,2.295173119829963859e+00
8.799855407865858625e-02,1.019609951075068632e-01,-2.014337550251820819e+00,3.057413433897185229e+00,1.196248731523371411e+00
2.699263900906493596e+00,-1.256357730988166388e+00,-1.429231525429992988e+00,5.815089277988616523e-02,1.711322723271394786e+00
-9.708113491710007592e-01,1.052249974146914679e+00,-2.273921231769202578e+00,-1.537156647306261670e+00,1.148790742403983378e+00
7.253151423476700277e-02,3.040237722629379746e-01,-3.771641241390054411e+00,2.625391601215854021e+00,1.077332947985539136e+00
1.010606331032145810e+00,-2.205884299463734266e-01,-1.970017778167005629e+00,3.162941015582195092e+00,1.024616682560435255e+00
9.604272470168104814e-01,-1.055247665902184079e-01,-4.408840316812663862e-01,7.214547030325912935e-01,6.198062933346590864e-01
-9.067097801865375839e-03,-1.671322226542238720e+00,4.935237722673897487e-01,1.007266090487918264e+00,6.293400307123659942e-01
-8.083318646508620420e-01,5.971839907127720615e-01,-8.284090988697404567e-01,-5.107428013248548337e-01,3.038532997483636700e-01
-7.448690954885329729e-01,-1.339616889839382541e+00,1.772189060457550314e+00,-1.948494346370310604e+00,4.948232653461124286e-01
8.523483763815554726e-01,-1.390194926827709399e+00,-5.009970659051403707e-01,1.438162411637737392e+00,7.812562260155953009e-01
-4.386734857562950562e-01,9.337823076031822600e-01,-1.353729170258582970e+00,7.641413382899143736e-01,1.454236806400056814e+00
6.102117055109153032e-01,6.880582196568520992e-01,-1.879714362191810206e+00,3.037623559365002279e+00,4.021768624458478270e-01
2.355908597201405108e+00,-4.844759570751655531e-01,-2.203405623807894287e+00,4.561124738626110897e+00,1.271655423452421330e+00
-2.499652518727247141e+00,4.462956460304565720e-01,-9.840186545090219283e-01,3.126292302297662751e+00,1.314921066860075705e+00
-1.693213105414624664e+00,1.208233819356092420e+00,-1.765804700004680594e+00,1.857069329749832409e+00,1.239270219678922036e+00
2.757927033357198354e+00,-9.789331920597909020e-01,-2.133838211284839748e+00,2.340340256928917562e+00,2.279334064092381151e+00
4.822600622883371213e-01,6.081095224649546438e-01,-1.818153845193856810e+00,-4.633098866026027496e-01,8.107482026421308774e-03
1.086392519726527617e+00,-4.015275595715132040e-01,1.143960525918048754e+00,-8.110285394416772986e-01,-4.819321940166743090e-01
-6.014867052513397372e-01,3.576195030348310877e-01,-1.896900606289980029e+00,6.200740670661529785e-01,1.245416815897010920e+00
-1.284115740710427112e+00,7.101126918550553224e-01,-3.225212201560326175e+00,2.062441339386708261e+00,8.053356582452513290e-01
1.038724213352117509e+00,1.393231060171910285e-01,1.239806284039944861e+00,-1.386462536940546442e-01,2.391434778917003179e-01
3.912645385927461250e-01,-4.550010325818143464e-01,-2.371952664858979709e+00,1.915006534888537670e+00,2.615424649853792527e+00
-7.141308436811644178e-02,8.903078192457342110e-01,5.523786201204933244e-01,-8.738306371493266278e-01,1.792270528137562380e+00
3.377164185849290234e+00,-1.582953156294216956e+00,1.088538558146516788e-01,3.333622159667957163e-01,1.175232956745807966e+00
-1.343376273101315466e-02,4.155185589378445066e-01,-1.903032936642753858e+00,-1.929463742148480598e+00,8.177328733051681953e-01
-1.318041097238409343e-02,1.615465899440664099e+00,7.275389514930223900e-01,-2.179937197245505054e+00,1.493886406140142453e+00
1.504220350387404093e-01,1.042281037471511212e-01,1.195321928921522225e-02,-1.279269210543861890e-01,4.381867692400207570e-01
-3.139380213217223825e-01,1.831756873666947061e-01,-1.090655492243462366e+00,2.064463065623140192e+00,8.211488717539896509e-01
-3.599335464635975423e-01,1.096968728429172701e+00,-2.859745678153847948e+00,3.139000029023945260e+00,9.199898897703746581e-01
6.666733208922470677e-01,-4.209706452820538014e-01,3.013157741850266413e-01,-6.498967010558984736e-01,2.592588022608666165e-01
-4.690463430084609309e-01,9.274398243273166420e-01,-1.205172923007209240e+00,2.377427661318021190e+00,-1.177395445175762889e-01
4.043216995740571917e+00,-1.408258252810818290e+00,1.425140377861642271e+00,-9.341835686230566260e-01,1.241033050202945187e+00
9.576808574464500401e-01,-1.659689643305447770e+00,-9.561299538192109537e-01,1.344805350982917425e+00,1.114646066770137445e+00
-1.809613100322678303e+00,3.559793716357566029e-01,-2.797035078786932694e+00,-1.210970061038284085e+00,1.091455498413114400e+00
2.228528401480240007e+00,-2.921757474519504627e-01,-2.769928836706136543e+00,4.822892655780266935e+00,1.682567625489231666e+00
-2.192768574327028652e+00,7.089236898475008708e-01,-2.957173944368433061e-01,1.427253836625527850e+00,-2.337725537586679891e+00
2.705202380523779038e+00,-7.647016633894756499e-01,-2.839165001948307676e+00,1.174496618500977529e+00,1.477667373468710021e+00
8.038013538373907085e-01,-7.628826136073167952e-01,3.239488471758603438e+00,-1.520042961130099179e-01,-2.491811921476152492e-01
-6.686784884379597393e-01,2.013871903083355619e+00,-4.565514578012702107e-01,8.492467656619684391e-01,1.690301290742610707e+00
-2.358348915259200762e+00,2.345174982939444985e-01,-3.254796958009729568e+00,-3.537301271032935457e-01,9.294069608426751561e-01
-1.132392974179206924e+00,8.751760715706096150e-01,-1.676589752054350679e+00,1.016483734677782635e+00,7.517978647600556119e-01
1.543415221710201735e+00,-7.537492008599798732e-01,-6.055787714691915902e-01,-1.813651789428232242e-01,2.020023423808653629e+00
-7.669179561990657756e-01,-1.595588560462870342e+00,1.007471447690747035e-02,6.902497890648260359e-01,-3.157210072358901387e-01
-7.253505131472238743e-01,-5.003377892388970460e-01,2.278775491356705096e+00,-2.027330786584004230e+00,-3.333477745169204365e-01
5.829228132725772227e-01,-1.736957671086964083e+00,2.229857058898095712e+00,-1.345674695247566444e+00,8.140599068117718717e-01
-9.310176911660039689e-02,-2.978619882900542248e-01,-4.010108478751869043e+00,7.481972958220490799e-01,1.221529811641231422e+00
-1.002468193728086376e+00,9.057437822054404952e-01,8.378002212894650746e-01,-3.206619616603236356e+00,3.530724991170142157e-01
-1.766615854301647914e+00,-1.823836966785560065e+00,4.105876417237752651e-01,6.562569393114982275e-03,1.780602361761490782e-01
-2.039683582459830280e-01,9.631594555701490368e-01,-3.232746791772787009e-01,-2.128584561122123908e+00,2.358373072959414785e+00
1.721453394218920518e+00,-9.848367893653006688e-02,-1.101688567750706005e+00,-7.330598714751441758e-01,1.053621145894700684e+00
5.786600501289635989e-01,5.149182351879871833e-01,1.183136190431363977e+00,-9.607819669033175192e-01,-1.440321455175423981e-01
2.744078030751261110e+00,-5.149689880401076003e-01,-2.482140240789521002e-02,4.699766789102174935e-02,2.012791020638829753e+00
1.870915663915337923e+00,-9.838130157247114704e-01,-1.162131523785222109e+00,1.764842182181244112e+00,1.607569362897827148e+00
5.860057838851453482e-01,-2.892903860813782896e-02,1.045796501196026185e+00,-5.567243583341896507e-01,3.492935486253798127e-01
6.302219594126370339e-01,-1.082405410458105871e-02,-2.369258553293815961e+00,4.424952665642634564e+00,1.180440861550912990e+00
-5.689150564172825719e-01,1.236114048339256088e+00,-8.138464082462792959e-01,1.137362171914685138e+00,7.884479627470666330e-01
-1.092315846315220496e+00,1.192814780024226834e-01,-1.509207488698375510e+00,1.548262603261643111e+00,1.785754871895094187e+00
2.762298681500998665e-01,1.770399882812989656e-02,1.470458960182257968e+00,-2.300142854243719892e+00,2.250514855352143684e-01
-3.082210802613725154e-01,-8.207013222390897589e-01,-3.519331582761656696e-01,1.482082107237887136e+00,1.059200591706794370e+00
4.365937035472973182e-01,1.863832803133419827e-02,3.651468989576521773e-01,-6.304351345381807858e-01,-6.846209490095667149e-02
1.278028819254209969e+00,1.268475975337474970e-01,-2.264040527409011183e+00,2.470775431889888019e+00,1.121415353373469204e+00
-7.212086320226013259e-01,9.421598740983706810e-02,1.224202336575227479e-01,-1.399048350755549563e-03,2.145488904678276576e+00
6.639973859459400440e-01,5.732617240123917268e-01,-1.591082257209882389e+00,3.934279272477646527e-01,1.841485166710377985e+00
7.308560796895371414e-01,1.155847532092578955e+00,-5.651279705269510734e-01,2.944514574417702590e-01,1.401781611511292658e+00
-1.319617749364705883e+00,-3.470990350625673959e-01,-2.131410595949791986e+00,2.293991957320922648e+00,2.432922410955610903e+00
-6.104344259439561382e-01,-3.805191350420922825e-01,9.419772616766232121e-01,-1.768091609961367938e+00,-5.301982314676719765e-01
4.331220648539965135e-01,1.098292223462976169e+00,-6.643372484044851589e-02,4.771931923408356813e-01,1.263028331305861451e+00
1.389591856272034409e-01,-4.725976986762945309e-01,-4.550435157232303185e-01,3.475668290878040079e-01,2.933700574430386343e+00
-1.675765200998631022e+00,1.140769406776428685e+00,-1.330273390674370226e+00,1.185746662549892694e+00,1.682746885309857721e+00
-2.865303393087990980e+00,1.213195921446314163e+00,2.938010937257078403e-01,2.837014960538305486e-01,1.531845283673879177e+00
-1.824918661909154860e+00,-9.800945615475295525e-02,-1.256183094396452482e+00,-1.521011868313471460e+00,1.407735662014752531e+00
-3.138069780313231805e-01,4.691071214871949113e-01,-2.465030579442628600e+00,7.748668936079736724e-01,5.111819455992079320e-01
-1.041825691569506329e+00,6.196929877447213686e-01,-1.113220795860270229e+00,1.022664781874649043e+00,1.174989760569338237e+00
-1.366597085719471139e+00,5.745899994932260890e-01,-2.111084247905881117e-01,-1.284341284972527530e+00,2.020362184573267328e+00
1.417579514902474802e+00,-5.763668270721601372e-01,-2.834615738737225055e+00,9.924939641185246408e-01,2.089466719897893565e+00
2.806062405179690522e+00,-8.032517189989623052e-01,-5.310232174969402585e-01,1.724248305206269372e+00,8.505736796022168589e-01
7.744308391875875941e-02,2.651245319496811081e-01,-8.591186207333858516e-01,-5.544476331200454133e-01,1.176633282395875391e+00
2.975232055535736997e-01,6.300542078410101832e-01,-1.550580153078396251e+00,2.976736564483969616e+00,1.809323678835188964e+00
-1.744720239282866903e+00,9.974542648640267739e-01,-2.575628208963109955e-02,-1.984422763069057627e+00,1.412490767412610815e+00
1.437913469592327909e+00,-8.009814439464824076e-01,-1.405837203639599409e+00,5.307855053820220714e-01,8.192325912304124769e-01
-5.773732061677689931e-01,7.055046045914413755e-01,3.548255884436645857e+00,-1.695412862082207539e+00,-1.129459863684957321e+00
-6.311888102156396618e-01,9.504082203334401902e-01,-1.871195946680153099e+00,1.869668043804957547e+00,9.859923364779720201e-01
-1.539354320539020549e+00,7.788105464969713454e-01,-1.194930011744659737e+00,-1.567999066150094767e-01,5.008565631038781607e-01
-1.088000054533914129e-01,-1.216462884238438624e+00,1.638349111099379307e+00,2.169397819164003982e-01,6.933353925685918906e-01
-1.299620822214337945e+00,2.859210155330552117e-01,-2.947400163818952645e+00,-1.281440233014028873e+00,7.699379219891624437e-01
-2.848221505268150544e+00,-1.587245608531817176e+00,4.219092701686044111e-01,-5.078234164775439208e-01,-9.411873038082996246e-03
-1.010325528263202183e-01,4.179725708258950206e-02,-4.396258173061585950e+00,3.619728938028983656e+00,1.223910249072202472e+00
1.192300731659436286e+00,-1.476421716740479839e+00,-1.381019442756734050e-02,2.443896159609767249e+00,1.492594213567045358e+00
-5.902929667097812638e-01,-9.831830731585756711e-01,1.750875649810866186e+00,5.567481234436508775e-01,1.529435190626946550e-01
-7.560930321896217610e-01,5.498674624288407697e-01,-1.261670630567422569e+00,1.203802357734104600e+00,1.448425115618352521e+00
-1.480436809621024086e-01,4.814525965535188662e-02,-1.440395300413221280e+00,1.679876824388733869e+00,3.124333518561742462e+00
1.246764140699575085e+00,1.080958920097720544e+00,1.097240277044093937e-02,1.045513894266047794e+00,1.768229494121991596e+00
-6.664182868330554843e-01,1.030517584083275873e+00,-4.082628715859620172e+00,6.502861409355773503e-01,1.780586823856225021e-01
1.202241330373898576e+00,2.447102600466669609e-01,-2.043676255891612392e+00,2.560351441654646898e+00,1.083727479123566484e+00
-3.576201448818911999e-01,-6.908944995896934005e-01,1.752457343894723296e+00,-2.374644749777301556e+00,-1.615779394997167717e-01
1.793693674082876832e-01,1.731752030065287773e+00,-9.259263496953354933e-01,2.987346491792077341e+00,1.110285336469702733e+00
8.794570339154377248e-01,-2.321203302494682763e+00,4.096756832334643161e-01,-7.879580164559845112e-01,5.716833282297190122e-01
2.016046299089717220e+00,-3.232591554672005763e-01,7.735613287951250694e-01,1.603785689084545663e+00,2.627657760263333864e-01
-1.093088852761360030e+00,4.081912293098189926e-01,-2.837516624279198041e+00,-5.908815032180976257e-01,1.416168958156018620e+00
-2.001810525487296433e-01,-3.994809338538242716e-01,-4.848658989768527272e-01,-2.587717653485334113e-01,2.590700757448139768e+00
-1.992353813749403457e+00,-1.205701918563450104e+00,4.243797694512805307e+00,-9.877157690445665938e-01,-2.381137561056401175e-03
-4.346037794364643325e-01,7.558246873246055042e-01,-2.304623809969851500e+00,-1.553237898099351977e+00,1.346684444662392899e+00
5.120945825042654276e-01,5.372950551562054589e-01,-1.802739344323715187e+00,3.872222208700695223e-01,1.834945845805261433e+00
-1.263008358411911169e+00,-1.582496205469053674e+00,1.167506692478992525e+00,1.257868462680665322e+00,3.282816526417706715e-01
-1.281996723338236777e+00,-1.469884446231056963e+00,1.739663401303526813e+00,-6.689128200924940870e-01,-2.041335187547954622e-01
-1.525205801088151958e-01,-1.662768313596426406e+00,-1.146628292014477024e+00,1.559315870623808387e+00,2.093107564911215412e+00
-1.373192900815315198e+00,-9.154975753216626488e-01,1.371004112742444381e-01,-1.048910622376413748e+00,8.625559658177806011e-02
-9.108660316947195801e-01,-8.753328675035536577e-01,3.794800136561024217e+00,-2.340395185718388227e+00,8.989820026616035520e-02
2.917327050876023620e+00,1.397118321731080304e+00,-1.016841509944294453e+00,2.197475083892250769e+00,2.555391983192906391e+00
-1.541209628446016389e-01,1.798250628036419885e+00,-1.427048710407455623e+00,1.132063509584564143e+00,-2.948607646687460004e-01
1.521854307923785621e-01,3.077446380187195962e-01,1.896479467496288374e+00,2.298106049681987173e-01,-6.486230406052350128e-01
2.442205741969621369e-01,-5.595879238885718143e-01,1.248122651268930516e+00,-2.348319955352049959e+00,-1.708094335095688976e-02
2.712642206016002255e+00,3.671656436127002654e-01,-2.211172847979916423e-01,9.720050502450443553e-01,-2.326589043575022497e-01
-8.342377701608297835e-01,2.155175721097197794e+00,-6.270278538486317998e-02,2.246525828594819529e+00,1.753502106407730077e+00
-8.396070292734583163e-01,2.440600689501355169e-01,-1.924083112137335627e+00,7.321932295154286174e-02,1.686790124427759663e+00
-4.585604134150367273e-02,-5.296498485638393428e-01,-3.003666021416784293e+00,3.924204010461652903e+00,2.000327117051777570e+00
2.512150454153236900e-01,1.851064748744142285e-01,-1.339766833889270092e+00,3.862087992522578617e+00,8.518863377594082520e-01
1.129144783582960443e-01,-1.416614756017177790e+00,5.627417723939989180e-01,-4.354684250292263914e-01,-2.321741237354093546e-01
-1.113153690247061345e+00,1.192284651284916785e+00,-1.454144418709883535e+00,-8.081303446558391057e-01,9.782458907584972163e-01
-2.183217670941205724e-01,-4.119019555880667482e-01,3.337182174755171093e-01,1.896483176081139810e+00,-7.015905521589030913e-01
1.890252170505505980e+00,-4.806097426177497467e-01,-1.394360801290261298e+00,9.737670437554899472e-01,1.394002580984342377e+00
-3.517595994392804237e-01,1.471605893744137639e+00,-2.407864884604886679e-01,2.155471287739467279e+00,6.364500354475144395e-01
-3.208000752452310755e-01,-9.684123185739922368e-01,1.361522232520062214e+00,1.217189211003758542e+00,-2.893870651852018527e-01
5.146085841066458944e-01,6.316046841539731949e-01,1.170302499915271355e+00,-8.723721872104248654e-01,2.452091649346087809e+00
1.676372851621362514e+00,5.529073558198483590e-02,-1.641111679932867551e+00,2.838131036507742788e-01,2.374063119151490042e+00
-4.755138981862847558e-01,1.827799340681255602e+00,-1.674721714886767021e+00,-4.325279771101214754e-01,1.491166278539937551e+00
2.844324864065477243e-01,1.079676355205546612e+00,-1.989362921344827617e+00,9.658406278137521284e-02,6.968499845260464065e-01
1.357878597543002552e+00,-1.391109237877290739e-01,-2.283425611580927050e+00,2.549280305879818798e+00,1.071939259594124616e+00
-9.928247792564559582e-01,-1.195376692052834811e+00,-2.628974825018615569e+00,-1.027000209897793725e+00,3.425077837074702813e+00
2.801291381694082983e+00,-1.274149184665732015e+00,3.857848930765579443e+00,-2.297938152243007792e+00,7.679722931784485063e-01
8.551206946840423928e-01,-1.562091691712961694e+00,7.143152737145844755e-01,4.556480117482828440e-01,1.414985136095159746e+00
-2.112720075254344465e+00,5.303527728411928654e-01,-2.861239557341207274e+00,-2.692139447996722001e-01,1.073996195786611541e+00
2.061836744285570067e+00,-2.112736878190173140e-01,-2.556589223782134823e+00,3.794008949058706115e+00,1.502715262280725828e+00
1.379463479777310875e+00,-4.768791227771975727e-01,5.686688177836118907e-01,1.077544853743883646e+00,7.359825831258702822e-01
-8.147952240972311522e-01,-7.731737618974123816e-01,-1.217643998365171232e+00,7.809477262336556036e-01,1.301237366264524908e+00
-1.371777601868442886e+00,9.707333228244859891e-01,-3.067997059841840901e+00,-7.404794155071293682e-01,7.013675264245300411e-01
-2.049264277429954983e+00,6.613563969108625651e-01,-1.120250483608413283e+00,1.462241241663772451e+00,3.089205549193430045e-01
1.068699138556602257e+00,1.607844822894775594e-01,-4.755570309955693409e-01,-3.227751824300124084e-01,3.190114896889594265e-01
2.296397050209412427e+00,4.699085898378311810e-01,6.435494740469220876e-01,-1.898909729047456807e+00,2.765379361761219457e+00
3.395278903143090332e+00,1.312356211477581081e+00,-3.638582445289598954e+00,3.741389912719133015e-01,3.346271731704969277e+00
1.753563116047337278e+00,-1.943588622621992279e-01,-2.011192476299177301e+00,2.297782862444638141e+00,2.503120334866814289e+00
-5.780204093878060778e-01,1.197107247740430092e+00,2.302336637268040942e-01,1.054400255012882370e+00,1.559959456174411230e+00
1.468625926011822846e+00,-2.847557884565296571e-01,-1.194361446227210077e+00,2.757015154406061153e-01,1.401326733053753326e+00
-1.594168935733219161e+00,-1.930786203740843865e+00,2.319043712320794537e+00,-1.980649055704497563e-01,-2.641243527952508163e-02
3.191361185241285092e+00,-7.622844198930126547e-01,9.714473258385258880e-03,-2.483900447936413514e+00,1.066611639524821520e+00
8.974457832284346015e-01,-5.090799526375914263e-01,-9.597990582775091095e-01,2.152357560586231067e+00,2.529235146690909097e+00
2.460981373336807110e+00,-6.620642156893766783e-01,-2.116563326446952775e+00,2.314622105224877213e+00,1.308851706422882399e+00
-1.255531643369577566e+00,6.499499640473654916e-01,-3.000291774115410259e+00,8.090074959741048177e-01,8.525856476313549148e-01
1.755463560700258885e+00,-1.032413837731392281e+00,-3.266993616023591507e+00,2.726835740464368385e-01,1.455957633308564425e+00
6.453842389009407654e-01,-1.970812592200793523e-01,1.620698705822925634e+00,-7.256669557514835445e-01,-1.417782351721476042e-01
1.589025872223255309e-01,-2.434199395630083640e-01,-1.039074012626146404e+00,7.189864095903963914e-02,5.953425149964761687e-01
-2.267436360188217481e-01,3.120882856288073604e-01,-2.838178280175682300e+00,6.619201544984614216e-01,1.307425652802304494e+00
-2.176275025412793607e+00,1.030006677054154940e+00,-8.035993733045935228e-01,1.373974171474101391e+00,3.288144482893606835e-05
1.507253288439981631e+00,8.803941287440043839e-02,-4.338868861966429513e-01,-1.119217820376631201e+00,1.968907214996875377e+00
-9.149273647685209898e-01,2.832078695429776638e-02,-2.028748384160257601e+00,7.314635409529191001e-02,1.802019989811451062e+00
-2.426741360943758807e-01,3.240212160099276706e-01,-1.799690873932242585e+00,1.613201031673001218e+00,1.764376520327486375e+00
-4.801692882226709091e-01,4.220447123224486674e-01,-1.482979673044712232e+00,3.101951936304625512e-02,2.992302515051701306e-01
-1.293280630723326663e+00,1.092988117420817140e+00,-7.296819707845658698e-02,-1.132850458230346691e-01,4.605316843511220171e-02
-7.046014093324991512e-01,1.113938652761962828e-01,-2.542573202904792495e+00,3.558782081793141483e+00,1.768445316833298753e+00
1.214170001991065062e+00,-1.437920752260758661e+00,9.201310961865445393e-01,-1.704460747954565480e+00,9.575846087273408580e-01
1.891378337487391592e-01,2.252789810470314347e+00,-4.217309476958218672e-01,2.020682650182835660e-01,7.470023132139851363e-01
5.314420452369852388e-01,2.343072335391546357e+00,-3.351549852852203415e+00,-5.872828505926874776e-02,8.738601674427869115e-02
3.432769260189028060e-02,-3.467822372231497696e-01,2.345477617166835671e-01,-9.316984051168795133e-01,9.477827682412487409e-01
-1.578822402158397864e+00,6.972889359035080448e-01,-2.255166806449274031e+00,8.256314103390633985e-01,1.480306704527130091e+00
-2.637325429525632092e-01,1.570753369996926926e-02,-1.936240365622579729e+00,1.855963233289896097e+00,8.250845767746850523e-01
2.720209937727557037e+00,1.445538538953784924e+00,-2.350562949340949892e+00,1.213019214115490962e+00,3.164244468664978882e+00
1.264075451508119841e+00,7.039665014828204725e-01,4.069258437373369786e-01,6.822626954175059488e-02,-5.048599844433966366e-01
3.365600477310721761e-01,1.922518579645571712e+00,-2.291244965232615449e+00,3.616028382243538619e+00,2.324488749348535555e-01
-1.912252321758090012e-02,-1.326682506610842582e-01,1.627264010245982107e+00,1.987198959701095724e+00,2.279355620991208309e-01
2.144530974294606374e+00,-1.592273409598092604e+00,9.074159784395470218e-01,-1.534607123219298153e-01,1.087577722429370342e+00
8.994962377138923104e-01,1.874705542550442416e+00,-1.116258821760442110e+00,-1.350554760297100643e+00,2.638698450234288617e-01
1.179317377732777228e+00,-3.667467159703805546e-01,2.028089746449659891e+00,1.937415658672951402e+00,1.905082193399447177e-01
-3.413234693129533204e-01,-1.123178698579186952e-01,6.052935574258915263e-01,-7.436667711919620061e-02,4.681998333278901137e-01
6.541693981143191783e-01,-2.331599873897773068e-01,-7.985522506502433782e-01,2.342092831496946914e+00,1.844169399515276808e+00
-2.396254021181162930e+00,-9.343238155249429244e-01,1.207805366862994667e+00,-3.153442718896720898e+00,2.813200998984992651e-01
8.648985915261379054e-01,1.309412886682186139e+00,2.073684006089841603e+00,-1.233988596242104219e+00,-1.580362032568912944e+00
-2.544249324050492089e-01,-1.684542150671678451e+00,1.965080753263791058e+00,1.070607580116603508e+00,-8.462368916238012240e-01
2.319788846457031095e+00,9.503276769759826381e-01,-3.679375361662778898e-01,-1.653280254431964247e+00,2.332079075213337127e+00
-3.369836575724882710e-01,3.235665369575946304e-01,-2.281609853965253176e+00,2.701292737750044193e+00,9.087984877144772433e-01
-1.665708702708425526e-01,9.973571622730568187e-01,7.893625963687318503e-01,-7.062802627010638101e-01,-1.269591345093553647e+00
-1.911784956870290042e+00,-2.020216029311488803e+00,2.240373274512861279e+00,-8.773652350138015921e-01,-4.142691567725069746e-01
2.444255854500799963e+00,1.100039511396939396e-01,2.536834620389891715e+00,-1.776317442762386456e+00,-3.920035437665029265e-01
1.854435492777495309e+00,4.172129515147222079e-01,-1.681815284770431518e+00,1.772972609674370315e+00,1.901708195297972637e+00
2.857917339826043790e+00,-6.173051667443352208e-01,1.529065413260257245e+00,-2.708038312497778932e+00,2.320978558984282181e+00
-1.184795181691818966e+00,2.174313669877283028e-01,-2.873917543734600066e+00,-3.245742457128246716e-01,1.412100618060632140e+00
1.602148724388152701e+00,-1.115491906708200066e-02,-2.317370911964424796e+00,1.828803348885612579e+00,2.155031738339054037e+00
-1.330246456343744388e-01,-2.697616255922502759e+00,1.232997866226479333e+00,-2.528592687731622934e+00,-8.148358642337353297e-01
1.955668940492232694e-02,2.409002186231505860e-01,-5.525368666002816731e-01,-2.245611660457357939e+00,6.497689694420385464e-01
1.184005875158103294e+00,-1.186661618100905563e-01,-5.462356540757378198e-01,1.535409078791019954e+00,7.832113011350588794e-01
4.329072685912877638e+00,6.895316144808640857e-01,-8.096990108874538850e-01,2.456594296797852017e+00,3.058955290327642906e+00
4.245910764386932046e-01,9.103782264263620139e-01,-5.009657396108888605e-01,8.975313100976946012e-01,1.534890105400005256e-01
-1.555838991766050228e+00,-6.516746458930227082e-01,1.544476745211506019e-01,7.250007082963566551e-02,-1.505239992781820302e+00
6.652570908731683108e-01,-3.996991001625224693e-01,-7.920210749505083303e-01,2.739004590833057584e+00,1.096792171551304484e+00
-1.271029766814993356e-02,-1.007282439254705564e-01,-3.513503884731164817e+00,6.294001771845283422e-01,1.439572284758911636e+00
-1.000724065848064281e+00,2.468843409305310557e-02,-5.012127938475592348e-01,2.212703163251617866e+00,4.551489310490804963e-01
-9.140064003977220741e-01,9.927971980260952289e-01,-1.825515878752001608e+00,1.786311185399820367e+00,1.361266159404353804e+00
1.191274758908546616e+00,5.726475404925968071e-02,-1.472459962140866718e+00,1.517392217775192620e+00,3.350318475143083674e-01
-7.918508302242444064e-02,1.063430055786165562e+00,8.626983457046012438e-01,-9.187320382702739430e-01,1.637922789230692899e+00
1.166070496603307971e+00,2.159276960055863892e+00,-3.735573529186519970e-02,-3.181941456888626174e-01,6.697184851273529915e-01
4.271699652162587180e-01,7.870910776063275160e-02,2.473059209047652640e+00,2.680948093807271171e+00,-6.879376805785900606e-01
-7.625517764880390681e-02,7.635650672898530722e-01,-1.095674845075799375e+00,7.747994922413367069e-01,1.908978588403998033e+00
1.590113578892896617e+00,-1.204642945070654836e+00,2.218885601110263561e+00,-2.270137201679668593e+00,8.490529031914804126e-01
1.776107041800024655e-01,8.502118892480908796e-01,-2.134720082673116526e+00,-3.711713683162455868e-01,4.673634591683467621e-01
-7.495589927369508132e-01,1.339004460101069771e-01,-2.518098945009989098e+00,3.588255576935562630e+00,9.186010165339072442e-01
-2.380540949846059462e+00,5.983311744924374453e-01,-3.669067625929625542e+00,1.845444984985395331e+00,1.414213932474106539e+00
-8.928711119007182173e-01,1.101362916389496904e+00,-2.548776959950642684e+00,2.275789841236500077e+00,4.625950536575990091e-01
2.122069531909406948e+00,-1.368458276680187380e+00,-9.802458765110568795e-01,-5.933284673626275652e-01,1.557710844751253987e+00
-1.637631787881087542e-01,-9.794335056601423117e-01,-1.085373617101898391e+00,2.249570852778563612e+00,-4.021376868226176349e-01
-2.333484004491515329e-01,4.035299029231173007e-01,-2.072708277595273429e+00,-4.430249648461871415e-01,6.720054912925320645e-01
-1.849416003969486244e+00,1.266494750274443248e+00,-9.681148638051826349e-01,-2.561840042338603407e-01,1.439811581799578244e-01
3.320584968785705193e+00,-5.872848449929028991e-01,-2.592435479394922027e+00,1.216232002593222061e+00,2.078141835559239592e+00
-2.450346830935198339e-01,1.439073329580787819e+00,-3.071206637455299315e+00,6.193047630369332701e-01,7.005847677508532101e-01
-4.066845016304971305e-01,3.154889578422759855e-01,-1.950955528277877216e+00,2.216582789684936383e+00,7.830192362395524963e-01
-7.009697599362697540e-01,1.722164569582927074e+00,-1.289265265902931556e+00,8.513363349341398489e-01,9.304204358125021113e-01
1.872797354848500184e+00,-4.497580473089068387e-01,-1.395814682480439606e+00,-1.315488069230936752e+00,1.247711554979821003e+00
6.174255133934618556e-01,-3.730009314324362335e-01,9.251283979257722834e-01,-3.189880807676566121e+00,5.144584130156926172e-01
2.799906790075012974e-01,-1.085918998365758142e-01,6.829737317053028445e-01,-1.010821080542920747e+00,2.369400308095692687e+00
3.659975370951168649e+00,2.626656167884267590e-01,1.204297457627567347e+00,-2.868449651042157988e+00,-1.330208683786053836e-01
-1.495199126970916836e+00,9.713479261005666388e-01,-5.708129173254745670e-01,9.284889842800845283e-01,1.601478790678520170e+00
3.355981404200353069e+00,1.236759265749538983e+00,-1.923723847873002324e+00,2.593225071441407792e+00,2.714414884062353650e+00
-1.853670689424812057e+00,1.076063868790590794e+00,-2.068341550780822935e+00,2.944433215179207863e+00,1.009955771174737116e+00
1.254337028644578744e+00,9.975858877172866235e-01,1.375252180243757838e+00,-7.428201354007679669e-03,2.078925686277448115e+00
2.597203532055514241e-01,-8.522353206944257575e-01,1.729633598707542630e+00,1.480403244383567518e+00,5.237476722884322200e-01
-1.749631473980993723e-01,-2.577625910412374433e-01,7.682618171804694862e-01,-1.526938549598044759e+00,6.849722784748981663e-01
1.859464299531078613e+00,1.393829002452377841e+00,-1.820347252748490519e+00,1.152793687897292196e+00,9.444857903621547424e-01
-2.217546856335737004e+00,-9.515078829582360176e-02,8.811702672328578512e-01,1.400375286615971326e+00,-1.241723366554934760e+00
1.429722795272701408e+00,-6.359078257996099159e-01,-1.429441472484494380e+00,1.587422449698767224e+00,8.021406013536870327e-01
1.022367901699833936e+00,-5.948607894902520343e-02,-8.314540529470710872e-01,1.994242295873894122e+00,1.400053047718428756e+00
-8.628227793127936085e-01,2.378762964791718004e-01,-8.515076490258031150e-01,1.434617134308881603e+00,3.095313119464083718e-01
4.279401000631335439e-01,7.160773372169905449e-02,2.146621860045984320e+00,-2.207553069627255393e+00,-4.601979765601855732e-01
-4.823740957073332503e-01,4.115501672022383595e-01,-5.476457462138188959e-01,2.151070856170912649e+00,2.944764420399024196e-01
-5.906329306050916994e-01,2.605302412676115953e-01,-2.280271787245482518e+00,3.720213134670565580e+00,1.618022158611297279e+00
6.441388434900885418e-01,1.375544768308443189e-01,1.412771192911300266e+00,-9.704223737623789425e-01,9.607370019698580066e-03
2.312049230582488679e+00,1.052632570635221532e+00,-6.576857999533572974e-01,1.116339318193852126e+00,3.284199182634205183e+00
6.671608489786651219e-02,-5.031967429588023455e-01,2.383251824426865451e+00,-8.257262930885823637e-01,3.444129719976459225e-01
1.756180636344397250e+00,1.994446390109854417e-01,-9.698518569176250992e-01,3.469324656583235189e+00,5.524971301035169757e-01
8.364037771909315078e-01,8.610611246557750009e-01,-7.261214287990037652e-01,1.159328241858953445e-01,1.899622202769519985e+00
-1.545565535733439688e-02,-8.611041909023994245e-01,2.193375718275091035e+00,-1.169000811624524294e+00,-1.082334121966802343e+00
-3.273482213112897110e-01,-2.592344039946624434e+00,1.745378762721933708e+00,2.042055264849266472e+00,9.682424686531367897e-01
1.175695925496738070e+00,-2.184842094121156597e-01,-6.286678289222187299e-01,-3.409035504264881666e+00,1.965782794416337076e+00
1.516266259727383936e+00,-1.493882204642633937e-01,-1.417864733278803691e+00,1.916848518465947837e+00,8.972605985375280424e-01
1.491794392499153243e+00,-5.018723964567969320e-01,7.750730989859273556e-01,-2.370660615169471352e+00,7.602123336959315525e-01
-2.251922635925848737e-01,3.633171162541278809e-01,-3.030997732468795114e+00,5.111983999954060609e-01,9.685332454911325106e-01
2.878985256452957775e-01,1.444452922353264057e+00,-3.856599725921616706e-01,1.490296118054306174e+00,1.154640119436832979e+00
-1.749564514784371083e-01,-3.118739305566169476e-02,-2.027523985980960841e+00,2.711274342152671935e+00,1.753494715434025908e+00
-3.612193791588082625e+00,1.400945296352124281e+00,-4.300984804086590785e+00,-1.687846645330395301e+00,6.999165214462674811e-01
2.124859447968203252e+00,-1.187387501817779162e-01,1.235132606991518944e+00,2.384877553221488533e+00,-8.174995412576491205e-04
3.828769380469029260e-01,1.406087687273330999e+00,-7.835449368575402307e-01,4.981623805674035843e-01,1.318121598394891070e+00
-1.282545806127584065e+00,3.390780234767750145e-01,-6.386418366457646822e-01,-6.618698923801857870e-01,1.355151117154879348e+00
-5.262587247790030398e-01,-7.793378188073377677e-01,3.252279580495867961e+00,7.890452124571203374e-01,3.999850619829855569e-01
6.995362236582534088e-01,4.764355838946773836e-01,3.951579998508464087e+00,-2.932125985992454886e+00,-8.245169887940630993e-01
6.164138881448999463e-02,1.759896922722795770e-02,6.252794193633668396e-01,4.287428726422586323e-01,1.063142542706163596e-02
1.981933426971862033e+00,3.089219254967124684e+00,1.416065226451243442e+00,-2.391130358525016320e+00,5.865303994479440508e-01
1.407396217323918730e+00,-6.546760670908572388e-01,-1.188808000259010900e+00,1.243940355169151912e+00,1.918771101408569824e-01
-1.120734518381341083e+00,-5.914957859973263288e-01,1.947400224221940368e+00,-2.298091816644968866e+00,-1.187412678731517346e+00
6.025171322899314230e-01,3.200373173778269242e-01,-3.148046751031178259e-01,1.181090589877143104e+00,3.417909224879867591e-01
2.853639025947589669e-01,-4.607730815805934910e-01,6.292845791787007315e-01,-6.711802875753170028e-01,5.022420338209077073e-02
3.604950268776491717e-01,1.965229717183351599e-01,-1.708453016976482219e+00,7.241407583303306472e-01,3.157246304044123431e-01
1.365967960594950847e+00,-6.795616665425363578e-01,-1.121342006676410152e-01,-7.232018320046740278e-02,1.080367641383284116e+00
5.222044292770295915e-01,1.757279577970745299e+00,-8.364906386299267860e-01,1.627445294925783159e+00,2.521155875975479965e+00
-1.558446503801360350e-01,1.094102197812558241e+00,1.903322717044831469e+00,1.958767424666480794e+00,-9.998478256417620003e-01
8.482446609899287893e-01,9.426006797082626676e-01,-1.933752858710123590e+00,2.367079321555371596e+00,-1.497844203325439105e-01
7.685996891001072306e-01,7.187316613100223073e-01,-2.055665458742651275e+00,1.146375710099673872e+00,7.333879234450003670e-01
1.813831721163324140e+00,1.068770661045088888e+00,-1.229997553682991018e-01,-9.476986289788911222e-01,2.008494052365149329e+00
1.352179060799347576e+00,-1.934837379617841691e-01,-1.966082324246051671e+00,2.722751746842505316e+00,7.683537251634274812e-01
-2.437570196452829574e-01,-9.841500263875324617e-02,-2.789071619567545790e-01,2.227420103598516832e+00,2.178677347178037405e+00
2.922582769972665862e-01,-1.121150382031173454e+00,2.857175773005214303e+00,2.614285291614926177e-01,1.966077628548479339e-01
1.194735205660324429e+00,1.865923500614857344e+00,3.146783096767084009e-01,-3.010646464342860984e-01,2.050318432917441314e+00
-4.985512941794764674e-01,4.304693345837942164e-01,-7.234123274345387600e-01,1.419033375978282940e+00,5.576079578140025195e-01
7.454909758846934853e-01,2.716851196633824905e+00,2.301057700148344320e+00,-7.888359775767062043e-01,4.963613043824262050e-01
8.449675823784373874e-01,4.099003731638842796e-01,1.187506379383754584e+00,-1.240503140696698203e-01,-7.941538920580316629e-01
1.437475216710023984e+00,1.895381970054996978e+00,2.472544549348922871e-01,3.598425431071439751e-01,2.363484041937470082e+00
-9.435875413063836703e-01,2.489425675791068215e+00,8.123171734003017397e-01,1.926626316236759617e+00,1.237093912610634394e+00
6.761891359810404678e-01,5.735811122341689661e-01,-1.268347688008546470e+00,1.935580109960312045e-01,1.690768482807824269e-01
3.336268438578995799e+00,-1.333595875461713431e+00,-5.047779812198747162e-01,1.850297397117308118e-01,1.410946388959039677e+00
8.207625630864876509e-01,3.440251072696952628e-01,2.677311509414687096e-02,-8.700704730491940486e-01,1.427451266197534707e-01
2.213139621558182668e+00,-1.416957241394837252e+00,1.032333540376884962e+00,-1.764939678239317855e+00,1.080243168599629877e+00
-7.705967162843840867e-02,-3.599178572357238093e-02,-1.754174412324251531e+00,3.821666152840954567e-01,1.777510704084832360e+00
-7.073550965391121048e-01,-1.704589529058253117e+00,1.409385129562464867e+00,-1.675277279511136808e+00,3.088149603288455891e-01
-1.833722706212358222e+00,4.845824076462947883e-01,-1.720821477462592952e+00,-1.302827808579316793e+00,-3.802318311007417684e-01
3.448169103314886463e-01,2.307664227133152390e-01,-1.907234607317263908e+00,5.621377156238753781e-01,1.154180776097497585e+00
-1.695345632708545658e+00,4.405604228030388647e-01,-1.877732449017778249e+00,5.419847008872107352e-01,1.469473196545803440e+00
3.482581835354936928e+00,-9.542717952556651895e-01,-1.402825693683213526e+00,4.476049880126550251e-01,2.123685932897764417e+00
2.875746851121118719e-01,1.486051979360213826e+00,-1.591533563226458892e+00,1.557112304478276421e+00,1.459228824589660967e+00
1.304367367376707554e-02,1.184465999421624671e+00,2.436850826754960231e+00,-7.661262410602966977e-01,-1.235564130644862590e+00
-6.646377128277308755e-01,5.406274806807224165e-01,-9.858423568513405844e-01,1.319247929339681935e+00,3.958939744127340510e-01
3.098611610523446913e+00,-8.759566678065745515e-01,-1.267462484618081531e+00,6.046126739826442886e-01,2.006948854738458188e+00
2.067002160173521119e+00,-5.713819144873122369e-01,-3.995331471184576655e-01,1.244768943733240096e+00,9.229917945935711687e-01
1.410012521937426655e+00,5.675700086984148069e-04,1.538511147056628392e+00,-1.786395368721307220e+00,1.576373365559788908e-01
1.571538975433480534e+00,-1.168531780782967155e+00,-9.689899326741986396e-01,1.341631846703273290e+00,1.714819269393101919e+00
-1.767106828000795105e-01,4.848538018805410021e-01,-1.523786442799542229e+00,4.662827331483213045e-01,2.057673950695987131e+00
2.112478595001964443e+00,1.197582453450421802e+00,1.788954429700767568e-02,6.819833682433436017e-01,2.067402667024388130e+00
7.891528799605505018e-01,5.283266162765658525e-01,-2.477833324250827973e-01,4.885481229009314141e-02,2.101544612288326785e+00
5.153948081394705838e-01,8.496415342700456286e-01,3.423873829565773352e-01,-1.153330074361002211e+00,1.333841260782457905e+00
-1.658732923599882003e+00,7.155325071016239713e-01,-1.800901147500303168e+00,1.442873802232322866e+00,1.623633511062602119e+00
1.205212918197152261e+00,1.981399155380609178e+00,3.435525622040231930e-01,-1.580451694177255062e+00,7.238617857578345527e-01
-2.604996017891408888e-02,1.700284164467222581e-01,3.977565379099445853e-01,-9.457837194487035415e-01,-1.342969163742017580e+00
-1.529668661652372919e+00,-5.964057435639718019e-01,8.968497818429831403e-01,-3.223493963525122741e+00,3.213596352838301584e+00
1.305203236918318188e+00,2.463189276360026270e+00,6.201463026969874504e-01,-1.959518147089130746e+00,1.870349237402798126e+00
-6.901567797414953631e-02,1.883441813119021147e-01,-5.761521680682271107e-01,3.141161695218256611e+00,4.259432659613301975e-01
-6.148010767760335726e-01,-3.654625685558388071e-01,-9.540543298927063320e-01,-2.770737989640524868e-01,1.190212906278258931e+00
7.109661665222448690e-01,-4.012014915793356562e-01,1.820517134137264348e+00,-1.217967990269802403e+00,-4.782663214448772404e-01
-1.427634571028618460e+00,-1.964033071716251522e+00,4.466321093918685925e-01,1.064181450048538036e-01,-6.032204583719189550e-01
3.096507630410826106e+00,-7.081518318557020741e-01,-9.453255893597065640e-01,-1.673599352153441577e+00,1.879083672337317434e+00
1.152529771810801434e-01,-7.779058602914670217e-01,1.260304887391627382e+00,-2.823443396240833181e+00,2.033303930761852785e-01
2.264446872834844804e+00,6.961026866663228008e-02,-1.877119806094473153e+00,-1.036114518573258092e+00,2.222245282366702934e+00
-4.579107762328173958e-01,-1.715502983799354730e+00,7.756036166512838559e-01,-1.669397916340386256e+00,8.851962378496652795e-01
2.834643580677493890e-01,1.060600061659154880e-01,-2.182959374500406113e+00,1.259680977158673443e+00,1.004690368255235722e+00
1.685418780012986062e+00,-2.015743234123050787e+00,-8.837026673253902675e-01,2.737994533311022938e+00,2.190559981369455400e+00
6.525671855447646719e-01,-5.160892619675651050e-01,2.559600338251446505e+00,-2.177709272136650664e+00,-8.116948758987081458e-01
5.499010065506899636e-01,-3.963713905154085948e-01,2.106271164330355550e+00,-1.570726271696034626e+00,-4.200814075899208522e-01
1.416546847132730935e+00,8.688948788362095554e-02,-6.844218047948009698e-01,3.071417340378388428e-01,2.032216195017487070e+00
2.105149527905108009e+00,1.011802861213246391e-01,1.868679992391973244e+00,-1.128346690775414718e+00,-3.283072880976256602e-01
-1.373043014690916941e+00,7.820420330790139873e-01,-3.676788655403085748e+00,1.988232840907926402e-01,7.019858091594197713e-01
1.735494889887502001e+00,-1.216677076680176439e+00,6.672736570436517134e-01,1.185799184204977763e+00,1.009561806741311907e+00
-1.546336533686633929e+00,6.145507024846702526e-01,-6.053396803157542472e-01,1.231053528353437176e+00,9.166244711153402891e-01
-1.378479659055092288e+00,5.686466267417172871e-01,-1.094486976739432738e+00,6.145473297726506967e-01,6.370729696418147014e-01
1.038797092771586827e+00,-1.792012189454828208e+00,-7.043057542942541271e-01,1.403711064716792745e+00,3.411302402345114615e+00
3.216004154412387628e+00,-1.440453408999016860e+00,-2.847265889868817013e+00,-1.522785860502419375e+00,1.816333561341370917e+00
1.016004786473884813e+00,-6.506383384285815419e-01,8.541852730755529199e-01,3.388692963199424479e-01,5.047272888079684661e-01
1.431141937758061145e-01,-9.882124737079462928e-01,1.641901817810547781e+00,-2.798300090504261650e+00,4.388041012107003480e-01
6.686240659207904891e-01,2.142913045017912355e-01,1.338402068713810955e+00,-2.812274367412587406e+00,-8.856030759036780386e-01
1.983532956788142787e+00,6.904961762409157489e-01,-3.559556917648832308e-01,1.119525974343434260e+00,2.729670519931488126e+00
4.950717817936347576e-01,-6.874526218002042777e-01,-2.365633550765629423e+00,5.773768421548441943e-01,1.402238642206732111e+00
-9.059799465500523175e-01,-1.410316915214365308e+00,-1.498968964434463036e+00,5.455940396983468554e-01,-7.489428553111390219e-01
1.591412223959088212e+00,1.926026822301440122e-01,-1.702435417842476983e+00,-1.128578593586349044e+00,5.380068944524206698e-01
1.438096203439834575e+00,6.163107900342492673e-01,-2.316896069009257264e+00,2.905067843766344637e+00,-7.003289133171519687e-02
-2.825083405431413119e+00,6.040926428314997709e-01,-1.115787476798983269e+00,1.630810871073345547e+00,9.685839867974619377e-01
-1.637662156074658482e+00,1.280796758771395538e+00,-8.663432586124055756e-01,1.533019592048783686e+00,1.397910566131456811e+00
6.394425406130569423e-01,-1.717941800773410188e+00,5.814599831146023412e-01,2.258713294904015068e-01,7.703004871222228767e-01
1.853421370925252276e+00,5.664731410555394753e-01,-3.039717694645798662e+00,1.154624119172086849e-01,8.656982309205507597e-01
1.012788158832584884e-01,-1.757010972898114254e-01,-3.486932966756595142e-02,-8.373920371577517896e-01,2.672700261672164013e-01
3.774383020137572764e-01,-6.257578756792939734e-01,-9.362144019956100127e-01,1.397620828791685144e+00,1.180871767708693509e+00
1.641517561436800499e+00,-5.919240438628391859e-02,-1.662697150389564227e+00,1.107604305311759463e+00,1.204348383913824927e+00
4.267246221635107584e-01,-3.024459587506375668e-01,-2.228665588773161677e+00,1.011897618416429889e+00,1.292916554930464201e+00
1.954114081594152008e+00,9.575108636289850761e-01,-1.280828055777540442e+00,2.927791025402965541e+00,3.859446335502012548e-01
3.123985753699577650e+00,-2.314338142898643813e+00,-2.717229750153544177e-01,-1.522867459965143944e+00,2.074285089833667328e+00
-6.714843587936067948e-01,-2.563561947741920810e-01,1.461833687778242297e+00,8.032665191501886515e-01,-3.432402572891870562e-01
7.904173582001638998e-01,-4.642137707189059048e-01,2.635793222518774126e-01,4.420241220587091124e-01,1.239721500855981651e+00
-1.938991133430886027e+00,1.276841264144639720e-01,-3.159420970780391080e+00,1.836973025850658914e+00,1.294963900279310298e+00
-1.201268465958970744e+00,6.481446326881835640e-01,-2.164400095714769545e+00,4.597417945776118842e-01,4.757166585954690774e-01
-1.073727713820015417e+00,6.397416372155952935e-01,-1.445904510507706631e+00,5.653233764893211832e-01,4.458221571447646969e-01
5.032657965819293810e-01,-2.095871763384030029e+00,1.448760271165539404e+00,-1.128224766346118679e+00,1.082408228389643456e+00
1.052899400732961288e+00,-1.777961918617689596e+00,8.312787562624626148e-01,-2.719377975101625600e-01,1.623733315095323704e+00
1.170057209444835600e+00,1.299126520576450394e+00,-8.804315215447398035e-01,-1.034659633986391603e+00,2.789910136414602837e-01
-1.225416923393001234e-01,2.051494577531509211e+00,-9.601925341363694022e-01,-1.792652584896708423e-01,2.180621443531593151e+00
1.730582619351353157e+00,1.714269643683893340e-01,1.623407977934574031e+00,1.411532849587123994e+00,-8.947561855375220086e-01
1.509616592209018338e+00,-2.153798101487420347e+00,1.287002572107561527e+00,-2.251483838751910049e+00,2.246097009397198363e+00
-1.157847220345836092e+00,-8.172126629407997500e-01,-1.495049833790731975e-01,-2.231770608847029713e+00,-9.643472063086115931e-01
1.633386321976041389e-01,-2.495947327855144449e-01,-3.207930468085334219e+00,-1.814876040307715988e+00,1.775623980555852022e+00
4.352545772030287363e-01,1.778615301355751743e+00,-1.714221216649827184e+00,2.313647375010011942e+00,6.141005521071645212e-01
3.760656841592882493e+00,-8.350909182139838460e-01,-2.119273984932164012e+00,1.049611190548690676e+00,1.689110476334447553e+00
3.291764947341461189e-01,2.919192949868843479e-01,-4.979035777150109254e-01,2.923231904999669339e+00,7.788480528748090714e-01
-7.465611668764893238e-01,-8.029725607116697805e-01,-1.345002040470390181e+00,5.151337309332627568e-01,2.076684072111030233e+00
-7.915735476456513542e-01,1.134590982556956451e+00,-6.545580051849957393e-01,1.633994254520485967e+00,-7.509239768250652869e-02
4.564597260809222234e-01,6.905941511647692987e-01,-1.050566945330926094e+00,8.763899861027365512e-01,9.201847843154660200e-01
-2.791923841542980345e-01,-2.047086995657554365e+00,1.648823602817909739e+00,-1.219271680734970609e+00,1.027194864118604611e+00
2.787061936855421695e-01,5.633292726566259123e-01,-1.085664852110059364e+00,-3.675295672512910450e+00,3.179638845791861179e-01
1.667760668790589262e+00,-1.066265380897540416e+00,-9.196426964285409067e-01,1.214770832900700537e+00,1.126947316159309986e+00
-1.450747112492404955e+00,1.042295962264556453e+00,-4.474814948058445374e+00,2.452124402368368372e+00,8.194785522531904398e-01
-7.646111627530918220e-01,3.128103384329706582e+00,-1.282663805967905857e+00,4.506359161149647852e-01,1.143557884315703266e+00
2.028696053107825303e+00,-1.830616379025058027e+00,3.121098837845536877e+00,-2.210874945032517580e+00,1.023370550223584141e+00
3.171937179115099092e-01,-7.999623265873233580e-01,8.424455356733187017e-01,-1.165763421964751245e+00,4.431447198380905617e-02
1.244946742546056973e+00,-6.644305345224916781e-01,-2.557034265105103010e+00,-9.358481153975235500e-01,1.783136054003563231e+00
2.149264011819243869e+00,-1.117367103430977338e+00,1.108951838909028709e+00,-1.045630715684254586e+00,1.393390336731908263e+00
-2.114771999556137594e+00,-2.908617865388439250e-01,3.148999156105723785e+00,-2.848176339074547592e+00,-2.336445727750275925e-01
3.933064646070139059e-01,3.278963644684134565e-02,-2.110948398874689103e-01,2.052531399767144826e+00,5.071240417102672593e-01
-1.318914363075872842e+00,6.363174181532985640e-01,-8.975807325882199095e-01,3.904107320984918639e-01,1.275053100624476299e+00
2.300321236803198888e-01,-9.429870277725027616e-01,-7.362345238642202805e-01,7.943210530731255048e-01,-1.232262196093244055e+00
3.594284350578969001e+00,9.242801379291850639e-01,3.593752777192321668e-01,-9.507128587847004653e-01,3.169788359591768412e+00
8.210533238277885060e-01,-4.598196647126482905e-01,-1.356366485566526947e+00,9.765541286960310874e-01,1.504721239918315412e+00
1.724231576532754273e+00,3.247802235815170357e-01,-1.307672484660320045e+00,2.341041330211142579e+00,1.487340353219923639e-01
2.681828228699538297e+00,-1.264037904775609844e+00,1.073194839858480965e+00,-1.241635118663410253e+00,1.062351901392096343e+00
-1.810804002456148698e+00,8.956139911504047701e-02,-1.241800607503779963e+00,1.328894688987025674e-01,1.575057118098869724e+00
1.194748264227467605e-01,9.092869533269093418e-02,2.774659471398040367e+00,5.899691765716186254e-02,2.683829725829522950e-02
-7.702423264572955119e-02,-5.420268759433025663e-01,2.841352421891503166e-01,-2.766853866523176775e-01,5.359784827303237797e-01
-1.822185011331546090e+00,3.026293214634871998e-01,-1.669473459850797425e+00,2.571658208078710040e+00,1.666362926217890283e+00
1.567180723905577278e+00,-3.685360667939776014e-01,-1.934077963310185888e+00,1.363525207581557375e+00,1.389124435414509584e+00
-1.458975680094573679e+00,3.923551398098739651e-01,-2.527718151151875592e+00,-4.129074990477225038e-01,1.330326672661348519e+00
-5.801075640250036303e-01,9.797381775431511786e-01,-1.390181796000825809e+00,2.384859726509097833e+00,3.099991272395865582e-01
-1.276837798182588690e+00,5.310726595672305983e-01,-1.927029457117622302e+00,1.606289937955807989e+00,1.242298010640956019e+00
1.101578717452863510e+00,1.162944299293803135e-01,-2.517249642775568397e+00,9.318156234996504139e-01,7.290038997915093688e-01
4.167112114755086583e-01,5.533075682110947247e-01,-5.348821374088663649e-01,7.720655221598080598e-01,3.331380742716835153e-01
-7.059853193655158954e-01,8.450534214602909433e-01,-2.025827923975175526e+00,3.609901721397181795e+00,7.514342587408937568e-01
1.601913423853428275e-01,-6.750067736224886206e-01,-1.224784258309180141e+00,1.056334709819924056e+00,3.021194344330872639e+00
-2.018025426024306901e-01,-8.254608070941056308e-01,1.761684253878686990e+00,-2.948304337954446908e+00,-3.088439520191219589e-01
1.683409326131201977e+00,-2.813733891997384218e-01,-1.547810400004820952e+00,6.610876837000703166e-01,5.898649067600461038e-01
1.421582353172162527e+00,-7.996230294981939712e-01,-9.140891225346526872e-01,1.558699720639757258e+00,1.051145324097700673e+00
8.500035230342107839e-01,7.489474253772233636e-01,3.294122881448448226e+00,-5.099001295613239115e-01,-7.922671974063328904e-01
4.716533696216623994e+00,-8.787675968331498666e-01,-1.233625392379669172e-01,-1.117474682552115350e+00,1.559791914979290262e+00
-1.259867881888888652e+00,4.649067924944991770e-01,-2.861431746258399134e+00,-3.061557261367441551e+00,7.833426493918427269e-01
-3.970607963152695818e-01,8.491111995505413734e-01,-1.772761884425624768e+00,1.718115940192065150e+00,7.760655000895504418e-01
1.494800047096398465e-01,-6.311457545877120490e-01,-2.744333225606911508e+00,2.901758530847112105e+00,2.129604426657627059e+00
2.777498069714680273e+00,-1.222378254250025220e+00,-1.340194544486428940e+00,3.207927450759799903e+00,1.901284946252993269e+00
1.260820845500335352e+00,5.019269781134593211e-01,-5.076874367778274610e-01,2.743116076312301921e+00,3.372393600991943075e-01
2.072138192015026359e+00,-2.097707091376946220e+00,-3.267919928752563985e-01,-1.172038626522271532e-01,1.566311712442311821e+00
3.253166795447486881e-01,-2.554997162454843984e-01,7.507607741559234604e-01,1.736342056305509030e-01,5.720338469308521301e-01
2.762143803339903059e+00,3.695260471169550809e-01,-2.770069108446433503e-01,1.143307682924178170e+00,-6.879402002821000117e-03
-1.241086272831470882e-01,-7.827607313976773229e-01,2.204918509128178439e+00,-1.803594954124179806e+00,3.957527766200645836e-01
3.293541049271052623e-01,8.262248746919665932e-01,-1.494811716832280091e+00,1.485551095928531407e+00,8.217889538416911499e-02
1.054141168669286754e+00,-3.631648405209396135e-01,-2.408280921778666706e+00,3.113045182349831741e+00,1.753670971479856622e+00
6.001412011985921557e-01,2.865421912160840967e-01,-2.538494410918756827e+00,1.184969831299981458e+00,8.456828088087943174e-01
-1.182884025057836075e+00,9.431005847027386091e-01,-1.822640302061873996e+00,1.542126735176166497e+00,-1.169113250383215785e-01
-1.762850149327368277e+00,1.260319584630904988e+00,-1.449128376481920721e+00,1.305707325264381602e+00,7.888140881709988506e-01
2.369058535046841829e-01,1.095299839883439263e+00,-1.089647920516032542e+00,-6.233533530588165616e-01,1.338163935089550227e-01
-1.816966722165100356e-01,2.718777442565518954e-02,-2.615363354268628981e+00,1.133190421213526644e+00,1.405994653734848443e+00
3.229366063543423593e+00,-8.547675179510978438e-01,-1.700516219368608084e+00,4.589722115454301088e-01,1.851272737302777305e+00
-6.363930482500158581e-01,2.432533855016464908e-01,-2.852103162997589259e+00,-7.666947364266734066e-01,8.902171889895450496e-01
-1.928448022646724325e-01,9.964527480525866565e-01,1.098009183772103103e+00,-1.512855281265906626e+00,1.959205140972789749e+00
3.225514860611269352e-01,4.161377283597282317e-01,-1.925674941630423742e+00,2.510071774125978372e+00,1.222760967149703504e+00
-2.030791816403111572e+00,9.710150241874744292e-01,9.753156573832323373e-01,2.254523723168255778e+00,1.431504730428596828e+00
-2.259480518445467490e-01,3.249230179225386927e-01,-1.193253556569100038e+00,-1.708256908560205067e-01,1.583391528380899471e+00
-1.095090538873681574e+00,-1.035513130378230784e+00,1.412807073359268806e+00,-1.268661480746581471e+00,-1.586864072496703137e-01
1.665786583922625574e+00,-3.085069958354959008e-01,-2.564430833484260930e+00,-1.703249318701298698e-01,1.352508073673858391e+00
2.750387330084023141e+00,-1.741019418450458378e+00,4.575666851116311218e-01,-6.916327956137879873e-01,1.266229662440196746e+00
8.107071211626484808e-02,-1.833410049338846104e+00,2.393942484628186484e+00,8.381529045209590301e-02,5.361744497403923004e-01
-5.722513631739563067e-01,8.864265716645959581e-02,-2.663402057825069669e+00,8.752429373472563334e-01,1.230694090133693797e+00
-6.397527479175262322e-01,4.242351672664649853e-01,-9.683108879411150838e-01,2.400194029655645656e-01,1.268399853390929310e+00
1.144502875143346365e+00,-1.213867896377702899e-01,-2.477083318983142046e+00,1.146746399434494856e+00,1.856733704703226628e+00
-2.010706278950914472e-01,1.242775183289364233e-01,1.161878088374107332e+00,-1.450375103726575077e+00,1.454269050306749023e-01
9.266829254645568836e-01,-1.202056074947255970e+00,5.424853367051252206e-01,-2.013327637079548538e+00,1.077981564050367602e+00
-3.999288833152156442e-01,1.113659320417451859e+00,-2.679625720639986053e+00,-2.401026731577535323e+00,3.380219889373777820e-01
-1.151033229193498819e+00,-3.311012606341654507e-01,-2.619150487781300995e+00,1.365765571166865699e+00,1.092407071616419367e+00
2.146850264515416828e+00,-6.396851845294242445e-01,-3.101687602531447929e+00,-9.028447941881588834e-01,1.755967467684694139e+00
-2.361434739075999878e-01,5.081543250059804562e-01,-1.977608813430987489e+00,-6.479603925543598875e-01,2.723362320140437776e-01
3.620519143473819312e+00,-5.548413284333155726e-01,-1.519995021099105115e+00,1.455058097755685953e+00,2.082487010953637974e+00
1.043188941347455323e+00,-1.101840668080636271e-01,-4.973689309786169521e-01,1.621245650530496851e+00,2.532409419145728702e+00
1.452374919344705528e+00,3.450983687735637684e+00,5.447956175161634551e-01,-1.181720001428833156e+00,1.031959717351240036e+00
1.422953638391556197e+00,-2.504800595178739986e-01,-1.057964183795041979e+00,1.960343699557725472e+00,2.840479947113007775e+00
-7.559185205170653177e-01,1.497498342077142164e+00,-1.120527653332851759e-01,2.412517184357457545e+00,1.530668272983894074e+00
4.617869256202089545e-02,2.189920483988355038e+00,1.409509887728972677e+00,1.049880858899088443e+00,1.120684057123104704e+00
-1.065973877802690595e+00,1.444147643554966054e+00,-1.994707598310343499e+00,1.457685400543785315e-01,-6.767044498778743700e-01
1.250841013718062111e+00,-5.046107942086393017e-01,1.045155114292589005e+00,-3.383178329731042489e-01,6.073815402884774617e-01
-2.580741338395255546e+00,9.897077619772514101e-01,-1.302222107958113106e+00,3.644394414026053131e-01,7.659135664026810453e-01
-7.480238996452409639e-01,-6.731200666920221787e-01,5.260266429490656481e-01,-3.042646523704918837e-01,-5.981268662981331641e-02
7.647123796373979099e-01,-1.238066758459970718e+00,1.924113034209863571e+00,-2.012496875366302618e+00,9.328283813431546001e-01
2.785191271429779958e-01,-9.863392789711021846e-01,-1.148530507164551295e+00,1.519620617682452490e+00,2.865872948798250164e+00
1.249865627351887554e+00,-7.828468488799031899e-01,-9.469869454754253901e-03,-1.759078615877493590e+00,6.624113683195578250e-01
7.116719497425172403e-02,1.079649083247803398e+00,-1.543332695229854057e+00,1.917117010310299019e+00,3.113870239569905274e-01
2.032976144019517095e-01,8.296151479877897916e-01,-5.460311818017915542e-01,-1.522004817801955845e+00,1.782860845366907920e+00
-1.092756064879103040e+00,1.216314226111241126e-01,-2.581685542843669801e+00,1.914786626566746586e+00,1.354815850387509180e+00
5.068635415674060951e-01,-9.052795041616636951e-01,-1.070742184422923016e+00,5.098681359325083484e-01,1.099739596555691756e+00
2.473938026681795410e+00,7.940562131935642309e-01,-1.844879614177370675e+00,1.361674100928567943e-01,2.821420346083206354e+00
1.390355537345726145e+00,3.843031852442106988e-01,-1.972056826001429730e+00,3.581991601295417382e+00,5.295288129128763455e-01
-1.177869053376444430e+00,2.105645244173784736e+00,-1.718045016953970716e-01,1.496925515378801474e+00,2.763129225597605876e-01
-6.773778566830001013e-01,-7.695102851237788366e-01,2.348325818240597496e+00,2.140227225184544224e+00,-3.773138236875417384e-01
1.039874904803257394e+00,-3.909142046732079212e-01,-1.487727083283148621e+00,2.013278908815079316e-01,1.184020499062833798e+00
-3.440125442786710619e-01,-1.396804867182352139e-01,1.274463481103705664e+00,-1.257722431093011295e+00,-1.266782717703625494e+00
3.349108794998765237e-01,6.962336919327231088e-01,-1.910054698112629623e+00,-1.206043474296739415e+00,1.649033139330077447e+00
-4.001037275416684524e-01,2.100196202378451282e+00,-2.679263994405965743e+00,2.055315585599926109e+00,1.382832349203518829e-01
-8.133390004477265844e-02,1.436347817282713768e+00,3.615183616783086973e-01,-6.848743470398811484e-01,1.513773831459798824e+00
-4.353402528921917480e-01,-1.020789326582879353e+00,1.565064892819504117e+00,1.228086573613466070e+00,2.934713524352650649e-01
-5.339803834046291664e-01,2.693056854241431264e-01,-3.241746042352766644e-02,-2.357002062735577552e-03,-1.878637579816611058e-02
2.334271677986547111e+00,1.079361110482637720e+00,-7.311011860864091716e-01,6.080826831514755115e-01,2.453527781203781011e+00
-9.519153146888053030e-01,-1.238185824823025527e+00,1.938835185094186730e+00,-8.806644627806345937e-01,1.055538087605728093e+00
2.846306319429877107e-01,-5.060564702415005778e-01,1.963780290412000751e+00,6.982467982665675477e-01,-3.486405123879630086e-01
-6.324661396487476495e-01,-1.324916359886321171e-01,2.009037428890048993e+00,2.410899798263419491e-01,2.853144155258580561e+00
9.646629591937936343e-01,6.906447238946712419e-01,-1.127566174320219217e+00,1.802033947817149429e+00,-7.929149234245413957e-02
-9.488724983743577202e-01,4.209875678485522910e-01,-1.919138851932115308e+00,1.066361775643012599e+00,1.269134028499800948e+00
1.184360676385975752e+00,1.380626563198468770e-01,1.280009545753305611e+00,-5.753992644898031639e-01,-1.091241103591427120e-01
3.439163284161498524e+00,2.318742184217266189e-01,3.385112689715976675e-01,2.722688600932988923e+00,3.027861663843726348e+00
2.912829198039653456e+00,-2.072350927442209834e+00,-1.270183926494548698e+00,1.153392078868947568e+00,3.302769306433539498e+00
-1.125438730910356622e+00,6.880817828670429126e-01,2.469716227595203595e+00,9.160356940902207867e-01,-8.027773367398769455e-01
5.686741163715400837e-01,8.552111515411640053e-01,-4.963058263770455669e-01,-1.412768989061901959e+00,1.759252542155758547e+00
1.717481431646533441e+00,4.699467078834737022e-01,-2.099163582687821883e-01,2.173868637898038747e-01,3.568974491397522986e+00
-2.571208728117484466e-01,6.916071118611173407e-01,1.637657667294616370e+00,-1.619025355732662375e+00,-3.162273082236894961e-01
1.275645535768765715e-02,-2.225301529713134552e-01,1.793121699368221744e+00,-1.669317712175308666e+00,-3.094949379303955084e-01
2.195633880609303645e+00,5.652591758289792212e-01,-3.659829069647281830e-01,1.254645615191274599e+00,3.176778339702233112e+00
-1.614546568196555398e-01,-4.900555721248605057e-01,-8.618172887357244960e-01,-1.625889861404245518e-01,7.343968993965799275e-01
2.419376082219431900e+00,1.123935714875099023e+00,1.745734208346130800e-01,-2.168695256864348608e-01,-7.070665307019968759e-01
8.546819371404046350e-01,-8.997494653353234340e-02,1.284733106581722906e+00,4.117038917766352446e-01,4.177906497182967138e-01
2.406254315230821117e+00,2.765608098914348334e-01,-3.004299450447880937e-01,1.532132766284171721e+00,2.838851851590591391e-01
-3.478024847229376215e-01,-1.090158065299846157e+00,3.046535083414886547e+00,-3.950088473995543858e-01,5.793058490245686087e-01
-2.415917293493924145e+00,1.692670040734200354e+00,-4.897568475811405753e-01,2.596798949802320289e-01,-6.977164444542439670e-01
7.473895106049693871e-01,1.007693941150065831e+00,-2.641683878372000471e+00,5.338640477505199877e-01,1.801958854622746076e-01
-1.147177906894991439e+00,-1.446316741580000231e+00,1.078552548608107120e+00,2.441392935053688651e-01,-3.672962863318097737e-01
-1.092901448910707618e+00,5.351949495826107128e-01,-2.866300933294177788e+00,-8.633940898986017798e-01,1.076203418026916214e+00
-1.271663752665146419e-01,1.774879646677738565e+00,-1.387464683545847732e+00,4.681872039316436473e-01,2.633327175340185011e+00
-4.325353640490446905e-01,-1.466889990384338649e+00,2.038158586580691711e+00,-5.281545880690718953e-01,-3.652589898664144741e-01
-1.910075079017976574e+00,-8.572372770360155991e-01,-1.108242975292114130e+00,-1.742797472078156940e+00,-1.078919161832432749e+00
6.491833905142254668e-01,9.516568237576694678e-02,-1.729042431215851439e-01,-1.232644722859111974e+00,1.185496803926525677e-01
3.219869019483356798e+00,7.010738539729829411e-01,4.162626379872426674e-01,-1.764721824735820732e+00,3.128646447263322639e+00
-8.652778134377261399e-01,1.167483263365690638e+00,-2.234430572346384758e-01,-1.737575310932617523e+00,1.623701694542621699e+00
1.310015357062918051e+00,2.077504704714865813e+00,-9.790055443014676617e-02,-1.842065963717311572e+00,1.829970039367623480e+00
-5.382553132172668287e-01,-1.257452820927861703e+00,-1.373808254627850500e+00,2.271179534835776614e+00,-1.483900746964128103e+00
-1.192776510944955293e+00,4.571814645980539216e-01,-2.681845498085267288e+00,-7.273985958454127765e-01,1.331532049942127705e+00
1.088304532534158264e+00,2.599595835651231646e+00,1.183994842288854210e+00,-1.749301295735541384e+00,1.118115676122957147e+00
1.873515963029177556e+00,4.834439028075712685e-01,2.793286616793669630e+00,-6.614274807628042208e-01,-8.356001721335599708e-01
7.610302546624699849e-01,-2.536347685803666541e-01,1.676227690074440613e+00,-3.861220639678512256e+00,7.998663077268073351e-01
1.754387286648992905e+00,-6.607529964259959421e-01,1.118815331346243891e+00,-2.741638029267727816e+00,3.917510929956823373e-01
-8.496617373012439467e-01,3.373015483279229731e-01,-1.764562819356618739e+00,-2.730334833520867699e-01,1.619541877876045088e+00
-1.833372199509708533e+00,1.384498870761437184e+00,-1.381227348430364321e+00,6.518992207475456935e-01,1.702933372380680543e+00
-3.482792018265387091e-01,1.208987859671713183e+00,8.201125213839444150e-02,-8.564635424444163592e-01,-8.794537495110545944e-01
1.336351824666059507e+00,-6.687234386411548825e-02,2.872850748921313979e-01,-3.635741442118334277e-01,7.789983585504934860e-01
-1.186365082975979757e+00,-6.643946068743058486e-01,1.907986110699641191e+00,-1.677131501271390768e+00,6.374081788041461305e-01
6.629611916694985174e-01,3.099644815103797524e-01,-1.504260489340939255e+00,1.587207699929057192e+00,6.675653444491468358e-01
1.357467068654582221e+00,-4.248235554194497721e-01,-9.754289145422352370e-01,-8.546523776276978568e-01,1.584971814135611279e+00
1.500804867602374859e+00,3.701655570764541991e+00,-3.234150671711625069e+00,7.272119529575227226e-02,1.630250539049387104e+00
5.571066110491322831e-01,-1.062476240964523866e+00,3.203154405370695734e+00,3.214639672345379062e-01,4.670571850132929081e-01
1.958138549949037133e+00,2.598803618031482188e-01,1.759543786683209543e+00,-8.209560167632103944e-01,-1.114695532743812389e-01
-1.708825605450879692e+00,1.466637959066190655e+00,-2.322053134101568883e+00,1.875798592048478763e+00,-4.730646409934886609e-01
5.307754446198582610e-01,-3.772444268869525885e-01,4.804094907823557303e-01,-5.430706407518783863e-01,4.620014573724641194e-01
8.471504504121526447e-01,-3.366174587307192989e-01,1.088779037517896064e+00,-1.368849704742226336e+00,4.821413050011031376e-01
6.659289603721592066e-01,5.188272177475306002e-01,-1.807866989666599755e+00,7.368271150165018879e-01,7.767453057369823055e-01
-5.004046460923229356e-01,2.114216471260645658e-01,-2.291149549604992508e+00,3.013241869362902392e+00,5.495044019820594094e-01
1.772481077610884304e-01,3.927730015389643836e-01,-1.787421876614481375e+00,1.019437716662730864e+00,5.102905265031408844e-01
-9.179070743676297495e-01,5.976485587290930601e-01,-2.571457866015363081e+00,2.253758303577788169e+00,1.273224809722281359e+00
3.181915108731943054e+00,-1.642576701379660165e+00,3.310991898264976641e-01,-7.732231692198081596e-01,2.405844018484017965e+00
2.883552515587433085e+00,-8.102240906757698924e-02,-3.127066024368678754e+00,-2.404981299532429895e-01,1.420091887270257036e+00
6.413833079648956215e-02,5.412787236394735885e-02,-1.115204585280493710e+00,2.815778726565865142e-02,5.683446432721237507e-01
-7.317365996201331546e-01,-8.730231104616050786e-01,3.076515025776076495e+00,-6.803008339976068797e-01,5.913459742003270847e-01
1.410066904512817798e-01,-1.302450806538197614e-01,2.943899812801287208e-01,7.663992956625910180e-01,4.644717800323072687e-02
2.967930402778030885e+00,-1.279459910252915611e+00,-1.604883934531403877e+00,1.950476723340494045e-01,1.512550586897994709e+00
1.593548061443428754e+00,-9.735566322589091215e-02,1.358309108446850377e+00,-4.666195502602813461e-01,-5.898896317189039618e-01
2.058765079734203418e+00,2.148816401240836449e-01,3.230214657155185964e+00,-1.029425522611044697e+00,-5.801071674346545137e-01
-4.729135928811020739e-01,1.125850227582133378e+00,-1.319630989469478211e+00,2.000884108551827190e+00,2.452989897801890473e-01
-2.323567365797274409e-01,1.392496534443833145e+00,-1.246412075744354420e+00,1.803429519361478550e-01,4.037025536338069154e-01
7.237678044635914576e-01,2.354500107167985523e-01,-4.321319547593573951e-01,-1.650624012579428257e+00,4.099774578140370496e-01
1.653277785799149413e+00,-1.204111729048245483e+00,5.952982984821737489e-01,-1.244307376363382289e+00,9.122447718431554442e-01
-1.355916206990553707e+00,3.263014749608281750e-01,-2.162863465307072630e+00,-1.861097643407261248e+00,1.817956858270098452e+00
3.404807618311946893e-01,2.899367386840448479e-01,-1.948010753892612357e+00,9.150138201991738773e-01,4.167768171597703297e-01
1.122038333798533571e+00,2.652082261981717703e+00,4.802058203271872827e-01,3.545095695259548041e-01,1.454882660969167851e-01
1.376183241002339130e+00,-5.097480046371050122e-01,-2.771429802961897781e+00,1.322969974916552882e+00,1.767069417303795520e+00
1.790768558658776932e+00,5.866961584089515069e-01,1.163923837802259831e+00,-1.860931419604012316e+00,-4.965830203603687210e-01
-1.588966807123633806e+00,7.394747641075857247e-01,-1.108742476712345493e+00,4.329279612625834828e-01,1.552134659761555957e+00
-1.464678565043271430e+00,7.404068315136108636e-01,-2.120812264781995360e+00,1.262706614318359177e+00,3.584898767826333321e-01
3.455751844487088276e-01,-8.281407043518460021e-02,-1.318084014024253570e+00,-3.893726370889853405e-01,6.629344020282619265e-01
-9.236432988176157544e-02,5.332852644177772383e-01,-3.271936248672302039e+00,1.717494495246043584e+00,1.094408072571927848e+00
2.188045242850762406e+00,-7.644830306464619474e-01,-1.674915133332945505e+00,2.630581406947611889e+00,1.495552656969503014e+00
-7.076598849916228007e-01,7.058911810332815784e-02,2.877969903985439504e-01,-1.164784801542842585e+00,-1.670952671302622150e+00
2.668204720863409651e-01,4.541119337815186507e-01,-1.356587093737115168e+00,-2.321082023392341265e-01,2.157720157896759527e+00
-7.064672626474394201e-01,8.528301461414434792e-01,-5.954515313350462469e-01,-1.552347598131085249e-01,1.585459741778806553e+00
1.887173092031221300e+00,1.493492241481630400e-01,-1.500629515377789547e+00,-4.170274330829011333e-01,1.930300070575795557e+00
-1.208029979148807609e+00,-5.544720913318540445e-01,4.193738301652638611e-02,1.597051495396838217e+00,-1.159862494607561967e-01
-1.082742215525825724e+00,4.201115681005304636e-01,-4.066197707477920531e+00,1.556503068244261989e+00,6.562410873740891493e-01
-2.144919257572421856e-01,1.810990100021477867e-01,5.538653183608407415e-01,-3.950061955971554406e-01,-1.166293667404754153e-01
1.147100252312738933e+00,4.145456263022182508e-01,7.898931526646091328e-01,-1.943327183693734250e+00,5.925729173421212526e-02
-1.490685181800722958e+00,9.457357199762996824e-01,-2.264956873457969699e+00,2.650965931237352358e+00,6.263485087291469355e-01
-1.300605177876808405e+00,1.299166045211203269e+00,-1.932690326102915357e+00,4.618601266484575696e+00,-3.070986051085555779e-02
6.014543939573213649e-02,4.281994107308997322e-01,-1.359426555951888105e+00,5.826659191632223012e-01,8.198274659152982036e-02
1.222298603543612305e+00,2.976096440680915944e-01,9.975268066923148602e-01,-3.651838191872803785e-01,6.302628313205516086e-02
3.622914262442242239e-01,-5.467816657212252185e-01,2.521177328571617249e+00,-9.936999659443068733e-01,2.329816597195263350e-01
-3.925436377667486654e-01,1.189591758257897203e+00,1.672685876524159676e+00,-8.376918423777321987e-01,-1.253615107177938670e+00
-6.225315059926134209e-01,-9.201919719668406605e-01,-9.311372503463096750e-01,-1.129306726292125251e-01,-5.533908248026727650e-01
9.955215480478706302e-01,4.065939540311082623e-01,-1.790121959760146764e+00,1.065480336627911528e+00,2.907806121579215586e-01
8.525887109209673298e-01,1.040634048281796842e+00,-2.800776865370287888e-02,-1.531293407413305552e-01,1.792193386448923231e+00
8.938152391996033730e-01,-5.073943162450822442e-01,-1.496415682364151678e+00,9.838548293187538984e-01,1.354445608335907991e+00
7.312067031322659894e-01,4.688621611627843966e-01,-2.016977875387825581e+00,8.095959480605251501e-01,1.543900477136324501e+00
2.090545173413136837e+00,3.027765028407936043e-01,1.975380549285100429e+00,-1.946052277701466604e+00,9.825288681360710985e-02
1.136813796104138907e+00,-4.943068806280413452e-01,4.825497461960808199e-01,4.537876325678423806e-01,1.239003957210194740e+00
1.531665652564281555e+00,-4.555307426200723708e-01,-7.487349305063870641e-01,1.817432800187497088e+00,7.494631128998879843e-01
4.806438026224866267e-01,-4.677049792213504031e-01,-2.037350022964326879e+00,-5.367784513378597300e-01,1.131518848585300052e+00
7.647117398227609719e-02,2.182830023041564260e-01,-2.326196687191684376e+00,8.748189265093417877e-01,1.836639205528058927e+00
2.206212789037152344e+00,-1.382864822548817374e+00,2.691543416809065725e+00,-3.841007567484564511e-01,9.982292583809661002e-01
-1.213761634609309858e+00,1.278169672887065955e+00,-5.188421024395971637e-01,2.006891173096980285e+00,-3.348345818879141511e-01
3.619031236271685881e-01,-5.521923522816249985e-01,8.274382889984407408e-01,9.814742807425207438e-01,-5.033016499743023786e-01
3.153103099199942028e-01,2.298583329152634469e-01,-2.786927891507718247e+00,1.666954025567062736e+00,7.212454807375179300e-01
2.750678308059063770e+00,1.018709250242812114e+00,-2.375533456378029484e+00,2.723313305156231934e+00,3.265281368206000678e+00
1.184204752867093369e+00,-1.258346054736832809e+00,1.837177319606009718e+00,6.301498611657679882e-02,9.085396255040598668e-01
-1.347137562354850493e+00,-9.908639540376094068e-01,-2.779114956366521838e-01,-1.635818840042211564e+00,-3.792080025348272265e-01
1.186013019888105591e+00,-9.863287112183083405e-01,-3.620365294606253670e+00,6.232996388440963376e-01,1.768320172614485708e+00
7.619663980662148006e-01,1.071366931989105709e+00,5.173189952592542884e-01,-1.592234627508834599e+00,2.101933718266940421e+00
4.849281463891439992e-01,-3.514206723993680281e-01,-1.114683152819988088e+00,-6.606481722026702474e-01,9.509846987305866639e-01
-1.085247669192382913e-01,-2.690691165992316058e-01,-2.134947583597078147e+00,-9.299516443727368076e-02,9.427093038926441793e-01
4.578381515991928330e-01,1.462371410604640376e+00,-6.066339256858892526e-01,1.129052517711175874e+00,8.377129350999731328e-01
1.597279529399747489e+00,-2.068684860862521346e-01,2.048112441911623005e+00,-1.037244549885005362e+00,-1.999612895091167353e-01
-1.077511554657773152e+00,-1.053467772911409917e+00,2.408048858397403791e+00,-1.207323977553403482e+00,5.562042190197988845e-01
2.307840936832066703e+00,-9.797368932893396609e-01,1.272022249625012424e+00,-9.656766516491431807e-01,1.176771377611899316e+00
2.327573224352434522e+00,-1.730259763553017471e+00,-1.744670639586136218e+00,1.511325265296688647e+00,1.684358196998287482e+00
-2.023592669912391617e+00,-7.757191058017071095e-01,1.898591305439005117e+00,4.874996888124130123e-01,-2.727743349233539005e-01
1.291272684645249358e+00,5.464092479300478589e-01,1.147432835330168821e+00,-1.482598296840593965e+00,-2.343566059903318122e-01
1.060099061416153177e-02,1.911644766580212540e+00,6.303441873077750279e-02,7.450772323984982126e-01,1.227573404599172191e+00
-1.898560086294068361e+00,8.829540301351619380e-01,-2.011489565069310537e+00,1.007860156522887296e+00,1.152533553184748705e+00
-1.634896529009842725e-01,-3.742317272653796767e-01,-2.505092672371957541e+00,2.205586619948651350e+00,1.114860009104481131e+00
1.227748066359489965e+00,-3.796483238146922679e-01,1.582836155312001836e+00,-9.092345708043156893e-01,2.318675282750191080e-01
2.834055091843850516e+00,-2.019210763164679678e-01,-1.335830895651579198e+00,-5.306151067949032019e-01,2.471415792400042832e+00
-1.317034999244695026e+00,-1.476661896782942796e+00,1.362086206173209302e+00,-1.512075945524482767e+00,1.440448002709011632e-01
2.490308018332558326e+00,-4.810308881160333394e-01,3.204418763461660546e-01,-2.900571513089807318e+00,1.357926450463081469e+00
-8.231335428837002199e-01,1.349198690204624018e+00,-2.788075515478487532e+00,-4.617007394807616238e-01,1.089941714506829085e-01
-7.219913818817906837e-01,4.027396232299935708e-01,-1.158176290069599768e+00,1.408434383183816196e+00,4.289842213625895129e-01
-1.521185575036180238e-01,1.004685547565943748e+00,-1.158173815500506798e+00,3.502932838659230108e-01,2.152876876525172678e-01
-1.001096051430290235e+00,9.056735565459923532e-01,-2.558939928790012974e+00,2.670203904054333055e+00,8.376723065790898648e-01
-2.216106512707815668e+00,1.926330564923863120e+00,1.669846909999012308e+00,-7.061923058711743195e-01,-1.151506313481508670e+00
1.321873604238785305e+00,4.375360422819646322e-01,-1.323999446973506799e+00,-5.396360626236579305e-01,1.197807932486209537e-01
-1.063321639673204810e+00,-9.961601678987677122e-01,5.230044178379140707e-01,9.728145578291719220e-01,-2.181360798664710998e-01
1.767973775480496723e+00,8.905018595486969835e-01,1.187792763565627796e+00,6.771862871716438637e-01,-1.167568910228305112e+00
4.171617339241120437e-01,6.204370885057874929e-01,1.691765719671414203e-01,-8.063360789499374182e-01,-4.883770069623357690e-01
7.152897525535109047e-01,9.304508650530065594e-01,-1.410829334109064748e+00,-3.481401028394159880e-02,-3.597427772775678712e-01
-9.308743198713624878e-01,3.351373061960847832e-01,-2.746972690458974409e+00,5.913913381167388295e-01,1.590192223787354031e+00
1.915132790211479641e+00,-1.884857368467578231e+00,-1.201703757395655714e-01,1.105525126720063644e+00,8.974577101959025915e-01
-1.715266907687707398e+00,-1.097622906207085386e-01,-3.665998993217478574e-01,-2.043015467685453057e+00,-1.384357262302001956e+00
-1.620605216646918034e+00,-1.251025265753852755e+00,1.477592558338561179e+00,-3.040998025207872324e+00,-3.965434858643854810e-01
2.010866421354490452e+00,2.493114302329687781e+00,1.695845603528631118e+00,4.358130276883236814e-03,1.381161874653638044e+00
-7.557122187746646569e-01,-8.003463961949603966e-01,1.248390658733130820e+00,2.189059989740915313e+00,-1.803148608508127193e-01
1.211472892234931820e+00,-7.590087233850801862e-01,1.464097792005501386e+00,-4.275105451888421726e+00,5.254698271972153556e-01
6.852368693004138311e-01,-1.693336264976876615e+00,1.275807223138844204e+00,-3.352961178743589343e+00,5.104070482233948880e-01
5.393656237168035217e-01,1.237231625842227650e-01,1.581588359985781622e+00,-9.290054075646814180e-02,-9.696156970857651158e-01
-3.714121501883509424e-01,5.495346201431502431e-01,-3.319305585628590460e+00,2.150236324980551839e+00,9.283378968148808807e-01
-5.525285179366223876e-01,3.026012317735939927e-01,-2.837860024064115638e+00,4.694082532036802036e+00,1.252661481808006183e+00
-1.305093029665871651e-01,-7.651157145177102104e-01,1.474872480417065645e+00,-2.190817151221376768e+00,3.062999450232588572e+00
1.082232713846540406e+00,8.607040912715174796e-01,-2.071816851077775468e+00,1.964388239969846017e+00,-4.542822145914804377e-02
-1.036762771738914957e+00,1.238233191403646183e+00,-7.784936561798796451e-01,1.270742642447768134e+00,4.353415254839437809e-01
9.788888526699042192e-01,-5.158880203008548992e-01,4.995340330620914315e-01,-3.656339316223835567e-01,2.182374878111852379e-01
-1.645059749531702309e+00,1.774639336164573367e+00,-2.282170984142189774e+00,1.071856051742343885e+00,4.651718611523523728e-01
-2.310019699336320009e+00,1.432135835247424493e+00,-3.580273924972478206e+00,-4.157305617742079740e-02,3.800058494136963061e-01
-2.364628862933723319e+00,1.997750438801131123e+00,-4.109915278611188327e+00,7.883612221683468091e-01,-2.405587516362136524e-01
7.864982173848122926e-02,-1.739289806898475232e-01,-3.411061047017551751e+00,3.058668537916110708e+00,1.337433734950514319e+00
-4.042991127561587072e-01,-1.432305260341212083e+00,1.797535546287725161e+00,-3.446800171965147541e+00,7.107367944467983811e-01
-1.622667440925459337e+00,-1.731916822141612300e-01,-1.720977538836511389e+00,1.279976743969562181e+00,1.443073939819097262e+00
6.790998456337216105e-02,3.250152611309248818e-01,-1.007705826606632549e+00,9.775458847670938090e-01,1.505385086026919117e+00
3.035294063077307314e-01,-1.181643159536964305e+00,2.420998521402990544e-01,1.086459404021394182e+00,-1.104034140987417700e-01
5.714539515966459149e-01,-6.569939204630699248e-01,2.194747785899636039e+00,-9.519384203233216546e-02,-5.331722830954569448e-01
-6.597637953384646314e-01,6.394234489241885644e-01,-2.882751402388596063e+00,-8.057216551354093870e-01,6.013619578809702437e-01
6.114122553970480212e-01,3.627019383101326433e-01,-2.858720112531576429e-01,-1.643541090987105546e+00,3.561308663315646550e-01
1.043606041601786050e+00,-8.489996745122966315e-01,-9.536900475186111947e-01,-4.659708024959440809e-01,1.487734333373694540e+00
1.022678371018573174e+00,1.104044220724812231e+00,9.959394440275542992e-01,-1.602352687616137139e+00,-7.771307562051571471e-01
-1.332119993824683268e+00,-1.587997548971788131e+00,7.167648377858792941e-01,-7.727038126282308461e-01,-1.775958418972050090e-01
-1.059556968619961292e-01,-1.763368266381177385e+00,1.270198896269350008e+00,7.894716588496026866e-01,3.353000864767715639e-01
1.082583357748914787e+00,4.114720157238841436e-01,1.128904671016493388e+00,1.614395745140343674e+00,-3.557829722626635327e-01
-1.162384066754696743e+00,-1.487897019008607713e-01,-1.013621325355560376e-01,1.899539136231076508e+00,1.943055873847280290e-01
-5.317828067359711142e-01,-7.106346498911436833e-03,3.499893376294835323e-01,-2.424135458533550391e+00,2.507998391565589014e-01
-2.625929670784561409e-01,1.691475516372727694e-01,-8.093801868593100135e-01,3.853748793980911191e-01,1.261034246770055933e+00
-1.072059052646148064e-01,1.102361149726013068e+00,-2.390323154698493546e+00,5.063784766592698272e-01,-1.789378591856132239e-01
1.515292998161906546e+00,-3.824664110253020444e-01,-4.404629519421379147e-01,-1.897694098994527900e-01,1.433717790234616984e+00
1.544445634473893492e+00,-1.497232605797604199e+00,-1.133547043964746814e+00,2.256577946654418465e+00,3.699619474152347820e+00
2.454818903342920855e+00,-9.002416919563041020e-01,-2.811298867178130045e+00,-7.666705214831801563e-01,1.752589016614829021e+00
-2.659908627386877722e+00,8.309038691263858079e-01,-2.134447456755294681e+00,2.892074917955363977e-01,8.773165156269890907e-01
9.369799683961682613e-01,-2.531799213975567397e+00,3.785295216140560637e-01,6.880183931362683358e-01,1.108259398760749193e+00
7.018669879014223234e-01,4.460725803850233984e-01,2.060368073911963638e+00,1.725018400459149559e-01,-7.326762035431597653e-01
1.086853060964597217e+00,-2.757680135879420624e-01,1.757665014476440968e+00,-2.231251633022389047e+00,3.634102830862759870e-01
1.255071965697015512e+00,-1.421960133736075160e-01,-1.455095654552627682e+00,1.066109345998748958e+00,2.008274836388905360e+00
-9.239345231244242562e-01,1.158735417100454690e+00,-1.674383189769563129e+00,8.528259059239071682e-01,9.975205560220209433e-01
6.242523575873903940e-01,-3.373117168070527416e-01,-4.984216891663229010e-01,-2.142514616487769530e-01,8.708429078198983708e-01
-1.143533744594528390e+00,7.619439478642192620e-01,6.685968220035984899e-01,-1.536717640187633682e+00,1.718764897669040170e+00
-9.461305696492494643e-01,-6.603715162949768125e-01,3.175801864198416702e+00,-5.473739450521993843e-01,-7.307599787298397764e-01
1.520040344539595800e+00,3.317502183122095216e-01,6.535906904191057798e-01,-9.643286756312446917e-01,-1.205950509814698535e+00
4.325116543314512230e-01,-6.832277717191023170e-01,2.395154299963164757e+00,-2.085709781973600130e+00,4.634308199386564242e-01
-2.316973584193650737e+00,1.825502207299051882e+00,-4.659820125513156608e-01,2.200662492334666265e+00,-9.100983905112858263e-02
1.564929737869319215e+00,-7.414770883252895795e-01,-4.641068432869466798e-01,-1.341127901635549513e+00,1.050240198205085518e+00
-1.401096547509152357e+00,9.553957461848494592e-01,-4.264929254142959536e+00,9.338702397786418086e-01,1.435723379780694753e+00
1.826599702405750314e+00,1.823956464265375832e+00,6.442435100940806514e-01,-6.102767411771292672e-02,1.424994475260958682e+00
1.432059256127019786e+00,7.684196001413492461e-01,4.207186683611326972e-01,-1.964598801891488167e+00,1.891071062745422360e+00
-1.806633331114077201e+00,1.506226174762080650e+00,-2.164251078338228051e+00,4.740354220010525310e+00,-5.020772534567521372e-01
-2.359867021297106682e+00,1.176342373405977026e+00,-1.671791239301412935e+00,5.930202931630713659e-01,1.198229671794117657e+00
-8.607328709805039946e-01,1.765163206123422923e-01,1.948724303891605780e-01,-3.307350780012134894e+00,-1.431912563286744433e+00
-1.039115054704103702e+00,-4.739843274991029087e-02,1.840818406240052996e+00,-4.042016713629996261e+00,-8.319268182248806820e-01
-1.695385304932079507e+00,4.870462077288681413e-03,1.767238836732567098e+00,-2.329449713750026074e+00,-1.265664730503933244e+00
1.376557598360879764e+00,-2.021861908366588523e+00,6.648415451038730550e-01,-1.548119470827028721e+00,4.312593217748678098e-01
-6.175333232496855729e-01,-1.159385640397579076e+00,2.623124224068240196e+00,-6.621415198062574614e-01,4.970460452765960158e-01
1.175672114500332377e+00,-7.215618925894766722e-01,1.593357397670249753e+00,-1.071864586008179465e+00,4.039821932885690470e-01
1.780709750457704743e+00,-8.697987009689683857e-01,1.937226778808370575e+00,-2.011682068967245662e+00,6.948206205935776314e-01
2.623426657760634662e-01,-7.055411845078854993e-01,-6.415350661667039711e-01,1.389524714019249263e+00,1.174564027262097632e+00
1.472943166466438969e+00,2.291603940828288888e+00,-1.161700163303016176e+00,2.591694678470813695e+00,6.446174545534752998e-01
9.848997146949443060e-01,-1.135609209175362455e+00,1.200812904215925458e+00,3.301743198539179858e-01,-1.310210638110809733e-01
1.880965843698738649e-01,-2.607532067678759446e-01,-4.900863487564102727e-01,-6.102491491465206197e-01,3.882976178509046639e-01
7.124501837967197604e-01,9.968558364249936743e-02,-2.281406141119890929e+00,1.819283693262008006e+00,1.617805543366523047e+00
7.038159580433839269e-01,1.108406383473016010e+00,-6.245370204060970987e-02,9.060928108818079307e-01,1.718395026216175570e+00
2.099514557201528131e+00,-7.048262062627694835e-01,-1.033120444647687375e+00,7.614325699532589198e-01,1.820636839643972493e+00
1.378118003380007561e+00,-4.394347704399026444e-02,2.327740578615117517e+00,-1.751099449558477961e+00,-7.751310547740841717e-01
9.289550004778157621e-03,-1.371442790579273874e+00,7.721470257074659616e-01,-6.706757789786027546e-01,1.498330129584746206e-01
9.016464173040447116e-01,3.017896636305457680e-01,-2.062623910276375483e+00,4.705703702050553217e-01,5.845627764249909930e-01
-1.533071519333913724e+00,5.876985707835626904e-01,8.874092717789749951e-02,3.362488063754436318e-01,1.773766956605266287e+00
-9.300351246418050444e-01,6.934875192479230677e-01,2.727496170463488134e-01,3.069159931589138246e-02,1.029968231691230418e+00
3.345311316040136429e+00,-1.813240203336065282e+00,-2.672191487507189045e+00,4.489520345861052419e+00,2.087062172223213885e+00
1.031425451935805260e+00,-4.751366485475184698e-01,-8.194108268539957995e-01,-2.730409504959024236e+00,2.449707786886070604e+00
-9.840595315281099875e-01,1.203737335576960499e+00,-2.561456758353927388e+00,-4.604455742794753004e-01,1.035927972841248712e+00
2.540673931880068626e-01,-1.374296755949664606e+00,-1.029989631381363013e+00,-1.447501414067972725e+00,-7.884767013679789827e-01
-1.089132800571530835e+00,3.012993213920546753e-01,-2.183017169741418684e+00,-3.367288478647734173e-01,1.098944894109235904e+00
9.310013669389040070e-01,-2.075141419940648713e-02,-2.544198482536798256e+00,1.767840156110898953e+00,1.432815953516509921e+00
2.070114351776457973e+00,2.373015427448556647e+00,1.074927174314043166e-01,9.018340862198278574e-01,1.837256649171176370e+00
7.364353189317318638e-01,-1.453489195073625728e+00,-1.598183930931443397e+00,1.960348041780649364e+00,-9.718039920682232102e-01
-1.949266385349273545e+00,9.217535756044651363e-01,-3.649102854521626416e+00,5.288039828009915011e-01,1.186695413933210652e+00
-1.529839610995277877e+00,1.027738202254367295e+00,-1.444611893601536412e+00,1.288472842231872306e+00,-2.710901988996535783e-01
2.834115703358734972e-01,2.612565600739682470e+00,-7.312897325545957283e-01,-4.693354899663926827e-01,9.957520638345540576e-02
9.624691823521092093e-01,6.054498660149543188e-01,-3.681084693388159690e-01,2.970197706627569101e+00,-1.522693726819242532e-01
-2.457941223349404680e-01,1.341457768562446695e+00,-5.720700904731268466e-01,-1.179580456404613287e+00,5.570122514136371938e-01
-2.550328686042023785e-01,-2.643768528442824728e-01,-2.439471309046991720e+00,2.453563392912324392e+00,1.529342791160032355e+00
2.713962635433202486e+00,-7.314924730549800247e-02,1.692226001392575174e+00,-3.342088071088846313e+00,4.291510974172605963e-01
-4.863896050074736355e-01,2.122530460502617622e+00,-9.738169350205737318e-02,1.688837244272056282e+00,1.805887306240114842e+00
2.264444582657303862e+00,-1.211125123584156915e+00,7.640255072365285116e-01,1.327713143269575236e+00,1.192606347961561397e+00
-4.702688271939656772e-01,6.069211532474848569e-01,-1.586262198434601700e+00,-6.508617354895580576e-01,1.464414805217923998e+00
-1.273335007118390871e+00,1.082916935279689019e+00,5.261448521072841222e-01,-6.190281622968208941e-01,1.733195564022860236e+00
-2.209112961032579925e+00,6.727024934519876265e-01,-2.307528220791905671e+00,2.559225739285513335e+00,6.256402172126709349e-01
3.824312436301251505e-01,1.253720953671898508e+00,-8.995882611589869349e-01,1.323092808420058164e+00,1.984926589566100130e+00
4.726422212088399188e-01,1.379402293401821855e-01,-3.466408763751926969e-01,-7.217749609353975027e-01,3.137414974394600709e+00
-1.653749371605194973e+00,1.120744013964422026e+00,-8.611183841193683630e-01,4.721350111340049116e-01,6.236142867545203528e-01
2.414527604799541760e-01,-1.989020541474687320e+00,1.301574670525698529e+00,1.636097662512425721e-02,8.110075745817820758e-01
-1.602683526243654510e-01,6.096283190852734846e-01,-3.633165667827005230e-01,-2.863303664916797331e+00,1.878488525378245289e+00
1.594667937701119698e+00,-1.519363529413129132e-01,-1.860311829601504208e+00,2.448015973469297002e+00,1.957786657563629795e+00
2.122681240417582771e+00,-6.520075167830667873e-01,-8.365162364488862856e-01,1.349663126854548034e+00,1.258112317491721477e+00
1.135273891141351132e+00,-5.245073386908768454e-01,-2.082185632660957797e+00,-1.204532657613214708e+00,1.197884054338985038e+00
-4.295686325011137674e-01,-5.810432823475383257e-01,-6.754890852796254785e-01,1.193437672072477085e-01,-1.352868664962171508e+00
8.739793582391535143e-01,6.134433043591627222e-01,-9.894286926175095420e-01,3.094815181416379346e+00,3.801081507930690329e-01
-1.600593100755906661e+00,-1.107952781520509244e+00,1.910061445262952962e+00,-2.363710747616769581e+00,2.061993256644978345e-02
4.519214698204057079e-01,-9.863796980861427866e-01,1.562012456793893334e+00,-4.470339096989173200e-02,3.673983500088677245e-01
-2.482835636316893524e-02,-1.170483794934702892e+00,9.279684245933508269e-01,-2.257783446721841614e+00,5.373500288936322589e-01
-1.755270402053365597e+00,2.246363638729476364e-01,-3.743741830199548204e+00,-1.312962493196864200e-01,1.063693820925198263e+00
-8.042927337211925876e-01,1.169117556145514936e+00,-1.459092329178872216e+00,-5.969838127377198322e-01,7.878114878171016411e-01
1.981633649140662312e+00,3.459788207924930359e-01,7.499310199094770812e-01,-4.738167452799635360e-02,4.342434995286859056e-03
2.068393361470374003e+00,6.973421412598271862e-01,-9.821209443139737871e-01,-1.226076167381329851e+00,3.482653822795464649e+00
-4.257134599438637257e-01,8.921541194984764500e-01,-1.788884119802168327e+00,-1.373452202246221443e-01,2.877279732265725087e-02
4.371031394716047291e-01,8.396203510394709690e-01,-4.653049871090939593e-01,6.171012791391194963e-01,2.180080994709674869e+00
-6.193654901429566095e-01,8.594169060554239792e-01,-1.884830849553931875e+00,1.587854671658661676e+00,7.450778098965062934e-01
8.891512717110445774e-01,1.082369772992247903e+00,-1.498151049953255320e+00,1.319258231268265025e+00,1.001580281019433638e+00
3.711207207024256327e-01,4.076054161885332705e-02,-1.012720054443200901e+00,5.185715849988568049e-01,9.293936430064939636e-01
2.164472233397790379e+00,4.677080032249999464e-01,-5.294329862613594839e-01,1.689407522987429466e+00,2.073629710764389955e+00
8.452391209966431118e-01,1.818839831779323735e+00,-1.101410772714689790e+00,5.210562173021050514e-01,2.683309551212972099e+00
-2.626115585200690994e+00,2.429364331680476052e+00,-1.202488069182579222e+00,1.014941459239740995e-01,-9.476195411458596674e-01
-1.283231466732705606e+00,1.604796648814725613e+00,-2.010772663981569064e+00,-3.074750872050648898e-01,4.347934141756593651e-01
-8.857450937859373541e-01,4.924244831235670694e-01,-2.033573555924366616e+00,2.367374493617402820e+00,1.766341123410776870e+00
3.256458854999276564e+00,1.008338850143569498e+00,6.814960576046591445e-01,2.011143006421348134e-01,2.085802887941860639e+00
-7.194051862454237112e-01,-2.121787575526666303e-01,3.985226443991575218e-01,-4.094193068860164098e-01,7.405203433320790563e-01
-1.614338939464746492e+00,9.839558642514939502e-01,-7.094311272667819246e-01,1.787227856023607897e+00,1.003424366526862288e+00
-4.419951178070000708e-01,9.864663187252716847e-01,4.348717372810596560e-01,8.502814018923003925e-01,2.049602706148294651e+00
1.188527453426893477e+00,7.213107236541468348e-01,-1.163332275389188819e+00,-1.525756935647647028e+00,-3.524557563064004695e-01
-2.048713255347093032e+00,-2.125645465202450790e+00,2.608107543631334180e-02,3.070935224069037961e-02,-8.813947891707241133e-02
1.178281623987726540e-01,5.798723173708255491e-02,-6.680713509596409860e-01,-2.777615006952825372e+00,1.732061103308158101e+00
1.551177541702641216e+00,9.973865811423906491e-01,-2.273629697048246356e+00,6.834834207774622694e-01,2.524141130774290032e-01
-1.213335370659703871e-01,-6.598898742448984223e-01,1.126318166703696999e+00,5.666420050801649344e-01,4.693924453847185263e-01
9.786683384105920869e-01,1.851581590231503593e-01,1.736532915375563979e+00,-2.450692785088669723e+00,-9.738842119690552801e-01
1.629153916944471536e+00,-1.005273754939511432e+00,-8.730799211215397593e-01,4.449896037573934371e-01,2.806395599774516469e+00
-1.702102368783492969e-01,9.329679729672201161e-01,-9.429502494627632903e-01,1.303862499778199568e+00,4.199774573244181575e-01
-2.298260019733503245e+00,1.371023527952708543e+00,-1.627903682712548594e+00,7.739411099237865077e-01,6.328841253502768271e-01
7.169241615933162892e-01,-6.603232792475264290e-01,9.144778428736830556e-01,-2.877786124923411570e-01,6.036897306897249793e-01
1.406897188233826368e+00,3.207089378373443878e-01,9.675344696983210202e-01,-2.326326473779528836e+00,-2.770826601609837070e-01
-4.556055111105553612e-01,7.919349984460137826e-01,-3.064285769875007226e+00,2.734497058380704448e+00,5.789190802437397254e-01
1.244735477282752800e+00,1.696579984037241307e+00,-4.926544374693380135e-01,9.911696692292952804e-01,1.727266500865035415e+00
5.423696408971312444e-01,-3.868353067641153165e-01,2.857659752936963393e+00,-1.874096662719569206e+00,-5.234470361913031722e-01
1.188492646453404467e+00,-2.807982664141782658e-01,-1.318031946131639209e-01,1.366355200718356810e+00,1.464240438015652623e-01
-1.474925505200115339e-01,-1.425455304596756401e+00,1.888672764418252603e+00,-1.299456301213248732e+00,3.955754512166157477e-01
-1.553304767334348080e-01,4.745543279054338925e-01,-1.681774114417145416e+00,-2.753518585306889976e-01,2.184515615588072945e-01
4.027685818297635834e+00,-1.097683281309409509e+00,-1.983719537103405095e+00,1.848395662298741193e+00,1.424713288233270925e+00
1.584425152278300608e+00,-2.795659609447846972e-01,-1.905775283378061680e+00,4.356386758765131706e-01,2.412130895791855689e+00
-1.148241441566290932e+00,1.232602246743532692e+00,-2.792057286308828878e-01,5.919893472185666639e-02,1.093909107768562983e+00
1.142045281044296035e-01,7.178620012485942281e-01,-2.009036316369705144e+00,1.258751254040727074e+00,7.756828775885108440e-01
8.513407151207053047e-02,1.808158155547579637e+00,-3.256657158726715906e+00,1.921961008815617822e+00,2.698692117194764428e+00
-3.206299488280084375e-01,-1.800542761275331527e+00,9.926362188562517508e-01,2.805213197423626070e-01,6.943728067616232735e-01
1.901287458229618199e+00,-1.892459293659773722e+00,4.599681812175058226e-01,-5.032343499545941512e-01,-9.012973508624350094e-01
8.170139154357178857e-01,-3.796368853308798585e-01,-1.665725932594046554e+00,-1.321844672589576053e+00,9.354646870305868278e-01
1.768336384629618063e+00,-1.798992546394188707e+00,-9.902992836264175036e-01,1.062910870157139254e+00,1.949535762381733539e+00
1.683343415529690024e-01,1.491446930809485760e+00,-1.533704314518036238e+00,-1.059072308243607985e+00,1.331000068156197980e+00
2.581533808238619110e-01,-3.945962966775292680e-01,2.966593613024646636e+00,-1.707754883909361698e+00,1.038434798069932663e-01
1.404677043379905399e+00,3.774144861367307868e-01,-3.913681327972611257e-01,3.117131240982339957e+00,2.350361652134274948e+00
2.538711218607571762e+00,-9.818475205792561722e-01,-1.776750579257261542e+00,1.577925990427667013e+00,1.945943337473862389e+00
5.193340460272976022e-01,-7.943850847530191661e-01,2.439254445591753750e+00,1.344898806677340408e-01,4.132270514644960646e-01
-2.648957542661615205e-01,-1.884299369899029575e+00,-1.255386867158940545e+00,2.646926919803192391e+00,-3.102216719545058954e-02
-2.166854752867325429e-01,2.474009137486245180e+00,-1.613430165900846536e+00,-2.176496111445425541e+00,3.046353079278052434e+00
-4.206064950228682875e-03,3.714202450391106969e-01,-8.044189743008236526e-01,2.117468420992444589e+00,-1.067679967746406611e-01
-1.860006315883239170e-01,-1.589473637785864535e-01,-4.915056733487492835e+00,-6.938571683446048688e-01,1.684754476289933578e+00
-2.886273996559312049e-01,2.417997431859062463e-01,9.283540047281176877e-01,-9.710098537630996729e-01,-2.270108735937050870e-01
-1.860620658638783009e+00,1.053908087409525463e+00,2.511333551086538662e+00,-1.294071477125681824e+00,-1.475480639772991154e+00
7.562935465402491619e-01,-2.023313081968349803e-01,-1.707803804170394901e+00,2.323630803337813244e+00,8.579559712750941536e-01
1.567061029280499840e-01,1.493291674302160699e+00,-2.634787522884905364e+00,6.106854289482914755e-01,4.154974056971626473e-01
3.531149060030411846e+00,4.381469237958894869e-01,3.065440570302506273e+00,7.194864362275692482e-01,-4.804564753076765449e-01
1.071419691019690701e+00,-2.631354564376005900e+00,-9.856590629309351925e-01,-6.216293342580888615e-01,1.600065759581461577e-01
-1.390738421838961347e+00,1.878803342318906555e-01,1.243433029639524179e+00,-1.006750983002568489e+00,-1.023827569232938606e+00
2.644403453802935733e+00,-5.200175190002944703e-01,-9.350185637765907609e-01,3.801201970873864688e+00,2.413611788713051709e+00
-7.909393898849992333e-02,-3.057445650231118139e-01,-1.787816409813062002e+00,3.673832251085897282e-01,2.372898766346155153e+00
-1.396181303548194474e+00,-4.435436690785742875e-01,-2.169460336418751467e-01,2.744742885300841095e+00,4.100713832688060445e-01
1.134027485054919460e+00,1.215214379056300587e+00,-1.228847044351609741e+00,3.087813329836238019e+00,2.021465132317495250e+00
4.727359194068603276e-02,6.915421998265396386e-01,3.880890269360812717e-01,-2.210252354507177941e+00,-1.108102826325574330e-02
2.897821136130276365e-01,-1.604668324033085458e+00,-9.355162099277143373e-01,-1.154324603494566670e+00,-5.787682209807345490e-01
1.793886804607611740e-01,3.110786125159698656e+00,-9.149034737388478389e-01,3.711279689129527437e-01,-2.617242599665129399e-01
-8.138093431479688222e-01,-4.724063755578297163e-01,-2.471207751233470695e-01,3.111745984773523599e+00,-7.989760918045047955e-01
3.448980277526438876e-01,-5.961172762692430460e-01,1.200647343938728184e+00,-2.451242229017976282e+00,-5.854495209085253116e-02
1.456901101367578111e-01,1.771004345641606914e+00,-1.551209427575773958e+00,-6.918022900542666331e-01,6.227980251280843538e-01
1.701991129050700602e+00,-5.984082991944157381e-01,3.551294718853878152e+00,-3.401376077145107146e+00,3.291949733238922482e-01
-9.493040375070244119e-02,1.044188924436210808e+00,-2.729729033185396059e+00,-4.802650308661742251e-01,2.319774005568712161e-01
-2.194841964725998684e-01,-1.736298447253569632e+00,-3.994750375949754351e-01,-1.732659832164336056e+00,-6.206191254178167194e-01
2.022836161478611672e-01,5.977584641172969254e-02,3.849495188596252504e+00,-8.974498284196024134e-01,-1.463310860405794278e-01
8.555346801040435434e-01,-5.640800217475882006e-01,1.161307001784104953e+00,-2.267902999686681742e+00,-2.905064105987289480e-01
1.948514855526502609e+00,-7.064162295477058873e-01,1.693335399840633748e+00,-4.757888666055976046e-04,2.693676304667470545e-01
1.255307767027368904e+00,-7.805508929562262610e-01,-1.877598361088840484e+00,1.217792427032858171e+00,1.656394417257087248e+00
7.240229154088517749e-01,1.592804198073448016e-02,-1.149592328771203764e+00,2.462258712185143583e+00,3.974108868653115856e+00
2.577393570442606752e+00,-9.738188244662720691e-03,2.683473349661610330e-01,1.093620572193644280e+00,2.673286911202369609e+00
-2.935333240092016016e+00,2.294530332392849203e+00,-1.792090224114027963e+00,-1.693477651765130654e-01,-1.449380213556673347e+00
3.609496987384357980e-01,1.513279633671932856e-01,3.919482270954276260e+00,-2.986628128562072160e+00,-9.239527659055923881e-01
-7.536259732435383052e-01,1.588184348655803602e+00,3.005663990059519453e-01,3.762927215401083436e-01,4.461132926284707700e-01
4.848810176374259706e-01,-8.701383705356725562e-01,8.679882610914105845e-01,1.999131331173451542e-01,7.658506335101241680e-01
1.574963393766382724e+00,1.572759099100561997e+00,-3.923002499310443980e-01,1.126137019620297997e+00,1.849797502261357085e+00
1.123206259371788640e+00,1.631653541433409682e+00,-2.657932092928375845e+00,-1.270735626820611586e-01,5.367105818216241220e-01
1.797446125733048738e-02,-4.510137582555538982e-01,-1.154045086359365646e+00,1.291486648665195469e-01,8.014729482590765564e-01
-5.779087952495487457e-02,6.391913608951466097e-01,2.468206656589448933e-01,-1.325220423639383860e+00,-7.069330920795994233e-01
1.692951081860872620e+00,-1.318566588210955848e+00,2.498489652116566706e+00,-3.171796773851450091e+00,6.922025608477142544e-01
9.227096756911479236e-01,-2.859983707043370904e-01,2.772928544420578678e-01,1.645276624779983710e+00,3.302813626317453011e+00
4.048913821693636006e-01,6.429944348489885497e-01,-8.142292689607504297e-01,9.355796873101097644e-01,1.057700741854689763e+00
-1.397621715389092412e+00,6.211970960884763415e-02,-2.461831127397103192e+00,3.328396752198992115e+00,1.324616068388126733e+00
1.599745411019515506e+00,-2.892361996612090591e-01,9.256946913115744469e-01,-4.300000282887450620e-01,3.738860495750868651e-01
8.634278451239957297e-01,-8.925406339936955424e-01,2.340037659917086899e+00,-2.420917256279409013e-01,6.630168584421152200e-01
1.263767659398046472e+00,-2.478815229150684307e-01,2.741837679214941481e+00,-2.758311844453773087e+00,-1.611026011316649686e-01
3.552479298128400576e+00,-9.979633285350981708e-01,-2.833042773223574340e+00,1.211860454194135794e+00,2.063774254742835712e+00
3.372646278567837941e-01,-9.012917776878928144e-01,1.103415900180501286e+00,-6.130192488482296698e-01,6.520276744050004236e-01
9.854542581345269170e-01,-1.037135611790789724e+00,2.937235588499160777e+00,-7.066288315742169646e-01,5.181174145178306656e-01
2.665555910241534932e-01,1.225453915078227762e+00,-1.524899563183938600e+00,3.050425835509353867e-01,1.672578345160468327e+00
-3.457125010508713681e-01,8.729760931815544467e-01,-7.154540349160902757e-01,-5.817048737734150654e-01,1.406065381565103412e+00
-3.932635879178514315e-01,-3.051375415873729402e-01,3.344251501473361810e+00,2.292552269686590094e+00,-5.523591323556477084e-01
2.773028171854021728e+00,-2.755034467645483542e-01,-1.426703102499584208e+00,1.386477247545657043e+00,1.512015600238153734e+00
-1.305763206353209860e+00,5.615983192786474509e-01,-1.418151415629870904e+00,3.053624508313633967e+00,3.454218435994521608e-01
2.650012636782911990e+00,-2.812441124103455814e-01,1.755918231295133580e+00,-2.168081210455294006e+00,1.581426231249988268e-01
1.827710755499470263e+00,-9.818286474358339788e-01,-2.859708721809144372e-01,1.216222910279456393e+00,8.417592684865112806e-01
-1.660246025454689134e+00,1.030754076355478110e+00,-4.942563608822436727e-01,1.364561160239077253e+00,-8.759851709730933633e-01
-1.066408184859829245e+00,-1.432319580857316366e+00,1.968281740169877336e+00,-7.891812030366465169e-01,1.943377148397602561e-01
-3.491826579402544928e-01,8.094383658618581334e-02,-1.686548593675605279e+00,3.346856713318371312e-01,8.827690733866617734e-01
8.876340367568488210e-01,-2.138405645570937708e+00,4.367674282351781123e-01,2.510097456727217180e-01,1.122016319360167991e+00
1.525768852319176805e+00,9.686657610561666409e-02,7.970394428677336496e-01,1.073677859431447779e+00,-3.968014559391764839e-01
1.983887627083159799e+00,6.884239860172202130e-01,-9.117285339190307480e-01,1.566894264642137991e-02,2.736477505988514913e+00
-8.303187450556553939e-01,-7.274697601264252800e-01,1.727515427189580510e+00,-3.530874795653387022e+00,2.541671628371423575e-01
2.397334587805872275e+00,-7.159763439131555662e-01,-1.390041186290806197e+00,5.267321879224161618e-01,1.616568828850893258e+00
-1.445034603980811960e+00,1.788372209008886049e+00,-3.171673445281230741e+00,-2.310878612966641987e-01,-1.156805614045267605e-01
-4.324198876664041014e-01,1.742977276557743815e+00,-2.170628816685190809e+00,-1.649657867918364884e-01,3.995658703201360185e-02
6.370035557297610840e-01,-2.055697021096483321e-02,-2.617587078542054524e+00,1.167098393030548964e+00,1.682516325746677754e+00
7.686224957690530601e-01,4.272088702437061847e-01,2.228332076018352259e-01,1.587835243950796560e+00,2.117935969230982707e+00
4.214336586826862852e-01,1.023044548481799820e+00,-1.472073832449958264e-01,-1.223824054137792050e-01,-6.476963336273897642e-01
1.461709129806078700e+00,-4.135462452388729004e-01,1.537147846744823187e+00,3.162263839684555378e-01,9.045062669486190199e-01
-2.599316042824968420e+00,-1.132350522862964004e+00,-3.851340412277262093e-01,9.985080890886659510e-01,-5.261616342646224798e-01
1.260941672193730323e+00,-5.272237711181638337e-02,-1.467827488056292040e+00,1.720753350254622616e+00,1.075114705234470058e+00
1.751149398148249325e+00,-2.637479378570807498e+00,2.622039581772415140e+00,-2.087879236303877839e+00,1.237874472763070832e+00
2.064675055512338986e+00,6.647100212724921242e-01,4.293774066707243264e+00,-1.005127928570426654e+00,-9.692197464135839935e-01
2.840598841481607018e+00,-1.035214308896898361e+00,-2.425168632070209718e+00,7.400322609914313787e-01,2.139001931133987178e+00
8.599800066630329809e-01,7.946101101818039414e-01,-1.906623515813086422e+00,-2.770346571662400947e-01,4.539154886463677152e-01
-3.103671368507139872e-01,1.467661126860671628e+00,-4.035340986889270454e+00,1.301119617538577744e+00,5.258608763599961211e-01
1.739969547821966778e-01,1.051853720387510460e+00,-3.265910970207547948e+00,1.076925496441240027e+00,6.216810616522244759e-01
-1.689040882043461034e+00,-1.586102759125405548e+00,8.836495072742828194e-01,9.130576053741825682e-01,8.765070197523689988e-01
2.388645079857746545e+00,-5.027305777004980047e-01,9.618909789196575799e-01,-5.727464709198634707e-02,3.590155323044508795e-01
-1.356039171757237316e-01,9.140940744042844734e-01,-2.887675072924975606e-01,2.852587306063630201e+00,-5.195900513183221436e-01
-6.668397010168904959e-01,4.092197364324491327e-01,-1.101461209814384334e+00,-1.772502750767321056e-01,1.836891192945249163e+00
3.025684661273631448e+00,-1.518937419659339039e+00,8.065239158779273776e-01,-1.997157527279668665e+00,1.230959710721839517e+00
-8.372751636741044834e-01,-2.429508185064675196e-01,6.983648151313384123e-01,-1.822889250991122978e+00,-1.149301295568346815e+00
7.139999333014310778e-01,-8.002642052421632402e-02,-2.707646015776626669e+00,4.296310867246497245e-01,2.019419762191732914e+00
-1.886802708808518192e-01,1.095634552278857532e+00,-1.563162734947925125e+00,4.288767013554675156e-01,1.098658016472839893e+00
2.233501458372807447e-01,7.442696960695815989e-01,-3.599963171818670205e+00,-5.363454714868109985e-02,7.499060671816994983e-01
-1.375234474421715980e-01,-3.338312898564635978e-01,-2.978296646198054454e+00,2.790806291857568233e+00,1.391899593565225413e+00
-6.742433349782415153e-01,4.691966934794085109e-01,-1.062040177027364196e+00,2.229062748996721410e+00,1.772234519642064132e+00
1.518985860002651567e+00,-1.276086929840893058e-01,-1.862484534186764407e+00,8.364624338656609925e-01,2.436920965467272104e+00
2.921338583315122861e+00,-2.781503686418320132e-01,3.140534741798978402e+00,-9.536613762770397296e-01,-2.417533494515510251e-01
-9.387956469472551468e-01,8.560686823207162011e-01,-2.383396410190150583e-01,2.579276431166434236e+00,-1.298281707201586199e-01
1.145180472667995053e+00,-1.691591122312936957e+00,9.055760447631373555e-01,7.141662029762514408e-01,1.055590861623899812e+00
-2.455308081556802913e-01,-1.777403426344252413e+00,2.149523788362230015e+00,-6.274411120110856555e-01,3.430731932935407458e-01
1.130061420129623073e+00,4.019714959995677184e-01,1.062783196623096060e-02,-2.986156153786609924e-01,1.972482566584539410e-01
7.964936458413800491e-01,-1.743670018133548938e+00,-2.414075379545934652e-01,1.049904026767604970e+00,7.686636433316154093e-01
-3.904420474369214578e-01,1.564628452990151908e-01,-3.618407567040788919e+00,-1.129010259775785063e-01,1.227646778750079770e+00
3.287513937568030675e-01,2.363370893741699175e-01,-2.137577493589326583e+00,1.608835621994605170e+00,3.903389886950898724e-01
1.932798787046836608e+00,1.600998898657275127e-01,-3.268204219645911124e+00,5.821643739685418151e-01,2.216898454639340432e+00
8.889591038508440901e-01,8.929109530307304254e-01,-2.756447686973837463e+00,7.919686896283666400e-01,2.074169987483931443e-02
1.214610487355063828e+00,-6.435366618096163838e-02,-3.000984113634303618e+00,3.941877667468185464e-01,9.313430196101751823e-01
1.602440833730591985e+00,2.161185754033378426e-01,8.819582655686295514e-01,-1.014346137263394398e+00,-1.876020799944888573e-02
-1.450206787144404097e-01,-3.168774415775465342e-02,-3.461824611087108039e+00,2.443184708128942617e+00,9.099078206278999881e-01
-2.923660742372514054e+00,5.805474867322053534e-01,-2.793071442921593039e+00,1.854774925642462380e+00,6.839979712806434353e-01
1.951655025483339578e+00,-3.391589383202247898e+00,-3.007542054023626399e-02,-2.140704563605689170e+00,9.529038445106524646e-01
-8.868439330205590831e-01,-5.247779987343562658e-01,-1.254727673975297275e+00,-2.294324985873715583e+00,-1.620821947046125366e+00
-2.119432646758386163e+00,-9.101820762748642490e-01,-1.086195640474737711e+00,2.447510196403381855e+00,-2.267820930455677342e-01
2.644103890126834888e-01,3.698630353273038573e-01,-1.655288296566090445e+00,7.472672425139559316e-01,6.403428863139892790e-01
2.170271314619929282e+00,-1.113961245753059826e-01,-2.935088529211300923e+00,3.342948518922370216e+00,1.502200410525855290e+00
-1.320735834265891473e+00,2.976268443273516473e-01,-2.667385870711566298e+00,1.770273802524972462e+00,1.194880848027637388e+00
3.633028796505263447e+00,-8.499193964346367647e-01,-2.144476448233445964e+00,2.172376418241242391e+00,1.542633141790235918e+00
1.112144799323691036e+00,-7.629370127465171514e-01,2.283315823920305743e+00,-1.460221234930461076e-01,3.923882871821200991e-01
-1.641160210911863371e-01,-1.888702755748058681e+00,-1.183795761119408735e-01,7.683236919907012741e-01,-9.873993401954088700e-01
1.975210909845696861e-01,-9.121233350702745435e-01,-6.413209102724313215e-01,-3.295803783841017243e+00,4.763006515967331822e-01
1.275118317543834090e-01,1.653424698841967189e+00,-1.631868417750558464e+00,4.793867561638737729e-01,3.362462152516875746e-01
4.202360090533682757e-01,1.150829542140914541e-01,2.375494293718405370e-01,-5.228244662687618893e-01,1.622885858993687203e+00
-7.375901424760338276e-01,3.991732049353345357e-01,-2.534765052424626797e-01,1.880018666604770017e+00,1.294403317338762571e-01
-9.605106946724147887e-01,-2.054003973642899439e+00,1.001782021374581166e+00,6.235280705404031565e-01,-1.261759968218463257e-01
-4.291176992004105961e-02,9.272034629832262009e-01,2.820769908765218936e+00,-1.799082819198978500e+00,-1.193485799919395518e+00
9.515329547939422872e-01,-1.093254790489412986e+00,1.795615635061679427e+00,1.717772647924424856e+00,4.257674634428200711e-01
-3.990905590925285518e-01,1.027950159307865041e+00,-2.807874054253700624e+00,-1.281328994910745367e+00,4.081169204769644066e-01
4.472290809231566633e-01,-1.323793882886787343e-01,-1.860711327262522641e+00,3.030563762881636425e+00,5.209663738423682133e-01
2.866224800943820927e+00,-1.664657523399943662e+00,-1.878063451528968253e+00,1.298819750468426459e+00,2.642141537687677566e+00
-1.874228255187567749e-01,-9.072833509134358154e-01,2.101437866972561963e+00,9.566288964326652433e-01,-5.608362138181119949e-01
7.326036985004549251e-01,-1.172961553983364213e+00,1.744526847911995748e-01,9.007564030823014267e-01,1.579988947741143956e+00
1.382053597385676236e-01,-3.160054040499880035e-01,-9.804729363048902968e-01,-8.415715320540686495e-01,8.713245818132840936e-01
6.167759802443039119e-01,3.931314524394977084e-01,-9.879178058407036556e-01,3.747152003744222970e-01,-6.115415348366903814e-02
2.365535826283214682e+00,-8.271617251058351883e-01,8.608687506171226467e-01,-4.895964076437451240e-01,8.992522124963988617e-01
5.074190490120114028e-01,5.695036205682070252e-01,-3.831126846091138738e+00,1.426758838620482361e+00,1.169084038985310325e+00
-4.108536193083049959e-01,5.449526856910767991e-01,3.679515258518041065e+00,1.243706975949014693e+00,-8.399668837222509232e-01
1.631246833787784345e+00,-7.493508756809591498e-01,-1.478638068605304445e+00,8.881427840683571162e-01,1.531870040079498896e+00
-6.035770732043388431e-01,9.025551672136390424e-01,-2.528529602569910217e+00,-2.306016409763397501e+00,-5.084661100732301708e-02
-9.799213965164986773e-01,-6.135964609833423067e-01,2.966237964133403793e+00,1.418028433275669853e-01,-6.412799108721550789e-01
2.547626439625207517e+00,-9.170127683807771657e-01,-5.594752575024923846e-01,1.265216009034976441e+00,1.101834871749446609e+00
-3.708212985353214752e-01,5.982996558821191968e-01,-1.479547687124491473e+00,-1.332218574887457097e+00,7.776850099212866407e-01
-8.642951834137433398e-01,-1.095288263883887891e+00,-3.707705372581715952e+00,-1.577018288645701816e-01,2.975611019092832876e+00
2.436891201514332916e+00,-4.171775671949555786e-01,-5.412062482142860897e-01,2.337850516388344957e+00,8.754170019802360869e-01
1.341007866108906210e+00,2.025912762649037191e+00,-6.244237102425055363e-01,2.738095856364614278e+00,6.457491169998630376e-01
6.800476299741264885e-01,8.207332259134487995e-02,2.152665618677545023e+00,-5.062959531332373864e-01,-9.649076965708616171e-01
1.574529445929181981e-01,-1.266580234057099741e+00,1.792819395912948366e+00,-2.278846386776633537e+00,4.101893132105861595e-01
-1.036763216453004954e+00,2.245626875700426350e-01,-1.041070294041698041e+00,1.224144653973406882e+00,7.967808580148418862e-01
5.018095216342516318e-01,8.097311600780973118e-01,1.981414469317317906e+00,-1.716919100013178712e+00,2.307142315545596567e+00
6.637164089878695439e-01,1.002826609255009771e-01,-1.205565853975003598e+00,1.086660145276784561e+00,3.653695164551816754e-01
1.450058821699971467e+00,1.270249953590156355e+00,-1.145157580827327326e-01,2.339957025552428682e+00,-5.071014811176535186e-01
8.908582647359494788e-02,-8.524229160733604038e-01,1.266506166033216196e+00,1.052864637808726300e+00,2.862989819252803603e-01
-1.016960381011411396e-02,6.022366297842658422e-01,3.678616820556303013e-01,-5.694487277174116180e-01,1.884943497677479929e+00
2.246465380895746655e+00,-1.704336998758195332e+00,6.225029130494990071e-01,-5.660137170486440050e-01,1.609969278431087503e+00
2.300094741591771630e+00,-1.376399533503570805e+00,5.342090290564599497e-01,-6.050842500464581608e-01,1.469736595054226935e+00
8.977029690638107517e-01,9.842933754933044788e-02,-5.845222330065154015e-01,-9.565921628538180954e-01,1.613183652602699913e+00
-2.153153826096249279e+00,4.542971290968044751e-01,-2.873721152507576537e+00,1.272059065232185038e+00,1.246990396969433146e+00
-1.147728524648460535e+00,1.393495778447101374e+00,-2.970196645448287542e-01,-2.041764568332607999e-01,1.857056064185510502e+00
-6.015682586760132677e-01,-8.742825329464215534e-01,2.671731267587369452e+00,-3.623336954425973033e-01,-4.633739719723176664e-01
6.790079540485427501e-02,-7.178749531102648351e-01,-2.724268817919166086e+00,-1.568771559164831020e+00,1.891802753312506358e+00
5.459982048397314935e-01,-4.177861084358426569e-02,-3.281068911826336532e+00,-7.171084805464933432e-02,2.022366581321773271e+00
1.812318596323313269e+00,2.563095598587778468e-01,8.375446128034540472e-01,-2.455275968060672831e+00,-2.968473632543644491e-01
1.385765562105016002e+00,-6.033062373967268410e-01,-2.266226998121170677e+00,1.323871515907415475e+00,2.385923814226442730e+00
3.092324198441553929e-02,1.294990705814141663e+00,1.466762566220369379e+00,-9.801432768431632692e-01,-8.506949104218485269e-01
-1.157244534128401448e+00,1.108127661500786676e+00,-1.950898074996193721e+00,2.412226465986615942e+00,-2.915056108542707358e-01
6.891991548960478831e-01,-1.135991959977094706e-01,-8.726866627020980482e-01,-4.055793276292640748e-02,2.700512733858067893e+00
1.450351982086648395e+00,-2.084612964413919411e-01,6.326651066222995778e-01,-9.636213093404365493e-01,4.509842280879061693e-01
-1.730904729913783857e+00,7.066553226508763830e-01,-1.747638395256120969e+00,1.453754865069024849e+00,1.105974752447449694e+00
-1.541315801539091312e+00,9.463239793544671319e-02,-7.798113540531443899e-01,-5.722813975750172810e-01,1.911071783803908630e+00
-1.529703672960778693e+00,1.116212058502794591e+00,-7.201250817909040647e-01,-4.256325610795101966e-01,1.662868533694431994e+00
3.364868870749196272e+00,8.377658089493699167e-01,5.513741621147785210e-01,1.455344463984727388e-01,-4.962207272881001829e-01
4.143392517629596039e-02,-6.318095831396014495e-01,-2.856792561016325838e-01,-2.875833791274255424e-01,2.986747021735125962e+00
1.092203566090869105e+00,5.658126044400944160e-03,-3.474920738162918354e+00,1.973938669463304763e+00,1.407219978161490470e+00
-1.427636785282194287e+00,8.754408693158691190e-02,-5.372154706988716555e-01,1.196327866226117864e+00,1.584717344584467114e+00
-9.579958416236211693e-03,-7.138351160178252330e-01,2.667412599843459908e+00,-5.311400324989077326e-01,2.066297647608611454e-01
1.507475087388376433e+00,-1.310997862391526159e+00,1.595644629155993810e+00,-2.281744785189499414e+00,1.095755924103847923e+00
-2.807706121109868391e+00,1.492942375791498799e+00,-2.531983847478076921e+00,-6.846766875614578307e-01,4.123811026459294204e-01
2.083362208020385520e+00,-1.665049222978260968e+00,1.446447585040885775e+00,3.316607287881289778e+00,1.106021822820121070e+00
-9.017210380023616967e-01,3.949810026896138915e-01,8.651036892697616665e-01,9.455837828322450900e-01,1.264387013903018664e+00
-4.480588388716709169e-01,9.201976005693027760e-01,-2.361748108147635694e+00,2.277022617387530978e+00,1.488638049090322379e+00
-2.315078862531256387e+00,4.179983044732016872e-01,-1.659547767559420572e+00,1.550153353550398183e+00,5.785396666524232900e-01
1.440923398723559679e+00,1.527158715137288958e-01,-7.434729500798372692e-01,-4.946551321511373223e-01,1.507056893921698837e-02
1.493441104337448255e+00,-2.429199963494053649e-01,-3.242644065039371970e+00,1.287706718893013580e+00,1.353433172449547639e+00
1.018549907881427519e+00,3.799556002172929658e-02,-2.410535955032982347e+00,1.179674042211089180e+00,1.357491519024287996e+00
1.745487011655546539e+00,-1.795071429264000873e+00,-1.621056046509881998e+00,-4.754133027603013595e-01,1.652886218580431610e+00
-1.360545302327687445e+00,6.433619342673116970e-01,1.577572610924399044e+00,-6.174180303882002008e-01,-1.712473568269419211e+00
1.326749169648260063e+00,-1.797359937563802745e-01,-1.098833057108688838e+00,1.107563830781288505e-02,1.887711446443439467e+00
-1.047687580913253091e+00,9.719047816324107858e-01,-1.746002629010521279e-01,2.465121669082867228e+00,-5.949982594444255257e-01
6.844838409314848438e-01,-5.869322164913772788e-01,1.747778669785295391e-01,-1.094644664261426703e+00,7.199103667367610093e-01
2.395629972699148347e+00,-3.437555875751401868e-01,-1.356475942603680984e+00,3.212565746711365300e+00,8.697971453142612219e-01
1.447691987716795747e+00,-3.006858238387667193e+00,5.941021213964166048e-01,-1.123269951236925968e+00,2.998115547675668235e-01
-5.845668334948618261e-01,-2.018006345231263321e+00,-8.576056072611818459e-01,-4.180961917410415118e+00,-1.145228967377075691e+00
-1.213111226685637256e-01,1.455793046257132239e+00,9.906449987365526511e-01,1.339243206260062991e+00,1.588680159158170513e+00
1.793815167520522058e+00,4.790986912506734474e-01,2.988064039274492156e+00,-1.169391975764460412e+00,-1.011169310941188559e+00
-7.536630840481405302e-01,4.494431338151237965e-01,-3.997277458360919411e+00,-8.883039183459204846e-01,9.209252046962197458e-01
1.055761154263967549e+00,-3.225999917786144811e-01,-3.059913507023653167e+00,3.408213661835338026e+00,1.475182270180376065e+00
-9.490076572969272650e-01,1.624260619707288411e+00,-1.746869980062296213e+00,2.067631700800356409e+00,5.646546587154523955e-01
1.186411967846317861e+00,-2.452245825060735823e-02,-1.250917556498584160e+00,9.075676539279647903e-01,1.253870812030487336e+00
2.718181020599657938e+00,-1.687997396259256488e+00,-1.429423290300730232e+00,9.599738644474805627e-01,1.732000726153627657e+00
1.119907133661376619e+00,-6.520260096178112086e-01,8.849221821858770376e-01,-1.427823471415621270e-01,3.635580656649906039e-02
1.914122958732514368e+00,-5.528587692150056521e-01,-2.913245556405409609e+00,2.782729152622006596e-01,1.351297697398604836e+00
1.554320556464932945e+00,1.043467957197716928e-01,1.895476385313889622e+00,-1.960029083101526570e+00,-2.084341708659953607e-01
1.196326557884312081e+00,-1.868724510567865149e-01,-1.340384410358903322e+00,2.617928571874783117e+00,8.018075896650069811e-01
2.564610279057790709e+00,-1.117437256746187213e+00,-2.713526115943115880e+00,3.043197963328888367e+00,2.371965604762675817e+00
3.350845583784198389e+00,-8.912761353870570780e-01,-2.183635658529496482e+00,1.356406870309608603e+00,2.182879781192534452e+00
-4.139667088117668925e-01,-7.688603357823153850e-02,-2.446927954722365683e+00,-8.394181061629397700e-01,1.609858166759598141e+00
1.804041852248424060e+00,-7.191091929179856956e-01,-2.552445558607684184e+00,1.171258805798118363e+00,2.441642774064384902e+00
6.185239123571326658e-01,4.806113041846418743e-01,-1.264573387326906273e+00,1.698190967485317726e+00,9.726455523478325649e-01
1.061289335769334929e+00,-3.673244454340764964e-01,5.322183410681526894e-01,-2.508198403513683061e+00,3.984085572644836537e-01
2.004294837112176708e+00,-1.193248730619853148e+00,-2.491082975398716481e+00,1.542942283572943385e+00,2.161698581685358000e+00
7.597876196556497819e-01,-5.804260059169596975e-01,-1.898563065642319581e+00,1.197613545656800671e+00,1.371884083827459300e+00
-2.466152135250859079e+00,4.104203575284321587e-02,-3.564135497597294422e-01,2.155319782628767111e+00,-1.764858071167314080e+00
1.011348005668827987e+00,1.276841424339530962e+00,1.148909183200572670e+00,-2.045391465098005401e+00,1.582473256659108873e+00
5.051023126695826093e-01,9.242150195935446844e-01,-1.107867051283820903e+00,1.371303832506091780e+00,1.580316515978721359e-01
-1.785729058116490853e+00,2.417639046149498427e-01,-2.235501255233145912e+00,3.307536102260115740e+00,1.922554480434254476e+00
3.950028715696611847e-01,1.187175478652177318e+00,-3.102853541470682153e+00,2.807860912898372696e+00,4.735414581696649750e-01
5.744824267395753914e-01,-1.657699683955642378e+00,2.565886692949237990e-01,-1.184799506383826362e+00,1.432231938060896326e+00
-4.306435892349332883e-01,1.502133286545803692e-01,-2.111892204870785328e+00,1.929162792478336386e-01,1.636239035626407601e+00
1.793857097639075970e+00,1.541527813481084058e-02,2.150999422549121576e+00,-2.756071967148689073e+00,-1.689474990158761347e-01
5.249080842879517705e-01,-1.435656710446000725e-02,-2.275908590009306121e+00,1.362020241369581219e+00,1.344575514431429308e+00
1.539953399514530030e+00,-1.150052838728573001e-01,-2.650945169859391992e+00,2.143857716990875684e+00,1.256020301068158318e+00
-6.928226494932572255e-01,-1.914173204042404652e+00,8.283424914729486943e-02,-2.040898183536354882e-01,4.737167297834590785e-01
1.633560279420591232e+00,1.776927388690712206e-01,-9.521096085218658800e-01,-2.964377429712318435e+00,4.894997771018314570e-01
5.201336734432762121e-01,6.452776284429212472e-01,1.677328861438913687e+00,-3.405097017891549172e+00,-5.162303048484002677e-01
-3.152052320262640706e+00,5.346878891583894955e-01,-1.563662345952141264e+00,3.244625672031622443e-01,1.415975176446452544e+00
4.803425831243297583e-01,8.344533884378031730e-02,3.797938679409902818e+00,-6.384292400458646544e-01,-1.447789532991428096e-01
2.068945982495440816e+00,-3.711031193740558787e-01,-3.713128875555652186e+00,5.162125534661738957e-01,1.712626056114730844e+00
-1.004485737135142776e+00,4.107291768925125930e-01,-1.467941834248317035e+00,7.847237738182550881e-01,4.348789898609801141e-01
2.261555999464293976e+00,-8.055571427351615466e-01,-3.649451331012524280e-01,1.529538921398839957e+00,1.162968953410377537e+00
-1.467164312896868328e+00,7.646091469827479559e-01,-2.061346205568815648e+00,-7.315533099295743469e-01,1.542546907465176975e+00
1.121697742166659406e+00,-4.672872911210693148e-01,1.811164796416536049e+00,5.483762485607710513e-01,2.731959963282103443e-01
1.002778045497810577e+00,-5.383348014713421614e-01,-1.547776032524186274e+00,1.535239145738307442e+00,2.243380410727672469e+00
1.919057533546109084e-02,-4.295586142238036476e-01,-1.037342100211672946e+00,2.745104675800300154e+00,1.298332175599675065e+00
9.280358832544497449e-01,-3.050827098697153072e-01,-1.322813668851880786e+00,1.538918906029247413e-01,2.349255871796663175e+00
-2.779609935280497712e+00,6.607266890527502268e-01,-2.289123998701730667e+00,-4.314665558327857586e-01,1.470233005253564373e+00
-1.183482429912682043e+00,4.470606152282990270e-02,-4.006668361424452485e+00,-3.727480201412968208e-01,1.190528835484688353e+00
-9.110075391357665975e-01,1.030228455579048852e+00,-3.233217964617669526e+00,1.921220620508166554e+00,4.998641319135174177e-01
-1.585841525701838228e-01,1.041263795309006035e+00,-9.410297636456896875e-01,-5.227577573548515266e-01,-2.740086938125413374e-01
9.498799094803420662e-01,1.260115015184176235e+00,4.997791840517086803e-01,1.613453000858415809e+00,1.819295360905649250e+00
-3.931760315707477638e-01,-2.556726113360831554e-01,8.890220724440744959e-02,3.712022868685562749e-01,-8.701873550673613344e-01
1.556367000434763170e+00,3.345387411604084371e-01,4.781401846934608679e-01,4.648893878411824443e-01,2.551908255723057684e-01
2.344114916926054448e-02,7.057347515250913528e-01,-1.295684082018380145e-01,1.234858326829043618e+00,1.873992422977333483e+00
-1.793179814109056469e+00,1.571566938759443866e-01,-2.577250390881804520e+00,1.778137896073411994e+00,6.612719187732636339e-01
3.651740302866901544e-02,-7.870476318708199415e-01,-4.951723682610951749e-01,9.058405210995019718e-01,8.363624156988651581e-01
1.543897319820409564e+00,-1.139821506164341525e+00,1.171210839904932577e+00,-9.418926723845096882e-01,-5.191261548290513339e-01
-3.638536317269425169e-01,1.274495047083328503e+00,-1.399239838175235562e+00,7.645447308218615845e-01,1.110848913549143280e+00
2.917693790877186277e+00,-8.105571796736578127e-01,2.605542327358077337e+00,5.392001474879135614e-01,7.162205278182623980e-01
1.252822788310532509e+00,-1.217502686760797148e-01,2.604224697595336480e-01,-5.221649654862978718e-01,-1.112243887967409695e+00
6.169060232447185488e-01,5.144000476635813834e-01,-2.382837512059372997e+00,1.718899460596873485e+00,6.390445567224034562e-01
-4.692337271903259666e-01,-2.560564981500295101e-01,3.947357600523321297e-01,-1.481138404658452812e+00,2.802453110820562365e+00
-2.958818797223691788e-01,8.897911162686636399e-02,-9.209362690049853750e-01,4.090311500265457312e+00,1.221756967415344342e+00
4.546614228683440451e-01,1.431243847771810074e-01,-3.084694359468760361e+00,2.744878580517442934e+00,1.856382809910030129e+00
1.480398272252518854e-01,-4.116828749806507037e-01,-1.758879735011485979e+00,3.044069582255581885e-02,1.479201327599628524e+00
2.801928292212721439e-01,8.706877427504143840e-01,9.414401831829877221e-01,-1.757272658679401856e+00,-5.595223558826385446e-01
-1.372661401847456331e+00,1.182029745728715442e+00,-4.583721981658279154e-01,-1.563683888566307800e+00,1.287221300381619971e+00
-1.803650034515658751e+00,-3.715355533033402602e-01,-4.669812655274276358e-01,-1.872679317035954583e-01,-1.712556293249171357e+00
1.527251319244754546e-01,-3.035544145868633858e-01,-5.426647328797169489e-01,1.532236586582477189e+00,2.719027363061492508e+00
1.209484476839586264e-01,7.749251394517418789e-02,-1.034536684251020633e+00,2.519222144338182812e+00,2.201790726368408446e+00
1.980783927053742399e+00,-8.105105445664569919e-01,1.567053461881195098e+00,-2.353918586145533176e+00,8.044900077877235045e-01
8.291420603753317797e-01,-5.575004691868480355e-01,-1.997020859150545391e+00,5.963570567541526257e-01,1.207270779478682332e+00
-1.078353339868675098e-01,-2.419946046944399853e+00,-2.584643549385403638e-01,2.092501379961567931e+00,2.291077759617751397e+00
-6.214543080603216474e-01,2.044824530891318659e+00,-1.431330785182707288e+00,-8.947722416919305921e-01,-1.144368324834636602e-01
-9.924217769670551359e-01,-1.450325461929061088e+00,5.941136258908956691e-01,2.566274598778384153e-01,-1.053710429987773312e+00
2.139760233019749602e+00,-2.164758275315673774e+00,-3.453568569042546610e-01,5.636357035211347899e-01,7.627672607096297464e-01
4.435919831604350216e-01,-1.861977796874317415e+00,1.542778710360984684e+00,1.064389573418261348e+00,1.030216485352276390e+00
-2.678416884342221582e+00,-1.206473348100049803e+00,1.108465120372269297e+00,-3.237725752607782947e-01,-3.843245086135133048e-01
3.125233337006262602e+00,-4.363885111624203894e-01,7.909226745150714777e-01,-8.716381672896583721e-01,1.328171172771849928e+00
4.133986554004709379e-01,-1.099689673267852497e+00,-1.270787223334517435e-01,7.592857371218073581e-01,8.047812736601667183e-02
6.291814764788994374e-02,3.197633618811204781e-01,1.453278459866119920e+00,-2.001453887569601520e+00,-2.072367719961075716e-01
1.267366497522369517e+00,1.093221874509017422e+00,-5.813725155411735290e-01,1.469215670154797149e+00,2.492377438492057173e+00
6.359699576756834283e-01,9.323330561024482099e-01,-3.342738497276855902e+00,9.447933869725058109e-01,1.109167036464548950e-01
2.174599780242573832e+00,-1.575825684845794106e+00,-2.118225902350063805e+00,2.362862853849855949e+00,2.264240466758537629e+00
-7.832248219560526969e-01,-8.946143545538400854e-01,5.809626255886174429e-01,-1.581726725512751841e+00,-7.086414445120153838e-01
-2.390198675492328784e-01,1.458006803123365724e+00,-2.450683351205700689e+00,-3.263476510487173243e-01,7.809944839456917087e-02
3.623503358569408306e+00,1.870737819582941830e+00,-2.021982699517958615e+00,1.788104204897470684e+00,3.335313126725913069e+00
1.614021075463773602e+00,-8.345373905771895640e-01,-1.842777521572003696e+00,9.167197778492663929e-01,1.702898246796573201e+00
3.434435334325955047e+00,-4.089559432664880562e-02,-1.470662493074139099e-01,1.025206515396877460e+00,4.668598209722609194e-01
-9.723155900862804346e-01,-7.502184744473999745e-01,1.349654513073304196e+00,-7.862556302498990846e-01,5.730497588787282215e-01
-5.736567571814694677e-01,5.928108861927519069e-01,-1.207444217795603958e+00,2.295955277714397447e+00,-2.810280751712446179e-02
-1.448305496142805460e+00,-1.082726116822233076e+00,3.221567560424770882e+00,1.591176377346426030e+00,6.720283376138702636e-02
1.606769502322866305e+00,-4.634861255709589734e-01,1.130917811613735835e-01,3.564318638574913711e-01,6.939016064099224890e-01
-4.457508800711256214e-01,-2.287872976046395612e-01,5.437300776480429310e-01,-1.342633025462245833e+00,3.522807103053169797e+00
-3.588942313451690125e-01,3.065161724489721129e-01,-1.867120036035735842e+00,6.584655001299097865e-01,1.450278118056048449e+00
7.268984597675711701e-01,6.563611625526017956e-01,-7.909925364216430221e-01,8.339405569955621322e-02,-5.474580507264259488e-02
2.378549884197679987e+00,-3.038386540662224578e-01,-1.001083597388488400e+00,-1.668867136670572626e-01,1.716934855212424171e+00
3.157036812157165251e+00,-5.344840784128122024e-01,-1.536483785154584503e+00,7.384026685890229258e-01,1.133659617706214595e+00
7.869587635672187220e-01,-7.481523262634338645e-01,-8.743612349597318367e-02,1.057219357075926514e+00,9.464712069887014634e-01
1.637614433404909198e+00,-1.108124824250015905e+00,-2.616494728255279512e+00,1.967995061922070965e-01,1.976267882980551782e+00
2.663963693752910977e+00,-7.603250335206050980e-01,-4.038152579285065880e-01,-1.526137336515286824e+00,9.530086926429054417e-01
-5.104652529613253886e-01,1.234451987469368933e-01,-2.997527493939907917e+00,2.586059193935665856e-01,1.400050627262817482e+00
-1.464282101331917829e+00,-5.534833095357117455e-02,1.683101905641065432e+00,-1.712720092613815970e+00,-1.529831476450099315e+00
1.404402736095756943e+00,2.225044206785000256e+00,-1.555349570773629786e+00,6.152650821866753050e-01,5.552233837906488390e-01
2.029570039574090101e-01,-1.373155013932197521e+00,-2.946333724325670644e+00,-9.099451374350313593e-01,-1.436949538981894703e+00
5.160532696559545496e-01,-1.061251232201614103e+00,8.524265628779623682e-01,-6.897655477133135538e-01,1.048613083211012542e+00
-1.624002279685611505e+00,-2.488360035212212051e-01,2.615343835651109394e+00,-2.099425105822774196e+00,-5.518850856746565503e-01
-1.389331719878907467e+00,1.364802823970790779e+00,4.390074824132405018e-01,-7.171307159834017231e-01,-1.173358254294742054e+00
-4.690979258840637378e-01,-1.239329921267043222e+00,3.423782009723325137e-01,-3.502102174931096545e-01,-7.337330751246686766e-01
-3.708365932386093355e+00,-1.651204813021746931e+00,-1.219767342588921721e+00,2.707372092283452325e+00,-5.143242523073325856e-01
1.072510929245293010e+00,1.830099867990844231e+00,-1.660781439052763986e+00,5.156623747624766718e-01,6.949701049166044919e-01
1.668167500469840636e+00,-1.136227363437871708e-02,-8.721063309930111584e-01,1.514433485804258961e+00,6.096408794739893722e-02
-3.880572423872404864e-01,1.733691953730712720e+00,-2.153046331344145248e+00,1.588522088520071929e+00,3.682246419959326333e-01
1.780907648998345749e+00,1.059498550786620169e-01,-3.224352886948558261e+00,-6.193859896414686261e-01,6.799308255758192976e-01
2.012635678368758008e+00,6.865597608622447945e-01,6.352129279657894312e-01,-1.357500339618217255e-01,-1.864140267517235827e-01
3.154399238325751309e-01,-4.960063593287948325e-01,-2.546119161490245197e+00,4.298044214774121130e+00,1.740175838053329871e+00
-3.358137508341484612e+00,2.122140581062346154e+00,-9.290278633518254114e-01,2.701100520328594268e-01,-3.104328476107331980e-01
-2.116104196133936632e-01,-5.171387128452499260e-01,4.146565048403160203e-01,-6.295656460837059099e-01,-1.671725705872864287e+00
3.485344236541436658e-01,-7.327072506370153615e-01,1.134669491494190163e+00,-3.055583436644284667e+00,2.456861214081741407e-01
-3.700240983094826297e-01,5.484993866487560821e-01,-1.338683616236266971e+00,1.678552687441788205e+00,6.969161723282870646e-01
3.461801989861191586e+00,-7.630170784116253602e-01,-2.882431672494510266e+00,2.625123800670037699e+00,1.797706244083510096e+00
-1.944101463925516082e+00,3.904143843498108501e-01,-2.628287847717651449e+00,-2.568447073377719270e-01,1.193929044328503775e+00
5.241487382086404967e-01,9.060595296662259379e-01,-9.554031929664399403e-01,-3.392614912862640386e-02,2.261370650382165337e+00
-1.658134777368030610e+00,5.891108420364882248e-01,-1.039339136737848390e+00,-6.108841135454379234e-01,3.921552761927216135e-01
1.643576920814622255e+00,-8.461292096655894657e-01,-6.371952563799664349e-01,-8.836947562049106697e-01,1.281640399076803938e+00
-8.493539223545414352e-01,8.110435268162863309e-01,2.304873580899865271e+00,-2.635583773952332010e+00,-1.126061269690457056e+00
6.697964991321416761e-01,-1.057385032068042907e+00,2.959330231140720358e+00,4.402466494939815123e-01,1.708713205996205131e-01
-5.321206593403164931e-01,-1.893741542237082354e-01,-9.574883384361099203e-01,1.081664654278833737e+00,3.806392553607610973e-01
